Copyright 1986-2022 Xilinx, Inc. All Rights Reserved. Copyright 2022-2023 Advanced Micro Devices, Inc. All Rights Reserved.
---------------------------------------------------------------------------------------------------------------------------------------------------------------------------------------------------------------------------
| Tool Version : Vivado v.2023.1 (win64) Build 3865809 Sun May  7 15:05:29 MDT 2023
| Date         : Thu Oct  1 19:06:36 2026
| Host         : MAGI-SYSTEM running 64-bit major release  (build 9200)
| Command      : report_timing_summary -max_paths 10 -report_unconstrained -file sistema_tl_timing_summary_routed.rpt -pb sistema_tl_timing_summary_routed.pb -rpx sistema_tl_timing_summary_routed.rpx -warn_on_violation
| Design       : sistema_tl
| Device       : 7a100t-csg324
| Speed File   : -1  PRODUCTION 1.23 2018-06-13
| Design State : Routed
---------------------------------------------------------------------------------------------------------------------------------------------------------------------------------------------------------------------------

Timing Summary Report

------------------------------------------------------------------------------------------------
| Timer Settings
| --------------
------------------------------------------------------------------------------------------------

  Enable Multi Corner Analysis               :  Yes
  Enable Pessimism Removal                   :  Yes
  Pessimism Removal Resolution               :  Nearest Common Node
  Enable Input Delay Default Clock           :  No
  Enable Preset / Clear Arcs                 :  No
  Disable Flight Delays                      :  No
  Ignore I/O Paths                           :  No
  Timing Early Launch at Borrowing Latches   :  No
  Borrow Time for Max Delay Exceptions       :  Yes
  Merge Timing Exceptions                    :  Yes

  Corner  Analyze    Analyze    
  Name    Max Paths  Min Paths  
  ------  ---------  ---------  
  Slow    Yes        Yes        
  Fast    Yes        Yes        


------------------------------------------------------------------------------------------------
| Report Methodology
| ------------------
------------------------------------------------------------------------------------------------

Rule       Severity  Description                    Violations  
---------  --------  -----------------------------  ----------  
TIMING-18  Warning   Missing input or output delay  34          

Note: This report is based on the most recent report_methodology run and may not be up-to-date. Run report_methodology on the current design for the latest report.



check_timing report

Table of Contents
-----------------
1. checking no_clock (0)
2. checking constant_clock (0)
3. checking pulse_width_clock (0)
4. checking unconstrained_internal_endpoints (0)
5. checking no_input_delay (3)
6. checking no_output_delay (13)
7. checking multiple_clock (0)
8. checking generated_clocks (0)
9. checking loops (0)
10. checking partial_input_delay (0)
11. checking partial_output_delay (0)
12. checking latch_loops (0)

1. checking no_clock (0)
------------------------
 There are 0 register/latch pins with no clock.


2. checking constant_clock (0)
------------------------------
 There are 0 register/latch pins with constant_clock.


3. checking pulse_width_clock (0)
---------------------------------
 There are 0 register/latch pins which need pulse_width check


4. checking unconstrained_internal_endpoints (0)
------------------------------------------------
 There are 0 pins that are not constrained for maximum delay.

 There are 0 pins that are not constrained for maximum delay due to constant clock.


5. checking no_input_delay (3)
------------------------------
 There are 3 input ports with no input delay specified. (HIGH)

 There are 0 input ports with no input delay but user has a false path constraint.


6. checking no_output_delay (13)
--------------------------------
 There are 13 ports with no output delay specified. (HIGH)

 There are 0 ports with no output delay but user has a false path constraint

 There are 0 ports with no output delay but with a timing clock defined on it or propagating through it


7. checking multiple_clock (0)
------------------------------
 There are 0 register/latch pins with multiple clocks.


8. checking generated_clocks (0)
--------------------------------
 There are 0 generated clocks that are not connected to a clock source.


9. checking loops (0)
---------------------
 There are 0 combinational loops in the design.


10. checking partial_input_delay (0)
------------------------------------
 There are 0 input ports with partial input delay specified.


11. checking partial_output_delay (0)
-------------------------------------
 There are 0 ports with partial output delay specified.


12. checking latch_loops (0)
----------------------------
 There are 0 combinational latch loops in the design through latch input



------------------------------------------------------------------------------------------------
| Design Timing Summary
| ---------------------
------------------------------------------------------------------------------------------------

    WNS(ns)      TNS(ns)  TNS Failing Endpoints  TNS Total Endpoints      WHS(ns)      THS(ns)  THS Failing Endpoints  THS Total Endpoints     WPWS(ns)     TPWS(ns)  TPWS Failing Endpoints  TPWS Total Endpoints  
    -------      -------  ---------------------  -------------------      -------      -------  ---------------------  -------------------     --------     --------  ----------------------  --------------------  
      5.584        0.000                      0                  113        0.220        0.000                      0                  113        3.750        0.000                       0                    46  


All user specified timing constraints are met.


------------------------------------------------------------------------------------------------
| Clock Summary
| -------------
------------------------------------------------------------------------------------------------

Clock        Waveform(ns)       Period(ns)      Frequency(MHz)
-----        ------------       ----------      --------------
sys_clk_pin  {0.000 5.000}      10.000          100.000         


------------------------------------------------------------------------------------------------
| Intra Clock Table
| -----------------
------------------------------------------------------------------------------------------------

Clock             WNS(ns)      TNS(ns)  TNS Failing Endpoints  TNS Total Endpoints      WHS(ns)      THS(ns)  THS Failing Endpoints  THS Total Endpoints     WPWS(ns)     TPWS(ns)  TPWS Failing Endpoints  TPWS Total Endpoints  
-----             -------      -------  ---------------------  -------------------      -------      -------  ---------------------  -------------------     --------     --------  ----------------------  --------------------  
sys_clk_pin         5.584        0.000                      0                  113        0.220        0.000                      0                  113        3.750        0.000                       0                    46  


------------------------------------------------------------------------------------------------
| Inter Clock Table
| -----------------
------------------------------------------------------------------------------------------------

From Clock    To Clock          WNS(ns)      TNS(ns)  TNS Failing Endpoints  TNS Total Endpoints      WHS(ns)      THS(ns)  THS Failing Endpoints  THS Total Endpoints  
----------    --------          -------      -------  ---------------------  -------------------      -------      -------  ---------------------  -------------------  


------------------------------------------------------------------------------------------------
| Other Path Groups Table
| -----------------------
------------------------------------------------------------------------------------------------

Path Group    From Clock    To Clock          WNS(ns)      TNS(ns)  TNS Failing Endpoints  TNS Total Endpoints      WHS(ns)      THS(ns)  THS Failing Endpoints  THS Total Endpoints  
----------    ----------    --------          -------      -------  ---------------------  -------------------      -------      -------  ---------------------  -------------------  


------------------------------------------------------------------------------------------------
| User Ignored Path Table
| -----------------------
------------------------------------------------------------------------------------------------

Path Group    From Clock    To Clock    
----------    ----------    --------    


------------------------------------------------------------------------------------------------
| Unconstrained Path Table
| ------------------------
------------------------------------------------------------------------------------------------

Path Group    From Clock    To Clock    
----------    ----------    --------    
(none)                                    
(none)        sys_clk_pin                 
(none)                      sys_clk_pin   


------------------------------------------------------------------------------------------------
| Timing Details
| --------------
------------------------------------------------------------------------------------------------


---------------------------------------------------------------------------------------------------
From Clock:  sys_clk_pin
  To Clock:  sys_clk_pin

Setup :            0  Failing Endpoints,  Worst Slack        5.584ns,  Total Violation        0.000ns
Hold  :            0  Failing Endpoints,  Worst Slack        0.220ns,  Total Violation        0.000ns
PW    :            0  Failing Endpoints,  Worst Slack        3.750ns,  Total Violation        0.000ns
---------------------------------------------------------------------------------------------------


Max Delay Paths
--------------------------------------------------------------------------------------
Slack (MET) :             5.584ns  (required time - arrival time)
  Source:                 sys/u_rom/data_reg[6]/C
                            (rising edge-triggered cell FDRE clocked by sys_clk_pin  {rise@0.000ns fall@5.000ns period=10.000ns})
  Destination:            sys/u_mem/ram_reg_0_15_0_3/RAMB_D1/I
                            (rising edge-triggered cell RAMD32 clocked by sys_clk_pin  {rise@0.000ns fall@5.000ns period=10.000ns})
  Path Group:             sys_clk_pin
  Path Type:              Setup (Max at Slow Process Corner)
  Requirement:            10.000ns  (sys_clk_pin rise@10.000ns - sys_clk_pin rise@0.000ns)
  Data Path Delay:        3.914ns  (logic 1.155ns (29.511%)  route 2.759ns (70.489%))
  Logic Levels:           3  (LUT2=1 LUT4=1 LUT6=1)
  Clock Path Skew:        -0.032ns (DCD - SCD + CPR)
    Destination Clock Delay (DCD):    5.016ns = ( 15.016 - 10.000 ) 
    Source Clock Delay      (SCD):    5.323ns
    Clock Pessimism Removal (CPR):    0.275ns
  Clock Uncertainty:      0.035ns  ((TSJ^2 + TIJ^2)^1/2 + DJ) / 2 + PE
    Total System Jitter     (TSJ):    0.071ns
    Total Input Jitter      (TIJ):    0.000ns
    Discrete Jitter          (DJ):    0.000ns
    Phase Error              (PE):    0.000ns

    Location             Delay type                Incr(ns)  Path(ns)    Netlist Resource(s)
  -------------------------------------------------------------------    -------------------
                         (clock sys_clk_pin rise edge)
                                                      0.000     0.000 r  
    E3                                                0.000     0.000 r  CLK100MHZ (IN)
                         net (fo=0)                   0.000     0.000    CLK100MHZ
    E3                   IBUF (Prop_ibuf_I_O)         1.482     1.482 r  CLK100MHZ_IBUF_inst/O
                         net (fo=1, routed)           2.025     3.506    CLK100MHZ_IBUF
    BUFGCTRL_X0Y16       BUFG (Prop_bufg_I_O)         0.096     3.602 r  CLK100MHZ_IBUF_BUFG_inst/O
                         net (fo=45, routed)          1.720     5.323    sys/u_rom/CLK
    SLICE_X2Y63          FDRE                                         r  sys/u_rom/data_reg[6]/C
  -------------------------------------------------------------------    -------------------
    SLICE_X2Y63          FDRE (Prop_fdre_C_Q)         0.518     5.841 r  sys/u_rom/data_reg[6]/Q
                         net (fo=3, routed)           0.871     6.712    sys/u_rom/p_0_in
    SLICE_X2Y63          LUT4 (Prop_lut4_I2_O)        0.153     6.865 r  sys/u_rom/LED_OBUF[9]_inst_i_2/O
                         net (fo=2, routed)           0.438     7.302    sys/u_rom/LED_OBUF[9]_inst_i_2_n_0
    SLICE_X1Y64          LUT6 (Prop_lut6_I0_O)        0.331     7.633 r  sys/u_rom/LED_OBUF[11]_inst_i_3/O
                         net (fo=2, routed)           0.739     8.372    sys/u_rom/LED_OBUF[11]_inst_i_3_n_0
    SLICE_X2Y64          LUT2 (Prop_lut2_I1_O)        0.153     8.525 r  sys/u_rom/LED_OBUF[11]_inst_i_1/O
                         net (fo=2, routed)           0.712     9.236    sys/u_mem/ram_reg_0_15_0_3/DIB1
    SLICE_X2Y71          RAMD32                                       r  sys/u_mem/ram_reg_0_15_0_3/RAMB_D1/I
  -------------------------------------------------------------------    -------------------

                         (clock sys_clk_pin rise edge)
                                                     10.000    10.000 r  
    E3                                                0.000    10.000 r  CLK100MHZ (IN)
                         net (fo=0)                   0.000    10.000    CLK100MHZ
    E3                   IBUF (Prop_ibuf_I_O)         1.411    11.411 r  CLK100MHZ_IBUF_inst/O
                         net (fo=1, routed)           1.920    13.331    CLK100MHZ_IBUF
    BUFGCTRL_X0Y16       BUFG (Prop_bufg_I_O)         0.091    13.422 r  CLK100MHZ_IBUF_BUFG_inst/O
                         net (fo=45, routed)          1.593    15.016    sys/u_mem/ram_reg_0_15_0_3/WCLK
    SLICE_X2Y71          RAMD32                                       r  sys/u_mem/ram_reg_0_15_0_3/RAMB_D1/CLK
                         clock pessimism              0.275    15.291    
                         clock uncertainty           -0.035    15.255    
    SLICE_X2Y71          RAMD32 (Setup_ramd32_CLK_I)
                                                     -0.435    14.820    sys/u_mem/ram_reg_0_15_0_3/RAMB_D1
  -------------------------------------------------------------------
                         required time                         14.820    
                         arrival time                          -9.236    
  -------------------------------------------------------------------
                         slack                                  5.584    

Slack (MET) :             6.030ns  (required time - arrival time)
  Source:                 sys/u_rom/data_reg[6]/C
                            (rising edge-triggered cell FDRE clocked by sys_clk_pin  {rise@0.000ns fall@5.000ns period=10.000ns})
  Destination:            sys/u_mem/ram_reg_0_15_0_3/RAMB/I
                            (rising edge-triggered cell RAMD32 clocked by sys_clk_pin  {rise@0.000ns fall@5.000ns period=10.000ns})
  Path Group:             sys_clk_pin
  Path Type:              Setup (Max at Slow Process Corner)
  Requirement:            10.000ns  (sys_clk_pin rise@10.000ns - sys_clk_pin rise@0.000ns)
  Data Path Delay:        3.717ns  (logic 1.126ns (30.290%)  route 2.591ns (69.710%))
  Logic Levels:           3  (LUT2=1 LUT4=1 LUT6=1)
  Clock Path Skew:        -0.032ns (DCD - SCD + CPR)
    Destination Clock Delay (DCD):    5.016ns = ( 15.016 - 10.000 ) 
    Source Clock Delay      (SCD):    5.323ns
    Clock Pessimism Removal (CPR):    0.275ns
  Clock Uncertainty:      0.035ns  ((TSJ^2 + TIJ^2)^1/2 + DJ) / 2 + PE
    Total System Jitter     (TSJ):    0.071ns
    Total Input Jitter      (TIJ):    0.000ns
    Discrete Jitter          (DJ):    0.000ns
    Phase Error              (PE):    0.000ns

    Location             Delay type                Incr(ns)  Path(ns)    Netlist Resource(s)
  -------------------------------------------------------------------    -------------------
                         (clock sys_clk_pin rise edge)
                                                      0.000     0.000 r  
    E3                                                0.000     0.000 r  CLK100MHZ (IN)
                         net (fo=0)                   0.000     0.000    CLK100MHZ
    E3                   IBUF (Prop_ibuf_I_O)         1.482     1.482 r  CLK100MHZ_IBUF_inst/O
                         net (fo=1, routed)           2.025     3.506    CLK100MHZ_IBUF
    BUFGCTRL_X0Y16       BUFG (Prop_bufg_I_O)         0.096     3.602 r  CLK100MHZ_IBUF_BUFG_inst/O
                         net (fo=45, routed)          1.720     5.323    sys/u_rom/CLK
    SLICE_X2Y63          FDRE                                         r  sys/u_rom/data_reg[6]/C
  -------------------------------------------------------------------    -------------------
    SLICE_X2Y63          FDRE (Prop_fdre_C_Q)         0.518     5.841 r  sys/u_rom/data_reg[6]/Q
                         net (fo=3, routed)           0.871     6.712    sys/u_rom/p_0_in
    SLICE_X2Y63          LUT4 (Prop_lut4_I2_O)        0.153     6.865 r  sys/u_rom/LED_OBUF[9]_inst_i_2/O
                         net (fo=2, routed)           0.438     7.302    sys/u_rom/LED_OBUF[9]_inst_i_2_n_0
    SLICE_X1Y64          LUT6 (Prop_lut6_I0_O)        0.331     7.633 r  sys/u_rom/LED_OBUF[11]_inst_i_3/O
                         net (fo=2, routed)           0.739     8.372    sys/u_rom/LED_OBUF[11]_inst_i_3_n_0
    SLICE_X2Y64          LUT2 (Prop_lut2_I0_O)        0.124     8.496 r  sys/u_rom/LED_OBUF[10]_inst_i_1/O
                         net (fo=2, routed)           0.545     9.040    sys/u_mem/ram_reg_0_15_0_3/DIB0
    SLICE_X2Y71          RAMD32                                       r  sys/u_mem/ram_reg_0_15_0_3/RAMB/I
  -------------------------------------------------------------------    -------------------

                         (clock sys_clk_pin rise edge)
                                                     10.000    10.000 r  
    E3                                                0.000    10.000 r  CLK100MHZ (IN)
                         net (fo=0)                   0.000    10.000    CLK100MHZ
    E3                   IBUF (Prop_ibuf_I_O)         1.411    11.411 r  CLK100MHZ_IBUF_inst/O
                         net (fo=1, routed)           1.920    13.331    CLK100MHZ_IBUF
    BUFGCTRL_X0Y16       BUFG (Prop_bufg_I_O)         0.091    13.422 r  CLK100MHZ_IBUF_BUFG_inst/O
                         net (fo=45, routed)          1.593    15.016    sys/u_mem/ram_reg_0_15_0_3/WCLK
    SLICE_X2Y71          RAMD32                                       r  sys/u_mem/ram_reg_0_15_0_3/RAMB/CLK
                         clock pessimism              0.275    15.291    
                         clock uncertainty           -0.035    15.255    
    SLICE_X2Y71          RAMD32 (Setup_ramd32_CLK_I)
                                                     -0.185    15.070    sys/u_mem/ram_reg_0_15_0_3/RAMB
  -------------------------------------------------------------------
                         required time                         15.070    
                         arrival time                          -9.040    
  -------------------------------------------------------------------
                         slack                                  6.030    

Slack (MET) :             6.604ns  (required time - arrival time)
  Source:                 deb/FSM_onehot_current_state_reg[2]/C
                            (rising edge-triggered cell FDRE clocked by sys_clk_pin  {rise@0.000ns fall@5.000ns period=10.000ns})
  Destination:            deb/count_reg[0]/R
                            (rising edge-triggered cell FDRE clocked by sys_clk_pin  {rise@0.000ns fall@5.000ns period=10.000ns})
  Path Group:             sys_clk_pin
  Path Type:              Setup (Max at Slow Process Corner)
  Requirement:            10.000ns  (sys_clk_pin rise@10.000ns - sys_clk_pin rise@0.000ns)
  Data Path Delay:        2.702ns  (logic 0.746ns (27.612%)  route 1.956ns (72.388%))
  Logic Levels:           1  (LUT3=1)
  Clock Path Skew:        -0.022ns (DCD - SCD + CPR)
    Destination Clock Delay (DCD):    5.026ns = ( 15.026 - 10.000 ) 
    Source Clock Delay      (SCD):    5.323ns
    Clock Pessimism Removal (CPR):    0.275ns
  Clock Uncertainty:      0.035ns  ((TSJ^2 + TIJ^2)^1/2 + DJ) / 2 + PE
    Total System Jitter     (TSJ):    0.071ns
    Total Input Jitter      (TIJ):    0.000ns
    Discrete Jitter          (DJ):    0.000ns
    Phase Error              (PE):    0.000ns

    Location             Delay type                Incr(ns)  Path(ns)    Netlist Resource(s)
  -------------------------------------------------------------------    -------------------
                         (clock sys_clk_pin rise edge)
                                                      0.000     0.000 r  
    E3                                                0.000     0.000 r  CLK100MHZ (IN)
                         net (fo=0)                   0.000     0.000    CLK100MHZ
    E3                   IBUF (Prop_ibuf_I_O)         1.482     1.482 r  CLK100MHZ_IBUF_inst/O
                         net (fo=1, routed)           2.025     3.506    CLK100MHZ_IBUF
    BUFGCTRL_X0Y16       BUFG (Prop_bufg_I_O)         0.096     3.602 r  CLK100MHZ_IBUF_BUFG_inst/O
                         net (fo=45, routed)          1.720     5.323    deb/CLK
    SLICE_X1Y63          FDRE                                         r  deb/FSM_onehot_current_state_reg[2]/C
  -------------------------------------------------------------------    -------------------
    SLICE_X1Y63          FDRE (Prop_fdre_C_Q)         0.419     5.742 f  deb/FSM_onehot_current_state_reg[2]/Q
                         net (fo=4, routed)           1.004     6.746    deb/FSM_onehot_current_state_reg_n_0_[2]
    SLICE_X1Y64          LUT3 (Prop_lut3_I0_O)        0.327     7.073 r  deb/count[0]_i_1/O
                         net (fo=20, routed)          0.952     8.024    deb/count[0]_i_1_n_0
    SLICE_X3Y60          FDRE                                         r  deb/count_reg[0]/R
  -------------------------------------------------------------------    -------------------

                         (clock sys_clk_pin rise edge)
                                                     10.000    10.000 r  
    E3                                                0.000    10.000 r  CLK100MHZ (IN)
                         net (fo=0)                   0.000    10.000    CLK100MHZ
    E3                   IBUF (Prop_ibuf_I_O)         1.411    11.411 r  CLK100MHZ_IBUF_inst/O
                         net (fo=1, routed)           1.920    13.331    CLK100MHZ_IBUF
    BUFGCTRL_X0Y16       BUFG (Prop_bufg_I_O)         0.091    13.422 r  CLK100MHZ_IBUF_BUFG_inst/O
                         net (fo=45, routed)          1.603    15.026    deb/CLK
    SLICE_X3Y60          FDRE                                         r  deb/count_reg[0]/C
                         clock pessimism              0.275    15.301    
                         clock uncertainty           -0.035    15.265    
    SLICE_X3Y60          FDRE (Setup_fdre_C_R)       -0.637    14.628    deb/count_reg[0]
  -------------------------------------------------------------------
                         required time                         14.628    
                         arrival time                          -8.024    
  -------------------------------------------------------------------
                         slack                                  6.604    

Slack (MET) :             6.604ns  (required time - arrival time)
  Source:                 deb/FSM_onehot_current_state_reg[2]/C
                            (rising edge-triggered cell FDRE clocked by sys_clk_pin  {rise@0.000ns fall@5.000ns period=10.000ns})
  Destination:            deb/count_reg[1]/R
                            (rising edge-triggered cell FDRE clocked by sys_clk_pin  {rise@0.000ns fall@5.000ns period=10.000ns})
  Path Group:             sys_clk_pin
  Path Type:              Setup (Max at Slow Process Corner)
  Requirement:            10.000ns  (sys_clk_pin rise@10.000ns - sys_clk_pin rise@0.000ns)
  Data Path Delay:        2.702ns  (logic 0.746ns (27.612%)  route 1.956ns (72.388%))
  Logic Levels:           1  (LUT3=1)
  Clock Path Skew:        -0.022ns (DCD - SCD + CPR)
    Destination Clock Delay (DCD):    5.026ns = ( 15.026 - 10.000 ) 
    Source Clock Delay      (SCD):    5.323ns
    Clock Pessimism Removal (CPR):    0.275ns
  Clock Uncertainty:      0.035ns  ((TSJ^2 + TIJ^2)^1/2 + DJ) / 2 + PE
    Total System Jitter     (TSJ):    0.071ns
    Total Input Jitter      (TIJ):    0.000ns
    Discrete Jitter          (DJ):    0.000ns
    Phase Error              (PE):    0.000ns

    Location             Delay type                Incr(ns)  Path(ns)    Netlist Resource(s)
  -------------------------------------------------------------------    -------------------
                         (clock sys_clk_pin rise edge)
                                                      0.000     0.000 r  
    E3                                                0.000     0.000 r  CLK100MHZ (IN)
                         net (fo=0)                   0.000     0.000    CLK100MHZ
    E3                   IBUF (Prop_ibuf_I_O)         1.482     1.482 r  CLK100MHZ_IBUF_inst/O
                         net (fo=1, routed)           2.025     3.506    CLK100MHZ_IBUF
    BUFGCTRL_X0Y16       BUFG (Prop_bufg_I_O)         0.096     3.602 r  CLK100MHZ_IBUF_BUFG_inst/O
                         net (fo=45, routed)          1.720     5.323    deb/CLK
    SLICE_X1Y63          FDRE                                         r  deb/FSM_onehot_current_state_reg[2]/C
  -------------------------------------------------------------------    -------------------
    SLICE_X1Y63          FDRE (Prop_fdre_C_Q)         0.419     5.742 f  deb/FSM_onehot_current_state_reg[2]/Q
                         net (fo=4, routed)           1.004     6.746    deb/FSM_onehot_current_state_reg_n_0_[2]
    SLICE_X1Y64          LUT3 (Prop_lut3_I0_O)        0.327     7.073 r  deb/count[0]_i_1/O
                         net (fo=20, routed)          0.952     8.024    deb/count[0]_i_1_n_0
    SLICE_X3Y60          FDRE                                         r  deb/count_reg[1]/R
  -------------------------------------------------------------------    -------------------

                         (clock sys_clk_pin rise edge)
                                                     10.000    10.000 r  
    E3                                                0.000    10.000 r  CLK100MHZ (IN)
                         net (fo=0)                   0.000    10.000    CLK100MHZ
    E3                   IBUF (Prop_ibuf_I_O)         1.411    11.411 r  CLK100MHZ_IBUF_inst/O
                         net (fo=1, routed)           1.920    13.331    CLK100MHZ_IBUF
    BUFGCTRL_X0Y16       BUFG (Prop_bufg_I_O)         0.091    13.422 r  CLK100MHZ_IBUF_BUFG_inst/O
                         net (fo=45, routed)          1.603    15.026    deb/CLK
    SLICE_X3Y60          FDRE                                         r  deb/count_reg[1]/C
                         clock pessimism              0.275    15.301    
                         clock uncertainty           -0.035    15.265    
    SLICE_X3Y60          FDRE (Setup_fdre_C_R)       -0.637    14.628    deb/count_reg[1]
  -------------------------------------------------------------------
                         required time                         14.628    
                         arrival time                          -8.024    
  -------------------------------------------------------------------
                         slack                                  6.604    

Slack (MET) :             6.604ns  (required time - arrival time)
  Source:                 deb/FSM_onehot_current_state_reg[2]/C
                            (rising edge-triggered cell FDRE clocked by sys_clk_pin  {rise@0.000ns fall@5.000ns period=10.000ns})
  Destination:            deb/count_reg[2]/R
                            (rising edge-triggered cell FDRE clocked by sys_clk_pin  {rise@0.000ns fall@5.000ns period=10.000ns})
  Path Group:             sys_clk_pin
  Path Type:              Setup (Max at Slow Process Corner)
  Requirement:            10.000ns  (sys_clk_pin rise@10.000ns - sys_clk_pin rise@0.000ns)
  Data Path Delay:        2.702ns  (logic 0.746ns (27.612%)  route 1.956ns (72.388%))
  Logic Levels:           1  (LUT3=1)
  Clock Path Skew:        -0.022ns (DCD - SCD + CPR)
    Destination Clock Delay (DCD):    5.026ns = ( 15.026 - 10.000 ) 
    Source Clock Delay      (SCD):    5.323ns
    Clock Pessimism Removal (CPR):    0.275ns
  Clock Uncertainty:      0.035ns  ((TSJ^2 + TIJ^2)^1/2 + DJ) / 2 + PE
    Total System Jitter     (TSJ):    0.071ns
    Total Input Jitter      (TIJ):    0.000ns
    Discrete Jitter          (DJ):    0.000ns
    Phase Error              (PE):    0.000ns

    Location             Delay type                Incr(ns)  Path(ns)    Netlist Resource(s)
  -------------------------------------------------------------------    -------------------
                         (clock sys_clk_pin rise edge)
                                                      0.000     0.000 r  
    E3                                                0.000     0.000 r  CLK100MHZ (IN)
                         net (fo=0)                   0.000     0.000    CLK100MHZ
    E3                   IBUF (Prop_ibuf_I_O)         1.482     1.482 r  CLK100MHZ_IBUF_inst/O
                         net (fo=1, routed)           2.025     3.506    CLK100MHZ_IBUF
    BUFGCTRL_X0Y16       BUFG (Prop_bufg_I_O)         0.096     3.602 r  CLK100MHZ_IBUF_BUFG_inst/O
                         net (fo=45, routed)          1.720     5.323    deb/CLK
    SLICE_X1Y63          FDRE                                         r  deb/FSM_onehot_current_state_reg[2]/C
  -------------------------------------------------------------------    -------------------
    SLICE_X1Y63          FDRE (Prop_fdre_C_Q)         0.419     5.742 f  deb/FSM_onehot_current_state_reg[2]/Q
                         net (fo=4, routed)           1.004     6.746    deb/FSM_onehot_current_state_reg_n_0_[2]
    SLICE_X1Y64          LUT3 (Prop_lut3_I0_O)        0.327     7.073 r  deb/count[0]_i_1/O
                         net (fo=20, routed)          0.952     8.024    deb/count[0]_i_1_n_0
    SLICE_X3Y60          FDRE                                         r  deb/count_reg[2]/R
  -------------------------------------------------------------------    -------------------

                         (clock sys_clk_pin rise edge)
                                                     10.000    10.000 r  
    E3                                                0.000    10.000 r  CLK100MHZ (IN)
                         net (fo=0)                   0.000    10.000    CLK100MHZ
    E3                   IBUF (Prop_ibuf_I_O)         1.411    11.411 r  CLK100MHZ_IBUF_inst/O
                         net (fo=1, routed)           1.920    13.331    CLK100MHZ_IBUF
    BUFGCTRL_X0Y16       BUFG (Prop_bufg_I_O)         0.091    13.422 r  CLK100MHZ_IBUF_BUFG_inst/O
                         net (fo=45, routed)          1.603    15.026    deb/CLK
    SLICE_X3Y60          FDRE                                         r  deb/count_reg[2]/C
                         clock pessimism              0.275    15.301    
                         clock uncertainty           -0.035    15.265    
    SLICE_X3Y60          FDRE (Setup_fdre_C_R)       -0.637    14.628    deb/count_reg[2]
  -------------------------------------------------------------------
                         required time                         14.628    
                         arrival time                          -8.024    
  -------------------------------------------------------------------
                         slack                                  6.604    

Slack (MET) :             6.604ns  (required time - arrival time)
  Source:                 deb/FSM_onehot_current_state_reg[2]/C
                            (rising edge-triggered cell FDRE clocked by sys_clk_pin  {rise@0.000ns fall@5.000ns period=10.000ns})
  Destination:            deb/count_reg[3]/R
                            (rising edge-triggered cell FDRE clocked by sys_clk_pin  {rise@0.000ns fall@5.000ns period=10.000ns})
  Path Group:             sys_clk_pin
  Path Type:              Setup (Max at Slow Process Corner)
  Requirement:            10.000ns  (sys_clk_pin rise@10.000ns - sys_clk_pin rise@0.000ns)
  Data Path Delay:        2.702ns  (logic 0.746ns (27.612%)  route 1.956ns (72.388%))
  Logic Levels:           1  (LUT3=1)
  Clock Path Skew:        -0.022ns (DCD - SCD + CPR)
    Destination Clock Delay (DCD):    5.026ns = ( 15.026 - 10.000 ) 
    Source Clock Delay      (SCD):    5.323ns
    Clock Pessimism Removal (CPR):    0.275ns
  Clock Uncertainty:      0.035ns  ((TSJ^2 + TIJ^2)^1/2 + DJ) / 2 + PE
    Total System Jitter     (TSJ):    0.071ns
    Total Input Jitter      (TIJ):    0.000ns
    Discrete Jitter          (DJ):    0.000ns
    Phase Error              (PE):    0.000ns

    Location             Delay type                Incr(ns)  Path(ns)    Netlist Resource(s)
  -------------------------------------------------------------------    -------------------
                         (clock sys_clk_pin rise edge)
                                                      0.000     0.000 r  
    E3                                                0.000     0.000 r  CLK100MHZ (IN)
                         net (fo=0)                   0.000     0.000    CLK100MHZ
    E3                   IBUF (Prop_ibuf_I_O)         1.482     1.482 r  CLK100MHZ_IBUF_inst/O
                         net (fo=1, routed)           2.025     3.506    CLK100MHZ_IBUF
    BUFGCTRL_X0Y16       BUFG (Prop_bufg_I_O)         0.096     3.602 r  CLK100MHZ_IBUF_BUFG_inst/O
                         net (fo=45, routed)          1.720     5.323    deb/CLK
    SLICE_X1Y63          FDRE                                         r  deb/FSM_onehot_current_state_reg[2]/C
  -------------------------------------------------------------------    -------------------
    SLICE_X1Y63          FDRE (Prop_fdre_C_Q)         0.419     5.742 f  deb/FSM_onehot_current_state_reg[2]/Q
                         net (fo=4, routed)           1.004     6.746    deb/FSM_onehot_current_state_reg_n_0_[2]
    SLICE_X1Y64          LUT3 (Prop_lut3_I0_O)        0.327     7.073 r  deb/count[0]_i_1/O
                         net (fo=20, routed)          0.952     8.024    deb/count[0]_i_1_n_0
    SLICE_X3Y60          FDRE                                         r  deb/count_reg[3]/R
  -------------------------------------------------------------------    -------------------

                         (clock sys_clk_pin rise edge)
                                                     10.000    10.000 r  
    E3                                                0.000    10.000 r  CLK100MHZ (IN)
                         net (fo=0)                   0.000    10.000    CLK100MHZ
    E3                   IBUF (Prop_ibuf_I_O)         1.411    11.411 r  CLK100MHZ_IBUF_inst/O
                         net (fo=1, routed)           1.920    13.331    CLK100MHZ_IBUF
    BUFGCTRL_X0Y16       BUFG (Prop_bufg_I_O)         0.091    13.422 r  CLK100MHZ_IBUF_BUFG_inst/O
                         net (fo=45, routed)          1.603    15.026    deb/CLK
    SLICE_X3Y60          FDRE                                         r  deb/count_reg[3]/C
                         clock pessimism              0.275    15.301    
                         clock uncertainty           -0.035    15.265    
    SLICE_X3Y60          FDRE (Setup_fdre_C_R)       -0.637    14.628    deb/count_reg[3]
  -------------------------------------------------------------------
                         required time                         14.628    
                         arrival time                          -8.024    
  -------------------------------------------------------------------
                         slack                                  6.604    

Slack (MET) :             6.680ns  (required time - arrival time)
  Source:                 sys/u_rom/data_reg[6]/C
                            (rising edge-triggered cell FDRE clocked by sys_clk_pin  {rise@0.000ns fall@5.000ns period=10.000ns})
  Destination:            sys/u_mem/ram_reg_0_15_0_3/RAMA_D1/I
                            (rising edge-triggered cell RAMD32 clocked by sys_clk_pin  {rise@0.000ns fall@5.000ns period=10.000ns})
  Path Group:             sys_clk_pin
  Path Type:              Setup (Max at Slow Process Corner)
  Requirement:            10.000ns  (sys_clk_pin rise@10.000ns - sys_clk_pin rise@0.000ns)
  Data Path Delay:        2.994ns  (logic 1.002ns (33.464%)  route 1.992ns (66.536%))
  Logic Levels:           2  (LUT4=1 LUT6=1)
  Clock Path Skew:        -0.032ns (DCD - SCD + CPR)
    Destination Clock Delay (DCD):    5.016ns = ( 15.016 - 10.000 ) 
    Source Clock Delay      (SCD):    5.323ns
    Clock Pessimism Removal (CPR):    0.275ns
  Clock Uncertainty:      0.035ns  ((TSJ^2 + TIJ^2)^1/2 + DJ) / 2 + PE
    Total System Jitter     (TSJ):    0.071ns
    Total Input Jitter      (TIJ):    0.000ns
    Discrete Jitter          (DJ):    0.000ns
    Phase Error              (PE):    0.000ns

    Location             Delay type                Incr(ns)  Path(ns)    Netlist Resource(s)
  -------------------------------------------------------------------    -------------------
                         (clock sys_clk_pin rise edge)
                                                      0.000     0.000 r  
    E3                                                0.000     0.000 r  CLK100MHZ (IN)
                         net (fo=0)                   0.000     0.000    CLK100MHZ
    E3                   IBUF (Prop_ibuf_I_O)         1.482     1.482 r  CLK100MHZ_IBUF_inst/O
                         net (fo=1, routed)           2.025     3.506    CLK100MHZ_IBUF
    BUFGCTRL_X0Y16       BUFG (Prop_bufg_I_O)         0.096     3.602 r  CLK100MHZ_IBUF_BUFG_inst/O
                         net (fo=45, routed)          1.720     5.323    sys/u_rom/CLK
    SLICE_X2Y63          FDRE                                         r  sys/u_rom/data_reg[6]/C
  -------------------------------------------------------------------    -------------------
    SLICE_X2Y63          FDRE (Prop_fdre_C_Q)         0.518     5.841 r  sys/u_rom/data_reg[6]/Q
                         net (fo=3, routed)           0.871     6.712    sys/u_rom/p_0_in
    SLICE_X2Y63          LUT4 (Prop_lut4_I2_O)        0.153     6.865 r  sys/u_rom/LED_OBUF[9]_inst_i_2/O
                         net (fo=2, routed)           0.443     7.307    sys/u_rom/LED_OBUF[9]_inst_i_2_n_0
    SLICE_X1Y64          LUT6 (Prop_lut6_I4_O)        0.331     7.638 r  sys/u_rom/LED_OBUF[9]_inst_i_1/O
                         net (fo=2, routed)           0.679     8.317    sys/u_mem/ram_reg_0_15_0_3/DIA1
    SLICE_X2Y71          RAMD32                                       r  sys/u_mem/ram_reg_0_15_0_3/RAMA_D1/I
  -------------------------------------------------------------------    -------------------

                         (clock sys_clk_pin rise edge)
                                                     10.000    10.000 r  
    E3                                                0.000    10.000 r  CLK100MHZ (IN)
                         net (fo=0)                   0.000    10.000    CLK100MHZ
    E3                   IBUF (Prop_ibuf_I_O)         1.411    11.411 r  CLK100MHZ_IBUF_inst/O
                         net (fo=1, routed)           1.920    13.331    CLK100MHZ_IBUF
    BUFGCTRL_X0Y16       BUFG (Prop_bufg_I_O)         0.091    13.422 r  CLK100MHZ_IBUF_BUFG_inst/O
                         net (fo=45, routed)          1.593    15.016    sys/u_mem/ram_reg_0_15_0_3/WCLK
    SLICE_X2Y71          RAMD32                                       r  sys/u_mem/ram_reg_0_15_0_3/RAMA_D1/CLK
                         clock pessimism              0.275    15.291    
                         clock uncertainty           -0.035    15.255    
    SLICE_X2Y71          RAMD32 (Setup_ramd32_CLK_I)
                                                     -0.258    14.997    sys/u_mem/ram_reg_0_15_0_3/RAMA_D1
  -------------------------------------------------------------------
                         required time                         14.997    
                         arrival time                          -8.317    
  -------------------------------------------------------------------
                         slack                                  6.680    

Slack (MET) :             6.700ns  (required time - arrival time)
  Source:                 sys/u_rom/data_reg[6]/C
                            (rising edge-triggered cell FDRE clocked by sys_clk_pin  {rise@0.000ns fall@5.000ns period=10.000ns})
  Destination:            sys/u_mem/ram_reg_0_15_0_3/RAMA/I
                            (rising edge-triggered cell RAMD32 clocked by sys_clk_pin  {rise@0.000ns fall@5.000ns period=10.000ns})
  Path Group:             sys_clk_pin
  Path Type:              Setup (Max at Slow Process Corner)
  Requirement:            10.000ns  (sys_clk_pin rise@10.000ns - sys_clk_pin rise@0.000ns)
  Data Path Delay:        3.072ns  (logic 0.766ns (24.935%)  route 2.306ns (75.065%))
  Logic Levels:           2  (LUT4=1 LUT5=1)
  Clock Path Skew:        -0.032ns (DCD - SCD + CPR)
    Destination Clock Delay (DCD):    5.016ns = ( 15.016 - 10.000 ) 
    Source Clock Delay      (SCD):    5.323ns
    Clock Pessimism Removal (CPR):    0.275ns
  Clock Uncertainty:      0.035ns  ((TSJ^2 + TIJ^2)^1/2 + DJ) / 2 + PE
    Total System Jitter     (TSJ):    0.071ns
    Total Input Jitter      (TIJ):    0.000ns
    Discrete Jitter          (DJ):    0.000ns
    Phase Error              (PE):    0.000ns

    Location             Delay type                Incr(ns)  Path(ns)    Netlist Resource(s)
  -------------------------------------------------------------------    -------------------
                         (clock sys_clk_pin rise edge)
                                                      0.000     0.000 r  
    E3                                                0.000     0.000 r  CLK100MHZ (IN)
                         net (fo=0)                   0.000     0.000    CLK100MHZ
    E3                   IBUF (Prop_ibuf_I_O)         1.482     1.482 r  CLK100MHZ_IBUF_inst/O
                         net (fo=1, routed)           2.025     3.506    CLK100MHZ_IBUF
    BUFGCTRL_X0Y16       BUFG (Prop_bufg_I_O)         0.096     3.602 r  CLK100MHZ_IBUF_BUFG_inst/O
                         net (fo=45, routed)          1.720     5.323    sys/u_rom/CLK
    SLICE_X2Y63          FDRE                                         r  sys/u_rom/data_reg[6]/C
  -------------------------------------------------------------------    -------------------
    SLICE_X2Y63          FDRE (Prop_fdre_C_Q)         0.518     5.841 r  sys/u_rom/data_reg[6]/Q
                         net (fo=3, routed)           0.871     6.712    sys/u_rom/p_0_in
    SLICE_X2Y63          LUT4 (Prop_lut4_I1_O)        0.124     6.836 r  sys/u_rom/LED_OBUF[9]_inst_i_3/O
                         net (fo=3, routed)           0.318     7.153    sys/u_rom/LED_OBUF[9]_inst_i_3_n_0
    SLICE_X0Y64          LUT5 (Prop_lut5_I0_O)        0.124     7.277 r  sys/u_rom/LED_OBUF[8]_inst_i_1/O
                         net (fo=2, routed)           1.118     8.395    sys/u_mem/ram_reg_0_15_0_3/DIA0
    SLICE_X2Y71          RAMD32                                       r  sys/u_mem/ram_reg_0_15_0_3/RAMA/I
  -------------------------------------------------------------------    -------------------

                         (clock sys_clk_pin rise edge)
                                                     10.000    10.000 r  
    E3                                                0.000    10.000 r  CLK100MHZ (IN)
                         net (fo=0)                   0.000    10.000    CLK100MHZ
    E3                   IBUF (Prop_ibuf_I_O)         1.411    11.411 r  CLK100MHZ_IBUF_inst/O
                         net (fo=1, routed)           1.920    13.331    CLK100MHZ_IBUF
    BUFGCTRL_X0Y16       BUFG (Prop_bufg_I_O)         0.091    13.422 r  CLK100MHZ_IBUF_BUFG_inst/O
                         net (fo=45, routed)          1.593    15.016    sys/u_mem/ram_reg_0_15_0_3/WCLK
    SLICE_X2Y71          RAMD32                                       r  sys/u_mem/ram_reg_0_15_0_3/RAMA/CLK
                         clock pessimism              0.275    15.291    
                         clock uncertainty           -0.035    15.255    
    SLICE_X2Y71          RAMD32 (Setup_ramd32_CLK_I)
                                                     -0.161    15.094    sys/u_mem/ram_reg_0_15_0_3/RAMA
  -------------------------------------------------------------------
                         required time                         15.094    
                         arrival time                          -8.395    
  -------------------------------------------------------------------
                         slack                                  6.700    

Slack (MET) :             6.744ns  (required time - arrival time)
  Source:                 deb/FSM_onehot_current_state_reg[2]/C
                            (rising edge-triggered cell FDRE clocked by sys_clk_pin  {rise@0.000ns fall@5.000ns period=10.000ns})
  Destination:            deb/count_reg[4]/R
                            (rising edge-triggered cell FDRE clocked by sys_clk_pin  {rise@0.000ns fall@5.000ns period=10.000ns})
  Path Group:             sys_clk_pin
  Path Type:              Setup (Max at Slow Process Corner)
  Requirement:            10.000ns  (sys_clk_pin rise@10.000ns - sys_clk_pin rise@0.000ns)
  Data Path Delay:        2.561ns  (logic 0.746ns (29.131%)  route 1.815ns (70.869%))
  Logic Levels:           1  (LUT3=1)
  Clock Path Skew:        -0.023ns (DCD - SCD + CPR)
    Destination Clock Delay (DCD):    5.025ns = ( 15.025 - 10.000 ) 
    Source Clock Delay      (SCD):    5.323ns
    Clock Pessimism Removal (CPR):    0.275ns
  Clock Uncertainty:      0.035ns  ((TSJ^2 + TIJ^2)^1/2 + DJ) / 2 + PE
    Total System Jitter     (TSJ):    0.071ns
    Total Input Jitter      (TIJ):    0.000ns
    Discrete Jitter          (DJ):    0.000ns
    Phase Error              (PE):    0.000ns

    Location             Delay type                Incr(ns)  Path(ns)    Netlist Resource(s)
  -------------------------------------------------------------------    -------------------
                         (clock sys_clk_pin rise edge)
                                                      0.000     0.000 r  
    E3                                                0.000     0.000 r  CLK100MHZ (IN)
                         net (fo=0)                   0.000     0.000    CLK100MHZ
    E3                   IBUF (Prop_ibuf_I_O)         1.482     1.482 r  CLK100MHZ_IBUF_inst/O
                         net (fo=1, routed)           2.025     3.506    CLK100MHZ_IBUF
    BUFGCTRL_X0Y16       BUFG (Prop_bufg_I_O)         0.096     3.602 r  CLK100MHZ_IBUF_BUFG_inst/O
                         net (fo=45, routed)          1.720     5.323    deb/CLK
    SLICE_X1Y63          FDRE                                         r  deb/FSM_onehot_current_state_reg[2]/C
  -------------------------------------------------------------------    -------------------
    SLICE_X1Y63          FDRE (Prop_fdre_C_Q)         0.419     5.742 f  deb/FSM_onehot_current_state_reg[2]/Q
                         net (fo=4, routed)           1.004     6.746    deb/FSM_onehot_current_state_reg_n_0_[2]
    SLICE_X1Y64          LUT3 (Prop_lut3_I0_O)        0.327     7.073 r  deb/count[0]_i_1/O
                         net (fo=20, routed)          0.811     7.884    deb/count[0]_i_1_n_0
    SLICE_X3Y61          FDRE                                         r  deb/count_reg[4]/R
  -------------------------------------------------------------------    -------------------

                         (clock sys_clk_pin rise edge)
                                                     10.000    10.000 r  
    E3                                                0.000    10.000 r  CLK100MHZ (IN)
                         net (fo=0)                   0.000    10.000    CLK100MHZ
    E3                   IBUF (Prop_ibuf_I_O)         1.411    11.411 r  CLK100MHZ_IBUF_inst/O
                         net (fo=1, routed)           1.920    13.331    CLK100MHZ_IBUF
    BUFGCTRL_X0Y16       BUFG (Prop_bufg_I_O)         0.091    13.422 r  CLK100MHZ_IBUF_BUFG_inst/O
                         net (fo=45, routed)          1.602    15.025    deb/CLK
    SLICE_X3Y61          FDRE                                         r  deb/count_reg[4]/C
                         clock pessimism              0.275    15.300    
                         clock uncertainty           -0.035    15.264    
    SLICE_X3Y61          FDRE (Setup_fdre_C_R)       -0.637    14.627    deb/count_reg[4]
  -------------------------------------------------------------------
                         required time                         14.627    
                         arrival time                          -7.884    
  -------------------------------------------------------------------
                         slack                                  6.744    

Slack (MET) :             6.744ns  (required time - arrival time)
  Source:                 deb/FSM_onehot_current_state_reg[2]/C
                            (rising edge-triggered cell FDRE clocked by sys_clk_pin  {rise@0.000ns fall@5.000ns period=10.000ns})
  Destination:            deb/count_reg[5]/R
                            (rising edge-triggered cell FDRE clocked by sys_clk_pin  {rise@0.000ns fall@5.000ns period=10.000ns})
  Path Group:             sys_clk_pin
  Path Type:              Setup (Max at Slow Process Corner)
  Requirement:            10.000ns  (sys_clk_pin rise@10.000ns - sys_clk_pin rise@0.000ns)
  Data Path Delay:        2.561ns  (logic 0.746ns (29.131%)  route 1.815ns (70.869%))
  Logic Levels:           1  (LUT3=1)
  Clock Path Skew:        -0.023ns (DCD - SCD + CPR)
    Destination Clock Delay (DCD):    5.025ns = ( 15.025 - 10.000 ) 
    Source Clock Delay      (SCD):    5.323ns
    Clock Pessimism Removal (CPR):    0.275ns
  Clock Uncertainty:      0.035ns  ((TSJ^2 + TIJ^2)^1/2 + DJ) / 2 + PE
    Total System Jitter     (TSJ):    0.071ns
    Total Input Jitter      (TIJ):    0.000ns
    Discrete Jitter          (DJ):    0.000ns
    Phase Error              (PE):    0.000ns

    Location             Delay type                Incr(ns)  Path(ns)    Netlist Resource(s)
  -------------------------------------------------------------------    -------------------
                         (clock sys_clk_pin rise edge)
                                                      0.000     0.000 r  
    E3                                                0.000     0.000 r  CLK100MHZ (IN)
                         net (fo=0)                   0.000     0.000    CLK100MHZ
    E3                   IBUF (Prop_ibuf_I_O)         1.482     1.482 r  CLK100MHZ_IBUF_inst/O
                         net (fo=1, routed)           2.025     3.506    CLK100MHZ_IBUF
    BUFGCTRL_X0Y16       BUFG (Prop_bufg_I_O)         0.096     3.602 r  CLK100MHZ_IBUF_BUFG_inst/O
                         net (fo=45, routed)          1.720     5.323    deb/CLK
    SLICE_X1Y63          FDRE                                         r  deb/FSM_onehot_current_state_reg[2]/C
  -------------------------------------------------------------------    -------------------
    SLICE_X1Y63          FDRE (Prop_fdre_C_Q)         0.419     5.742 f  deb/FSM_onehot_current_state_reg[2]/Q
                         net (fo=4, routed)           1.004     6.746    deb/FSM_onehot_current_state_reg_n_0_[2]
    SLICE_X1Y64          LUT3 (Prop_lut3_I0_O)        0.327     7.073 r  deb/count[0]_i_1/O
                         net (fo=20, routed)          0.811     7.884    deb/count[0]_i_1_n_0
    SLICE_X3Y61          FDRE                                         r  deb/count_reg[5]/R
  -------------------------------------------------------------------    -------------------

                         (clock sys_clk_pin rise edge)
                                                     10.000    10.000 r  
    E3                                                0.000    10.000 r  CLK100MHZ (IN)
                         net (fo=0)                   0.000    10.000    CLK100MHZ
    E3                   IBUF (Prop_ibuf_I_O)         1.411    11.411 r  CLK100MHZ_IBUF_inst/O
                         net (fo=1, routed)           1.920    13.331    CLK100MHZ_IBUF
    BUFGCTRL_X0Y16       BUFG (Prop_bufg_I_O)         0.091    13.422 r  CLK100MHZ_IBUF_BUFG_inst/O
                         net (fo=45, routed)          1.602    15.025    deb/CLK
    SLICE_X3Y61          FDRE                                         r  deb/count_reg[5]/C
                         clock pessimism              0.275    15.300    
                         clock uncertainty           -0.035    15.264    
    SLICE_X3Y61          FDRE (Setup_fdre_C_R)       -0.637    14.627    deb/count_reg[5]
  -------------------------------------------------------------------
                         required time                         14.627    
                         arrival time                          -7.884    
  -------------------------------------------------------------------
                         slack                                  6.744    





Min Delay Paths
--------------------------------------------------------------------------------------
Slack (MET) :             0.220ns  (arrival time - required time)
  Source:                 deb/FSM_onehot_current_state_reg[2]/C
                            (rising edge-triggered cell FDRE clocked by sys_clk_pin  {rise@0.000ns fall@5.000ns period=10.000ns})
  Destination:            deb/FSM_onehot_current_state_reg[0]/D
                            (rising edge-triggered cell FDRE clocked by sys_clk_pin  {rise@0.000ns fall@5.000ns period=10.000ns})
  Path Group:             sys_clk_pin
  Path Type:              Hold (Min at Fast Process Corner)
  Requirement:            0.000ns  (sys_clk_pin rise@0.000ns - sys_clk_pin rise@0.000ns)
  Data Path Delay:        0.312ns  (logic 0.227ns (72.760%)  route 0.085ns (27.240%))
  Logic Levels:           1  (LUT4=1)
  Clock Path Skew:        0.000ns (DCD - SCD - CPR)
    Destination Clock Delay (DCD):    2.037ns
    Source Clock Delay      (SCD):    1.519ns
    Clock Pessimism Removal (CPR):    0.517ns

    Location             Delay type                Incr(ns)  Path(ns)    Netlist Resource(s)
  -------------------------------------------------------------------    -------------------
                         (clock sys_clk_pin rise edge)
                                                      0.000     0.000 r  
    E3                                                0.000     0.000 r  CLK100MHZ (IN)
                         net (fo=0)                   0.000     0.000    CLK100MHZ
    E3                   IBUF (Prop_ibuf_I_O)         0.250     0.250 r  CLK100MHZ_IBUF_inst/O
                         net (fo=1, routed)           0.644     0.894    CLK100MHZ_IBUF
    BUFGCTRL_X0Y16       BUFG (Prop_bufg_I_O)         0.026     0.920 r  CLK100MHZ_IBUF_BUFG_inst/O
                         net (fo=45, routed)          0.600     1.519    deb/CLK
    SLICE_X1Y63          FDRE                                         r  deb/FSM_onehot_current_state_reg[2]/C
  -------------------------------------------------------------------    -------------------
    SLICE_X1Y63          FDRE (Prop_fdre_C_Q)         0.128     1.647 r  deb/FSM_onehot_current_state_reg[2]/Q
                         net (fo=4, routed)           0.085     1.732    deb/FSM_onehot_current_state_reg_n_0_[2]
    SLICE_X1Y63          LUT4 (Prop_lut4_I2_O)        0.099     1.831 r  deb/FSM_onehot_current_state[0]_i_1/O
                         net (fo=1, routed)           0.000     1.831    deb/FSM_onehot_current_state[0]_i_1_n_0
    SLICE_X1Y63          FDRE                                         r  deb/FSM_onehot_current_state_reg[0]/D
  -------------------------------------------------------------------    -------------------

                         (clock sys_clk_pin rise edge)
                                                      0.000     0.000 r  
    E3                                                0.000     0.000 r  CLK100MHZ (IN)
                         net (fo=0)                   0.000     0.000    CLK100MHZ
    E3                   IBUF (Prop_ibuf_I_O)         0.438     0.438 r  CLK100MHZ_IBUF_inst/O
                         net (fo=1, routed)           0.699     1.136    CLK100MHZ_IBUF
    BUFGCTRL_X0Y16       BUFG (Prop_bufg_I_O)         0.029     1.165 r  CLK100MHZ_IBUF_BUFG_inst/O
                         net (fo=45, routed)          0.872     2.037    deb/CLK
    SLICE_X1Y63          FDRE                                         r  deb/FSM_onehot_current_state_reg[0]/C
                         clock pessimism             -0.517     1.519    
    SLICE_X1Y63          FDRE (Hold_fdre_C_D)         0.092     1.611    deb/FSM_onehot_current_state_reg[0]
  -------------------------------------------------------------------
                         required time                         -1.611    
                         arrival time                           1.831    
  -------------------------------------------------------------------
                         slack                                  0.220    

Slack (MET) :             0.261ns  (arrival time - required time)
  Source:                 deb/count_reg[11]/C
                            (rising edge-triggered cell FDRE clocked by sys_clk_pin  {rise@0.000ns fall@5.000ns period=10.000ns})
  Destination:            deb/count_reg[11]/D
                            (rising edge-triggered cell FDRE clocked by sys_clk_pin  {rise@0.000ns fall@5.000ns period=10.000ns})
  Path Group:             sys_clk_pin
  Path Type:              Hold (Min at Fast Process Corner)
  Requirement:            0.000ns  (sys_clk_pin rise@0.000ns - sys_clk_pin rise@0.000ns)
  Data Path Delay:        0.366ns  (logic 0.249ns (67.994%)  route 0.117ns (32.006%))
  Logic Levels:           1  (CARRY4=1)
  Clock Path Skew:        0.000ns (DCD - SCD - CPR)
    Destination Clock Delay (DCD):    2.038ns
    Source Clock Delay      (SCD):    1.520ns
    Clock Pessimism Removal (CPR):    0.517ns

    Location             Delay type                Incr(ns)  Path(ns)    Netlist Resource(s)
  -------------------------------------------------------------------    -------------------
                         (clock sys_clk_pin rise edge)
                                                      0.000     0.000 r  
    E3                                                0.000     0.000 r  CLK100MHZ (IN)
                         net (fo=0)                   0.000     0.000    CLK100MHZ
    E3                   IBUF (Prop_ibuf_I_O)         0.250     0.250 r  CLK100MHZ_IBUF_inst/O
                         net (fo=1, routed)           0.644     0.894    CLK100MHZ_IBUF
    BUFGCTRL_X0Y16       BUFG (Prop_bufg_I_O)         0.026     0.920 r  CLK100MHZ_IBUF_BUFG_inst/O
                         net (fo=45, routed)          0.601     1.520    deb/CLK
    SLICE_X3Y62          FDRE                                         r  deb/count_reg[11]/C
  -------------------------------------------------------------------    -------------------
    SLICE_X3Y62          FDRE (Prop_fdre_C_Q)         0.141     1.661 r  deb/count_reg[11]/Q
                         net (fo=2, routed)           0.117     1.779    deb/count_reg[11]
    SLICE_X3Y62          CARRY4 (Prop_carry4_S[3]_O[3])
                                                      0.108     1.887 r  deb/count_reg[8]_i_1/O[3]
                         net (fo=1, routed)           0.000     1.887    deb/count_reg[8]_i_1_n_4
    SLICE_X3Y62          FDRE                                         r  deb/count_reg[11]/D
  -------------------------------------------------------------------    -------------------

                         (clock sys_clk_pin rise edge)
                                                      0.000     0.000 r  
    E3                                                0.000     0.000 r  CLK100MHZ (IN)
                         net (fo=0)                   0.000     0.000    CLK100MHZ
    E3                   IBUF (Prop_ibuf_I_O)         0.438     0.438 r  CLK100MHZ_IBUF_inst/O
                         net (fo=1, routed)           0.699     1.136    CLK100MHZ_IBUF
    BUFGCTRL_X0Y16       BUFG (Prop_bufg_I_O)         0.029     1.165 r  CLK100MHZ_IBUF_BUFG_inst/O
                         net (fo=45, routed)          0.873     2.038    deb/CLK
    SLICE_X3Y62          FDRE                                         r  deb/count_reg[11]/C
                         clock pessimism             -0.517     1.520    
    SLICE_X3Y62          FDRE (Hold_fdre_C_D)         0.105     1.625    deb/count_reg[11]
  -------------------------------------------------------------------
                         required time                         -1.625    
                         arrival time                           1.887    
  -------------------------------------------------------------------
                         slack                                  0.261    

Slack (MET) :             0.263ns  (arrival time - required time)
  Source:                 deb/count_reg[7]/C
                            (rising edge-triggered cell FDRE clocked by sys_clk_pin  {rise@0.000ns fall@5.000ns period=10.000ns})
  Destination:            deb/count_reg[7]/D
                            (rising edge-triggered cell FDRE clocked by sys_clk_pin  {rise@0.000ns fall@5.000ns period=10.000ns})
  Path Group:             sys_clk_pin
  Path Type:              Hold (Min at Fast Process Corner)
  Requirement:            0.000ns  (sys_clk_pin rise@0.000ns - sys_clk_pin rise@0.000ns)
  Data Path Delay:        0.368ns  (logic 0.249ns (67.612%)  route 0.119ns (32.388%))
  Logic Levels:           1  (CARRY4=1)
  Clock Path Skew:        0.000ns (DCD - SCD - CPR)
    Destination Clock Delay (DCD):    2.040ns
    Source Clock Delay      (SCD):    1.521ns
    Clock Pessimism Removal (CPR):    0.518ns

    Location             Delay type                Incr(ns)  Path(ns)    Netlist Resource(s)
  -------------------------------------------------------------------    -------------------
                         (clock sys_clk_pin rise edge)
                                                      0.000     0.000 r  
    E3                                                0.000     0.000 r  CLK100MHZ (IN)
                         net (fo=0)                   0.000     0.000    CLK100MHZ
    E3                   IBUF (Prop_ibuf_I_O)         0.250     0.250 r  CLK100MHZ_IBUF_inst/O
                         net (fo=1, routed)           0.644     0.894    CLK100MHZ_IBUF
    BUFGCTRL_X0Y16       BUFG (Prop_bufg_I_O)         0.026     0.920 r  CLK100MHZ_IBUF_BUFG_inst/O
                         net (fo=45, routed)          0.602     1.521    deb/CLK
    SLICE_X3Y61          FDRE                                         r  deb/count_reg[7]/C
  -------------------------------------------------------------------    -------------------
    SLICE_X3Y61          FDRE (Prop_fdre_C_Q)         0.141     1.662 r  deb/count_reg[7]/Q
                         net (fo=2, routed)           0.119     1.782    deb/count_reg[7]
    SLICE_X3Y61          CARRY4 (Prop_carry4_S[3]_O[3])
                                                      0.108     1.890 r  deb/count_reg[4]_i_1/O[3]
                         net (fo=1, routed)           0.000     1.890    deb/count_reg[4]_i_1_n_4
    SLICE_X3Y61          FDRE                                         r  deb/count_reg[7]/D
  -------------------------------------------------------------------    -------------------

                         (clock sys_clk_pin rise edge)
                                                      0.000     0.000 r  
    E3                                                0.000     0.000 r  CLK100MHZ (IN)
                         net (fo=0)                   0.000     0.000    CLK100MHZ
    E3                   IBUF (Prop_ibuf_I_O)         0.438     0.438 r  CLK100MHZ_IBUF_inst/O
                         net (fo=1, routed)           0.699     1.136    CLK100MHZ_IBUF
    BUFGCTRL_X0Y16       BUFG (Prop_bufg_I_O)         0.029     1.165 r  CLK100MHZ_IBUF_BUFG_inst/O
                         net (fo=45, routed)          0.875     2.040    deb/CLK
    SLICE_X3Y61          FDRE                                         r  deb/count_reg[7]/C
                         clock pessimism             -0.518     1.521    
    SLICE_X3Y61          FDRE (Hold_fdre_C_D)         0.105     1.626    deb/count_reg[7]
  -------------------------------------------------------------------
                         required time                         -1.626    
                         arrival time                           1.890    
  -------------------------------------------------------------------
                         slack                                  0.263    

Slack (MET) :             0.263ns  (arrival time - required time)
  Source:                 deb/count_reg[19]/C
                            (rising edge-triggered cell FDRE clocked by sys_clk_pin  {rise@0.000ns fall@5.000ns period=10.000ns})
  Destination:            deb/count_reg[19]/D
                            (rising edge-triggered cell FDRE clocked by sys_clk_pin  {rise@0.000ns fall@5.000ns period=10.000ns})
  Path Group:             sys_clk_pin
  Path Type:              Hold (Min at Fast Process Corner)
  Requirement:            0.000ns  (sys_clk_pin rise@0.000ns - sys_clk_pin rise@0.000ns)
  Data Path Delay:        0.368ns  (logic 0.249ns (67.612%)  route 0.119ns (32.388%))
  Logic Levels:           1  (CARRY4=1)
  Clock Path Skew:        0.000ns (DCD - SCD - CPR)
    Destination Clock Delay (DCD):    2.037ns
    Source Clock Delay      (SCD):    1.519ns
    Clock Pessimism Removal (CPR):    0.517ns

    Location             Delay type                Incr(ns)  Path(ns)    Netlist Resource(s)
  -------------------------------------------------------------------    -------------------
                         (clock sys_clk_pin rise edge)
                                                      0.000     0.000 r  
    E3                                                0.000     0.000 r  CLK100MHZ (IN)
                         net (fo=0)                   0.000     0.000    CLK100MHZ
    E3                   IBUF (Prop_ibuf_I_O)         0.250     0.250 r  CLK100MHZ_IBUF_inst/O
                         net (fo=1, routed)           0.644     0.894    CLK100MHZ_IBUF
    BUFGCTRL_X0Y16       BUFG (Prop_bufg_I_O)         0.026     0.920 r  CLK100MHZ_IBUF_BUFG_inst/O
                         net (fo=45, routed)          0.600     1.519    deb/CLK
    SLICE_X3Y64          FDRE                                         r  deb/count_reg[19]/C
  -------------------------------------------------------------------    -------------------
    SLICE_X3Y64          FDRE (Prop_fdre_C_Q)         0.141     1.660 r  deb/count_reg[19]/Q
                         net (fo=2, routed)           0.119     1.780    deb/count_reg[19]
    SLICE_X3Y64          CARRY4 (Prop_carry4_S[3]_O[3])
                                                      0.108     1.888 r  deb/count_reg[16]_i_1/O[3]
                         net (fo=1, routed)           0.000     1.888    deb/count_reg[16]_i_1_n_4
    SLICE_X3Y64          FDRE                                         r  deb/count_reg[19]/D
  -------------------------------------------------------------------    -------------------

                         (clock sys_clk_pin rise edge)
                                                      0.000     0.000 r  
    E3                                                0.000     0.000 r  CLK100MHZ (IN)
                         net (fo=0)                   0.000     0.000    CLK100MHZ
    E3                   IBUF (Prop_ibuf_I_O)         0.438     0.438 r  CLK100MHZ_IBUF_inst/O
                         net (fo=1, routed)           0.699     1.136    CLK100MHZ_IBUF
    BUFGCTRL_X0Y16       BUFG (Prop_bufg_I_O)         0.029     1.165 r  CLK100MHZ_IBUF_BUFG_inst/O
                         net (fo=45, routed)          0.872     2.037    deb/CLK
    SLICE_X3Y64          FDRE                                         r  deb/count_reg[19]/C
                         clock pessimism             -0.517     1.519    
    SLICE_X3Y64          FDRE (Hold_fdre_C_D)         0.105     1.624    deb/count_reg[19]
  -------------------------------------------------------------------
                         required time                         -1.624    
                         arrival time                           1.888    
  -------------------------------------------------------------------
                         slack                                  0.263    

Slack (MET) :             0.264ns  (arrival time - required time)
  Source:                 deb/count_reg[3]/C
                            (rising edge-triggered cell FDRE clocked by sys_clk_pin  {rise@0.000ns fall@5.000ns period=10.000ns})
  Destination:            deb/count_reg[3]/D
                            (rising edge-triggered cell FDRE clocked by sys_clk_pin  {rise@0.000ns fall@5.000ns period=10.000ns})
  Path Group:             sys_clk_pin
  Path Type:              Hold (Min at Fast Process Corner)
  Requirement:            0.000ns  (sys_clk_pin rise@0.000ns - sys_clk_pin rise@0.000ns)
  Data Path Delay:        0.369ns  (logic 0.249ns (67.424%)  route 0.120ns (32.576%))
  Logic Levels:           1  (CARRY4=1)
  Clock Path Skew:        0.000ns (DCD - SCD - CPR)
    Destination Clock Delay (DCD):    2.040ns
    Source Clock Delay      (SCD):    1.521ns
    Clock Pessimism Removal (CPR):    0.518ns

    Location             Delay type                Incr(ns)  Path(ns)    Netlist Resource(s)
  -------------------------------------------------------------------    -------------------
                         (clock sys_clk_pin rise edge)
                                                      0.000     0.000 r  
    E3                                                0.000     0.000 r  CLK100MHZ (IN)
                         net (fo=0)                   0.000     0.000    CLK100MHZ
    E3                   IBUF (Prop_ibuf_I_O)         0.250     0.250 r  CLK100MHZ_IBUF_inst/O
                         net (fo=1, routed)           0.644     0.894    CLK100MHZ_IBUF
    BUFGCTRL_X0Y16       BUFG (Prop_bufg_I_O)         0.026     0.920 r  CLK100MHZ_IBUF_BUFG_inst/O
                         net (fo=45, routed)          0.602     1.521    deb/CLK
    SLICE_X3Y60          FDRE                                         r  deb/count_reg[3]/C
  -------------------------------------------------------------------    -------------------
    SLICE_X3Y60          FDRE (Prop_fdre_C_Q)         0.141     1.662 r  deb/count_reg[3]/Q
                         net (fo=2, routed)           0.120     1.783    deb/count_reg[3]
    SLICE_X3Y60          CARRY4 (Prop_carry4_S[3]_O[3])
                                                      0.108     1.891 r  deb/count_reg[0]_i_2/O[3]
                         net (fo=1, routed)           0.000     1.891    deb/count_reg[0]_i_2_n_4
    SLICE_X3Y60          FDRE                                         r  deb/count_reg[3]/D
  -------------------------------------------------------------------    -------------------

                         (clock sys_clk_pin rise edge)
                                                      0.000     0.000 r  
    E3                                                0.000     0.000 r  CLK100MHZ (IN)
                         net (fo=0)                   0.000     0.000    CLK100MHZ
    E3                   IBUF (Prop_ibuf_I_O)         0.438     0.438 r  CLK100MHZ_IBUF_inst/O
                         net (fo=1, routed)           0.699     1.136    CLK100MHZ_IBUF
    BUFGCTRL_X0Y16       BUFG (Prop_bufg_I_O)         0.029     1.165 r  CLK100MHZ_IBUF_BUFG_inst/O
                         net (fo=45, routed)          0.875     2.040    deb/CLK
    SLICE_X3Y60          FDRE                                         r  deb/count_reg[3]/C
                         clock pessimism             -0.518     1.521    
    SLICE_X3Y60          FDRE (Hold_fdre_C_D)         0.105     1.626    deb/count_reg[3]
  -------------------------------------------------------------------
                         required time                         -1.626    
                         arrival time                           1.891    
  -------------------------------------------------------------------
                         slack                                  0.264    

Slack (MET) :             0.264ns  (arrival time - required time)
  Source:                 deb/count_reg[15]/C
                            (rising edge-triggered cell FDRE clocked by sys_clk_pin  {rise@0.000ns fall@5.000ns period=10.000ns})
  Destination:            deb/count_reg[15]/D
                            (rising edge-triggered cell FDRE clocked by sys_clk_pin  {rise@0.000ns fall@5.000ns period=10.000ns})
  Path Group:             sys_clk_pin
  Path Type:              Hold (Min at Fast Process Corner)
  Requirement:            0.000ns  (sys_clk_pin rise@0.000ns - sys_clk_pin rise@0.000ns)
  Data Path Delay:        0.369ns  (logic 0.249ns (67.424%)  route 0.120ns (32.576%))
  Logic Levels:           1  (CARRY4=1)
  Clock Path Skew:        0.000ns (DCD - SCD - CPR)
    Destination Clock Delay (DCD):    2.037ns
    Source Clock Delay      (SCD):    1.519ns
    Clock Pessimism Removal (CPR):    0.517ns

    Location             Delay type                Incr(ns)  Path(ns)    Netlist Resource(s)
  -------------------------------------------------------------------    -------------------
                         (clock sys_clk_pin rise edge)
                                                      0.000     0.000 r  
    E3                                                0.000     0.000 r  CLK100MHZ (IN)
                         net (fo=0)                   0.000     0.000    CLK100MHZ
    E3                   IBUF (Prop_ibuf_I_O)         0.250     0.250 r  CLK100MHZ_IBUF_inst/O
                         net (fo=1, routed)           0.644     0.894    CLK100MHZ_IBUF
    BUFGCTRL_X0Y16       BUFG (Prop_bufg_I_O)         0.026     0.920 r  CLK100MHZ_IBUF_BUFG_inst/O
                         net (fo=45, routed)          0.600     1.519    deb/CLK
    SLICE_X3Y63          FDRE                                         r  deb/count_reg[15]/C
  -------------------------------------------------------------------    -------------------
    SLICE_X3Y63          FDRE (Prop_fdre_C_Q)         0.141     1.660 r  deb/count_reg[15]/Q
                         net (fo=2, routed)           0.120     1.781    deb/count_reg[15]
    SLICE_X3Y63          CARRY4 (Prop_carry4_S[3]_O[3])
                                                      0.108     1.889 r  deb/count_reg[12]_i_1/O[3]
                         net (fo=1, routed)           0.000     1.889    deb/count_reg[12]_i_1_n_4
    SLICE_X3Y63          FDRE                                         r  deb/count_reg[15]/D
  -------------------------------------------------------------------    -------------------

                         (clock sys_clk_pin rise edge)
                                                      0.000     0.000 r  
    E3                                                0.000     0.000 r  CLK100MHZ (IN)
                         net (fo=0)                   0.000     0.000    CLK100MHZ
    E3                   IBUF (Prop_ibuf_I_O)         0.438     0.438 r  CLK100MHZ_IBUF_inst/O
                         net (fo=1, routed)           0.699     1.136    CLK100MHZ_IBUF
    BUFGCTRL_X0Y16       BUFG (Prop_bufg_I_O)         0.029     1.165 r  CLK100MHZ_IBUF_BUFG_inst/O
                         net (fo=45, routed)          0.872     2.037    deb/CLK
    SLICE_X3Y63          FDRE                                         r  deb/count_reg[15]/C
                         clock pessimism             -0.517     1.519    
    SLICE_X3Y63          FDRE (Hold_fdre_C_D)         0.105     1.624    deb/count_reg[15]
  -------------------------------------------------------------------
                         required time                         -1.624    
                         arrival time                           1.889    
  -------------------------------------------------------------------
                         slack                                  0.264    

Slack (MET) :             0.267ns  (arrival time - required time)
  Source:                 deb/count_reg[4]/C
                            (rising edge-triggered cell FDRE clocked by sys_clk_pin  {rise@0.000ns fall@5.000ns period=10.000ns})
  Destination:            deb/count_reg[4]/D
                            (rising edge-triggered cell FDRE clocked by sys_clk_pin  {rise@0.000ns fall@5.000ns period=10.000ns})
  Path Group:             sys_clk_pin
  Path Type:              Hold (Min at Fast Process Corner)
  Requirement:            0.000ns  (sys_clk_pin rise@0.000ns - sys_clk_pin rise@0.000ns)
  Data Path Delay:        0.372ns  (logic 0.256ns (68.766%)  route 0.116ns (31.234%))
  Logic Levels:           1  (CARRY4=1)
  Clock Path Skew:        0.000ns (DCD - SCD - CPR)
    Destination Clock Delay (DCD):    2.040ns
    Source Clock Delay      (SCD):    1.521ns
    Clock Pessimism Removal (CPR):    0.518ns

    Location             Delay type                Incr(ns)  Path(ns)    Netlist Resource(s)
  -------------------------------------------------------------------    -------------------
                         (clock sys_clk_pin rise edge)
                                                      0.000     0.000 r  
    E3                                                0.000     0.000 r  CLK100MHZ (IN)
                         net (fo=0)                   0.000     0.000    CLK100MHZ
    E3                   IBUF (Prop_ibuf_I_O)         0.250     0.250 r  CLK100MHZ_IBUF_inst/O
                         net (fo=1, routed)           0.644     0.894    CLK100MHZ_IBUF
    BUFGCTRL_X0Y16       BUFG (Prop_bufg_I_O)         0.026     0.920 r  CLK100MHZ_IBUF_BUFG_inst/O
                         net (fo=45, routed)          0.602     1.521    deb/CLK
    SLICE_X3Y61          FDRE                                         r  deb/count_reg[4]/C
  -------------------------------------------------------------------    -------------------
    SLICE_X3Y61          FDRE (Prop_fdre_C_Q)         0.141     1.662 r  deb/count_reg[4]/Q
                         net (fo=2, routed)           0.116     1.779    deb/count_reg[4]
    SLICE_X3Y61          CARRY4 (Prop_carry4_S[0]_O[0])
                                                      0.115     1.894 r  deb/count_reg[4]_i_1/O[0]
                         net (fo=1, routed)           0.000     1.894    deb/count_reg[4]_i_1_n_7
    SLICE_X3Y61          FDRE                                         r  deb/count_reg[4]/D
  -------------------------------------------------------------------    -------------------

                         (clock sys_clk_pin rise edge)
                                                      0.000     0.000 r  
    E3                                                0.000     0.000 r  CLK100MHZ (IN)
                         net (fo=0)                   0.000     0.000    CLK100MHZ
    E3                   IBUF (Prop_ibuf_I_O)         0.438     0.438 r  CLK100MHZ_IBUF_inst/O
                         net (fo=1, routed)           0.699     1.136    CLK100MHZ_IBUF
    BUFGCTRL_X0Y16       BUFG (Prop_bufg_I_O)         0.029     1.165 r  CLK100MHZ_IBUF_BUFG_inst/O
                         net (fo=45, routed)          0.875     2.040    deb/CLK
    SLICE_X3Y61          FDRE                                         r  deb/count_reg[4]/C
                         clock pessimism             -0.518     1.521    
    SLICE_X3Y61          FDRE (Hold_fdre_C_D)         0.105     1.626    deb/count_reg[4]
  -------------------------------------------------------------------
                         required time                         -1.626    
                         arrival time                           1.894    
  -------------------------------------------------------------------
                         slack                                  0.267    

Slack (MET) :             0.267ns  (arrival time - required time)
  Source:                 deb/count_reg[16]/C
                            (rising edge-triggered cell FDRE clocked by sys_clk_pin  {rise@0.000ns fall@5.000ns period=10.000ns})
  Destination:            deb/count_reg[16]/D
                            (rising edge-triggered cell FDRE clocked by sys_clk_pin  {rise@0.000ns fall@5.000ns period=10.000ns})
  Path Group:             sys_clk_pin
  Path Type:              Hold (Min at Fast Process Corner)
  Requirement:            0.000ns  (sys_clk_pin rise@0.000ns - sys_clk_pin rise@0.000ns)
  Data Path Delay:        0.372ns  (logic 0.256ns (68.766%)  route 0.116ns (31.234%))
  Logic Levels:           1  (CARRY4=1)
  Clock Path Skew:        0.000ns (DCD - SCD - CPR)
    Destination Clock Delay (DCD):    2.037ns
    Source Clock Delay      (SCD):    1.519ns
    Clock Pessimism Removal (CPR):    0.517ns

    Location             Delay type                Incr(ns)  Path(ns)    Netlist Resource(s)
  -------------------------------------------------------------------    -------------------
                         (clock sys_clk_pin rise edge)
                                                      0.000     0.000 r  
    E3                                                0.000     0.000 r  CLK100MHZ (IN)
                         net (fo=0)                   0.000     0.000    CLK100MHZ
    E3                   IBUF (Prop_ibuf_I_O)         0.250     0.250 r  CLK100MHZ_IBUF_inst/O
                         net (fo=1, routed)           0.644     0.894    CLK100MHZ_IBUF
    BUFGCTRL_X0Y16       BUFG (Prop_bufg_I_O)         0.026     0.920 r  CLK100MHZ_IBUF_BUFG_inst/O
                         net (fo=45, routed)          0.600     1.519    deb/CLK
    SLICE_X3Y64          FDRE                                         r  deb/count_reg[16]/C
  -------------------------------------------------------------------    -------------------
    SLICE_X3Y64          FDRE (Prop_fdre_C_Q)         0.141     1.660 r  deb/count_reg[16]/Q
                         net (fo=2, routed)           0.116     1.777    deb/count_reg[16]
    SLICE_X3Y64          CARRY4 (Prop_carry4_S[0]_O[0])
                                                      0.115     1.892 r  deb/count_reg[16]_i_1/O[0]
                         net (fo=1, routed)           0.000     1.892    deb/count_reg[16]_i_1_n_7
    SLICE_X3Y64          FDRE                                         r  deb/count_reg[16]/D
  -------------------------------------------------------------------    -------------------

                         (clock sys_clk_pin rise edge)
                                                      0.000     0.000 r  
    E3                                                0.000     0.000 r  CLK100MHZ (IN)
                         net (fo=0)                   0.000     0.000    CLK100MHZ
    E3                   IBUF (Prop_ibuf_I_O)         0.438     0.438 r  CLK100MHZ_IBUF_inst/O
                         net (fo=1, routed)           0.699     1.136    CLK100MHZ_IBUF
    BUFGCTRL_X0Y16       BUFG (Prop_bufg_I_O)         0.029     1.165 r  CLK100MHZ_IBUF_BUFG_inst/O
                         net (fo=45, routed)          0.872     2.037    deb/CLK
    SLICE_X3Y64          FDRE                                         r  deb/count_reg[16]/C
                         clock pessimism             -0.517     1.519    
    SLICE_X3Y64          FDRE (Hold_fdre_C_D)         0.105     1.624    deb/count_reg[16]
  -------------------------------------------------------------------
                         required time                         -1.624    
                         arrival time                           1.892    
  -------------------------------------------------------------------
                         slack                                  0.267    

Slack (MET) :             0.267ns  (arrival time - required time)
  Source:                 deb/count_reg[2]/C
                            (rising edge-triggered cell FDRE clocked by sys_clk_pin  {rise@0.000ns fall@5.000ns period=10.000ns})
  Destination:            deb/count_reg[2]/D
                            (rising edge-triggered cell FDRE clocked by sys_clk_pin  {rise@0.000ns fall@5.000ns period=10.000ns})
  Path Group:             sys_clk_pin
  Path Type:              Hold (Min at Fast Process Corner)
  Requirement:            0.000ns  (sys_clk_pin rise@0.000ns - sys_clk_pin rise@0.000ns)
  Data Path Delay:        0.372ns  (logic 0.252ns (67.654%)  route 0.120ns (32.346%))
  Logic Levels:           1  (CARRY4=1)
  Clock Path Skew:        0.000ns (DCD - SCD - CPR)
    Destination Clock Delay (DCD):    2.040ns
    Source Clock Delay      (SCD):    1.521ns
    Clock Pessimism Removal (CPR):    0.518ns

    Location             Delay type                Incr(ns)  Path(ns)    Netlist Resource(s)
  -------------------------------------------------------------------    -------------------
                         (clock sys_clk_pin rise edge)
                                                      0.000     0.000 r  
    E3                                                0.000     0.000 r  CLK100MHZ (IN)
                         net (fo=0)                   0.000     0.000    CLK100MHZ
    E3                   IBUF (Prop_ibuf_I_O)         0.250     0.250 r  CLK100MHZ_IBUF_inst/O
                         net (fo=1, routed)           0.644     0.894    CLK100MHZ_IBUF
    BUFGCTRL_X0Y16       BUFG (Prop_bufg_I_O)         0.026     0.920 r  CLK100MHZ_IBUF_BUFG_inst/O
                         net (fo=45, routed)          0.602     1.521    deb/CLK
    SLICE_X3Y60          FDRE                                         r  deb/count_reg[2]/C
  -------------------------------------------------------------------    -------------------
    SLICE_X3Y60          FDRE (Prop_fdre_C_Q)         0.141     1.662 r  deb/count_reg[2]/Q
                         net (fo=2, routed)           0.120     1.783    deb/count_reg[2]
    SLICE_X3Y60          CARRY4 (Prop_carry4_S[2]_O[2])
                                                      0.111     1.894 r  deb/count_reg[0]_i_2/O[2]
                         net (fo=1, routed)           0.000     1.894    deb/count_reg[0]_i_2_n_5
    SLICE_X3Y60          FDRE                                         r  deb/count_reg[2]/D
  -------------------------------------------------------------------    -------------------

                         (clock sys_clk_pin rise edge)
                                                      0.000     0.000 r  
    E3                                                0.000     0.000 r  CLK100MHZ (IN)
                         net (fo=0)                   0.000     0.000    CLK100MHZ
    E3                   IBUF (Prop_ibuf_I_O)         0.438     0.438 r  CLK100MHZ_IBUF_inst/O
                         net (fo=1, routed)           0.699     1.136    CLK100MHZ_IBUF
    BUFGCTRL_X0Y16       BUFG (Prop_bufg_I_O)         0.029     1.165 r  CLK100MHZ_IBUF_BUFG_inst/O
                         net (fo=45, routed)          0.875     2.040    deb/CLK
    SLICE_X3Y60          FDRE                                         r  deb/count_reg[2]/C
                         clock pessimism             -0.518     1.521    
    SLICE_X3Y60          FDRE (Hold_fdre_C_D)         0.105     1.626    deb/count_reg[2]
  -------------------------------------------------------------------
                         required time                         -1.626    
                         arrival time                           1.894    
  -------------------------------------------------------------------
                         slack                                  0.267    

Slack (MET) :             0.268ns  (arrival time - required time)
  Source:                 deb/count_reg[10]/C
                            (rising edge-triggered cell FDRE clocked by sys_clk_pin  {rise@0.000ns fall@5.000ns period=10.000ns})
  Destination:            deb/count_reg[10]/D
                            (rising edge-triggered cell FDRE clocked by sys_clk_pin  {rise@0.000ns fall@5.000ns period=10.000ns})
  Path Group:             sys_clk_pin
  Path Type:              Hold (Min at Fast Process Corner)
  Requirement:            0.000ns  (sys_clk_pin rise@0.000ns - sys_clk_pin rise@0.000ns)
  Data Path Delay:        0.373ns  (logic 0.252ns (67.585%)  route 0.121ns (32.415%))
  Logic Levels:           1  (CARRY4=1)
  Clock Path Skew:        0.000ns (DCD - SCD - CPR)
    Destination Clock Delay (DCD):    2.038ns
    Source Clock Delay      (SCD):    1.520ns
    Clock Pessimism Removal (CPR):    0.517ns

    Location             Delay type                Incr(ns)  Path(ns)    Netlist Resource(s)
  -------------------------------------------------------------------    -------------------
                         (clock sys_clk_pin rise edge)
                                                      0.000     0.000 r  
    E3                                                0.000     0.000 r  CLK100MHZ (IN)
                         net (fo=0)                   0.000     0.000    CLK100MHZ
    E3                   IBUF (Prop_ibuf_I_O)         0.250     0.250 r  CLK100MHZ_IBUF_inst/O
                         net (fo=1, routed)           0.644     0.894    CLK100MHZ_IBUF
    BUFGCTRL_X0Y16       BUFG (Prop_bufg_I_O)         0.026     0.920 r  CLK100MHZ_IBUF_BUFG_inst/O
                         net (fo=45, routed)          0.601     1.520    deb/CLK
    SLICE_X3Y62          FDRE                                         r  deb/count_reg[10]/C
  -------------------------------------------------------------------    -------------------
    SLICE_X3Y62          FDRE (Prop_fdre_C_Q)         0.141     1.661 r  deb/count_reg[10]/Q
                         net (fo=2, routed)           0.121     1.782    deb/count_reg[10]
    SLICE_X3Y62          CARRY4 (Prop_carry4_S[2]_O[2])
                                                      0.111     1.893 r  deb/count_reg[8]_i_1/O[2]
                         net (fo=1, routed)           0.000     1.893    deb/count_reg[8]_i_1_n_5
    SLICE_X3Y62          FDRE                                         r  deb/count_reg[10]/D
  -------------------------------------------------------------------    -------------------

                         (clock sys_clk_pin rise edge)
                                                      0.000     0.000 r  
    E3                                                0.000     0.000 r  CLK100MHZ (IN)
                         net (fo=0)                   0.000     0.000    CLK100MHZ
    E3                   IBUF (Prop_ibuf_I_O)         0.438     0.438 r  CLK100MHZ_IBUF_inst/O
                         net (fo=1, routed)           0.699     1.136    CLK100MHZ_IBUF
    BUFGCTRL_X0Y16       BUFG (Prop_bufg_I_O)         0.029     1.165 r  CLK100MHZ_IBUF_BUFG_inst/O
                         net (fo=45, routed)          0.873     2.038    deb/CLK
    SLICE_X3Y62          FDRE                                         r  deb/count_reg[10]/C
                         clock pessimism             -0.517     1.520    
    SLICE_X3Y62          FDRE (Hold_fdre_C_D)         0.105     1.625    deb/count_reg[10]
  -------------------------------------------------------------------
                         required time                         -1.625    
                         arrival time                           1.893    
  -------------------------------------------------------------------
                         slack                                  0.268    





Pulse Width Checks
--------------------------------------------------------------------------------------
Clock Name:         sys_clk_pin
Waveform(ns):       { 0.000 5.000 }
Period(ns):         10.000
Sources:            { CLK100MHZ }

Check Type        Corner  Lib Pin     Reference Pin  Required(ns)  Actual(ns)  Slack(ns)  Location        Pin
Min Period        n/a     BUFG/I      n/a            2.155         10.000      7.845      BUFGCTRL_X0Y16  CLK100MHZ_IBUF_BUFG_inst/I
Min Period        n/a     FDRE/C      n/a            1.000         10.000      9.000      SLICE_X1Y63     deb/FSM_onehot_current_state_reg[0]/C
Min Period        n/a     FDRE/C      n/a            1.000         10.000      9.000      SLICE_X1Y63     deb/FSM_onehot_current_state_reg[1]/C
Min Period        n/a     FDRE/C      n/a            1.000         10.000      9.000      SLICE_X1Y63     deb/FSM_onehot_current_state_reg[2]/C
Min Period        n/a     FDRE/C      n/a            1.000         10.000      9.000      SLICE_X3Y60     deb/count_reg[0]/C
Min Period        n/a     FDRE/C      n/a            1.000         10.000      9.000      SLICE_X3Y62     deb/count_reg[10]/C
Min Period        n/a     FDRE/C      n/a            1.000         10.000      9.000      SLICE_X3Y62     deb/count_reg[11]/C
Min Period        n/a     FDRE/C      n/a            1.000         10.000      9.000      SLICE_X3Y63     deb/count_reg[12]/C
Min Period        n/a     FDRE/C      n/a            1.000         10.000      9.000      SLICE_X3Y63     deb/count_reg[13]/C
Min Period        n/a     FDRE/C      n/a            1.000         10.000      9.000      SLICE_X3Y63     deb/count_reg[14]/C
Low Pulse Width   Slow    RAMD32/CLK  n/a            1.250         5.000       3.750      SLICE_X2Y71     sys/u_mem/ram_reg_0_15_0_3/RAMA/CLK
Low Pulse Width   Fast    RAMD32/CLK  n/a            1.250         5.000       3.750      SLICE_X2Y71     sys/u_mem/ram_reg_0_15_0_3/RAMA/CLK
Low Pulse Width   Slow    RAMD32/CLK  n/a            1.250         5.000       3.750      SLICE_X2Y71     sys/u_mem/ram_reg_0_15_0_3/RAMA_D1/CLK
Low Pulse Width   Fast    RAMD32/CLK  n/a            1.250         5.000       3.750      SLICE_X2Y71     sys/u_mem/ram_reg_0_15_0_3/RAMA_D1/CLK
Low Pulse Width   Slow    RAMD32/CLK  n/a            1.250         5.000       3.750      SLICE_X2Y71     sys/u_mem/ram_reg_0_15_0_3/RAMB/CLK
Low Pulse Width   Fast    RAMD32/CLK  n/a            1.250         5.000       3.750      SLICE_X2Y71     sys/u_mem/ram_reg_0_15_0_3/RAMB/CLK
Low Pulse Width   Slow    RAMD32/CLK  n/a            1.250         5.000       3.750      SLICE_X2Y71     sys/u_mem/ram_reg_0_15_0_3/RAMB_D1/CLK
Low Pulse Width   Fast    RAMD32/CLK  n/a            1.250         5.000       3.750      SLICE_X2Y71     sys/u_mem/ram_reg_0_15_0_3/RAMB_D1/CLK
Low Pulse Width   Slow    RAMD32/CLK  n/a            1.250         5.000       3.750      SLICE_X2Y71     sys/u_mem/ram_reg_0_15_0_3/RAMC/CLK
Low Pulse Width   Fast    RAMD32/CLK  n/a            1.250         5.000       3.750      SLICE_X2Y71     sys/u_mem/ram_reg_0_15_0_3/RAMC/CLK
High Pulse Width  Slow    RAMD32/CLK  n/a            1.250         5.000       3.750      SLICE_X2Y71     sys/u_mem/ram_reg_0_15_0_3/RAMA/CLK
High Pulse Width  Fast    RAMD32/CLK  n/a            1.250         5.000       3.750      SLICE_X2Y71     sys/u_mem/ram_reg_0_15_0_3/RAMA/CLK
High Pulse Width  Slow    RAMD32/CLK  n/a            1.250         5.000       3.750      SLICE_X2Y71     sys/u_mem/ram_reg_0_15_0_3/RAMA_D1/CLK
High Pulse Width  Fast    RAMD32/CLK  n/a            1.250         5.000       3.750      SLICE_X2Y71     sys/u_mem/ram_reg_0_15_0_3/RAMA_D1/CLK
High Pulse Width  Slow    RAMD32/CLK  n/a            1.250         5.000       3.750      SLICE_X2Y71     sys/u_mem/ram_reg_0_15_0_3/RAMB/CLK
High Pulse Width  Fast    RAMD32/CLK  n/a            1.250         5.000       3.750      SLICE_X2Y71     sys/u_mem/ram_reg_0_15_0_3/RAMB/CLK
High Pulse Width  Slow    RAMD32/CLK  n/a            1.250         5.000       3.750      SLICE_X2Y71     sys/u_mem/ram_reg_0_15_0_3/RAMB_D1/CLK
High Pulse Width  Fast    RAMD32/CLK  n/a            1.250         5.000       3.750      SLICE_X2Y71     sys/u_mem/ram_reg_0_15_0_3/RAMB_D1/CLK
High Pulse Width  Slow    RAMD32/CLK  n/a            1.250         5.000       3.750      SLICE_X2Y71     sys/u_mem/ram_reg_0_15_0_3/RAMC/CLK
High Pulse Width  Fast    RAMD32/CLK  n/a            1.250         5.000       3.750      SLICE_X2Y71     sys/u_mem/ram_reg_0_15_0_3/RAMC/CLK



--------------------------------------------------------------------------------------
Path Group:  (none)
From Clock:  
  To Clock:  

Max Delay             4 Endpoints
Min Delay             4 Endpoints
--------------------------------------------------------------------------------------


Max Delay Paths
--------------------------------------------------------------------------------------
Slack:                    inf
  Source:                 SW[0]
                            (input port)
  Destination:            LED[2]
                            (output port)
  Path Group:             (none)
  Path Type:              Max at Slow Process Corner
  Data Path Delay:        11.490ns  (logic 5.406ns (47.052%)  route 6.084ns (52.948%))
  Logic Levels:           3  (IBUF=1 OBUF=1 RAMD32=1)

    Location             Delay type                Incr(ns)  Path(ns)    Netlist Resource(s)
  -------------------------------------------------------------------    -------------------
    J15                                               0.000     0.000 r  SW[0] (IN)
                         net (fo=0)                   0.000     0.000    SW[0]
    J15                  IBUF (Prop_ibuf_I_O)         1.478     1.478 r  SW_IBUF[0]_inst/O
                         net (fo=6, routed)           2.723     4.200    sys/u_mem/ram_reg_0_15_0_3/ADDRB0
    SLICE_X2Y71          RAMD32 (Prop_ramd32_RADR0_O)
                                                      0.152     4.352 r  sys/u_mem/ram_reg_0_15_0_3/RAMB/O
                         net (fo=1, routed)           3.361     7.713    LED_OBUF[2]
    J13                  OBUF (Prop_obuf_I_O)         3.777    11.490 r  LED_OBUF[2]_inst/O
                         net (fo=0)                   0.000    11.490    LED[2]
    J13                                                               r  LED[2] (OUT)
  -------------------------------------------------------------------    -------------------

Slack:                    inf
  Source:                 SW[0]
                            (input port)
  Destination:            LED[0]
                            (output port)
  Path Group:             (none)
  Path Type:              Max at Slow Process Corner
  Data Path Delay:        11.356ns  (logic 5.352ns (47.129%)  route 6.004ns (52.871%))
  Logic Levels:           3  (IBUF=1 OBUF=1 RAMD32=1)

    Location             Delay type                Incr(ns)  Path(ns)    Netlist Resource(s)
  -------------------------------------------------------------------    -------------------
    J15                                               0.000     0.000 r  SW[0] (IN)
                         net (fo=0)                   0.000     0.000    SW[0]
    J15                  IBUF (Prop_ibuf_I_O)         1.478     1.478 r  SW_IBUF[0]_inst/O
                         net (fo=6, routed)           2.733     4.210    sys/u_mem/ram_reg_0_15_0_3/ADDRA0
    SLICE_X2Y71          RAMD32 (Prop_ramd32_RADR0_O)
                                                      0.150     4.360 r  sys/u_mem/ram_reg_0_15_0_3/RAMA/O
                         net (fo=1, routed)           3.271     7.632    LED_OBUF[0]
    H17                  OBUF (Prop_obuf_I_O)         3.724    11.356 r  LED_OBUF[0]_inst/O
                         net (fo=0)                   0.000    11.356    LED[0]
    H17                                                               r  LED[0] (OUT)
  -------------------------------------------------------------------    -------------------

Slack:                    inf
  Source:                 SW[0]
                            (input port)
  Destination:            LED[1]
                            (output port)
  Path Group:             (none)
  Path Type:              Max at Slow Process Corner
  Data Path Delay:        10.449ns  (logic 5.137ns (49.161%)  route 5.312ns (50.839%))
  Logic Levels:           3  (IBUF=1 OBUF=1 RAMD32=1)

    Location             Delay type                Incr(ns)  Path(ns)    Netlist Resource(s)
  -------------------------------------------------------------------    -------------------
    J15                                               0.000     0.000 r  SW[0] (IN)
                         net (fo=0)                   0.000     0.000    SW[0]
    J15                  IBUF (Prop_ibuf_I_O)         1.478     1.478 r  SW_IBUF[0]_inst/O
                         net (fo=6, routed)           2.733     4.210    sys/u_mem/ram_reg_0_15_0_3/ADDRA0
    SLICE_X2Y71          RAMD32 (Prop_ramd32_RADR0_O)
                                                      0.124     4.334 r  sys/u_mem/ram_reg_0_15_0_3/RAMA_D1/O
                         net (fo=1, routed)           2.580     6.914    LED_OBUF[1]
    K15                  OBUF (Prop_obuf_I_O)         3.535    10.449 r  LED_OBUF[1]_inst/O
                         net (fo=0)                   0.000    10.449    LED[1]
    K15                                                               r  LED[1] (OUT)
  -------------------------------------------------------------------    -------------------

Slack:                    inf
  Source:                 SW[0]
                            (input port)
  Destination:            LED[3]
                            (output port)
  Path Group:             (none)
  Path Type:              Max at Slow Process Corner
  Data Path Delay:        9.972ns  (logic 5.152ns (51.667%)  route 4.820ns (48.333%))
  Logic Levels:           3  (IBUF=1 OBUF=1 RAMD32=1)

    Location             Delay type                Incr(ns)  Path(ns)    Netlist Resource(s)
  -------------------------------------------------------------------    -------------------
    J15                                               0.000     0.000 r  SW[0] (IN)
                         net (fo=0)                   0.000     0.000    SW[0]
    J15                  IBUF (Prop_ibuf_I_O)         1.478     1.478 r  SW_IBUF[0]_inst/O
                         net (fo=6, routed)           2.723     4.200    sys/u_mem/ram_reg_0_15_0_3/ADDRB0
    SLICE_X2Y71          RAMD32 (Prop_ramd32_RADR0_O)
                                                      0.124     4.324 r  sys/u_mem/ram_reg_0_15_0_3/RAMB_D1/O
                         net (fo=1, routed)           2.097     6.421    LED_OBUF[3]
    N14                  OBUF (Prop_obuf_I_O)         3.551     9.972 r  LED_OBUF[3]_inst/O
                         net (fo=0)                   0.000     9.972    LED[3]
    N14                                                               r  LED[3] (OUT)
  -------------------------------------------------------------------    -------------------





Min Delay Paths
--------------------------------------------------------------------------------------
Slack:                    inf
  Source:                 SW[3]
                            (input port)
  Destination:            LED[3]
                            (output port)
  Path Group:             (none)
  Path Type:              Min at Fast Process Corner
  Data Path Delay:        2.609ns  (logic 1.541ns (59.074%)  route 1.068ns (40.926%))
  Logic Levels:           3  (IBUF=1 OBUF=1 RAMD32=1)

    Location             Delay type                Incr(ns)  Path(ns)    Netlist Resource(s)
  -------------------------------------------------------------------    -------------------
    R15                                               0.000     0.000 r  SW[3] (IN)
                         net (fo=0)                   0.000     0.000    SW[3]
    R15                  IBUF (Prop_ibuf_I_O)         0.245     0.245 r  SW_IBUF[3]_inst/O
                         net (fo=6, routed)           0.548     0.793    sys/u_mem/ram_reg_0_15_0_3/ADDRB3
    SLICE_X2Y71          RAMD32 (Prop_ramd32_RADR3_O)
                                                      0.045     0.838 r  sys/u_mem/ram_reg_0_15_0_3/RAMB_D1/O
                         net (fo=1, routed)           0.520     1.358    LED_OBUF[3]
    N14                  OBUF (Prop_obuf_I_O)         1.251     2.609 r  LED_OBUF[3]_inst/O
                         net (fo=0)                   0.000     2.609    LED[3]
    N14                                                               r  LED[3] (OUT)
  -------------------------------------------------------------------    -------------------

Slack:                    inf
  Source:                 SW[3]
                            (input port)
  Destination:            LED[1]
                            (output port)
  Path Group:             (none)
  Path Type:              Min at Fast Process Corner
  Data Path Delay:        2.782ns  (logic 1.526ns (54.852%)  route 1.256ns (45.148%))
  Logic Levels:           3  (IBUF=1 OBUF=1 RAMD32=1)

    Location             Delay type                Incr(ns)  Path(ns)    Netlist Resource(s)
  -------------------------------------------------------------------    -------------------
    R15                                               0.000     0.000 r  SW[3] (IN)
                         net (fo=0)                   0.000     0.000    SW[3]
    R15                  IBUF (Prop_ibuf_I_O)         0.245     0.245 r  SW_IBUF[3]_inst/O
                         net (fo=6, routed)           0.549     0.794    sys/u_mem/ram_reg_0_15_0_3/ADDRA3
    SLICE_X2Y71          RAMD32 (Prop_ramd32_RADR3_O)
                                                      0.045     0.839 r  sys/u_mem/ram_reg_0_15_0_3/RAMA_D1/O
                         net (fo=1, routed)           0.708     1.546    LED_OBUF[1]
    K15                  OBUF (Prop_obuf_I_O)         1.236     2.782 r  LED_OBUF[1]_inst/O
                         net (fo=0)                   0.000     2.782    LED[1]
    K15                                                               r  LED[1] (OUT)
  -------------------------------------------------------------------    -------------------

Slack:                    inf
  Source:                 SW[3]
                            (input port)
  Destination:            LED[0]
                            (output port)
  Path Group:             (none)
  Path Type:              Min at Fast Process Corner
  Data Path Delay:        3.162ns  (logic 1.578ns (49.910%)  route 1.584ns (50.090%))
  Logic Levels:           3  (IBUF=1 OBUF=1 RAMD32=1)

    Location             Delay type                Incr(ns)  Path(ns)    Netlist Resource(s)
  -------------------------------------------------------------------    -------------------
    R15                                               0.000     0.000 r  SW[3] (IN)
                         net (fo=0)                   0.000     0.000    SW[3]
    R15                  IBUF (Prop_ibuf_I_O)         0.245     0.245 r  SW_IBUF[3]_inst/O
                         net (fo=6, routed)           0.549     0.794    sys/u_mem/ram_reg_0_15_0_3/ADDRA3
    SLICE_X2Y71          RAMD32 (Prop_ramd32_RADR3_O)
                                                      0.046     0.840 r  sys/u_mem/ram_reg_0_15_0_3/RAMA/O
                         net (fo=1, routed)           1.035     1.875    LED_OBUF[0]
    H17                  OBUF (Prop_obuf_I_O)         1.287     3.162 r  LED_OBUF[0]_inst/O
                         net (fo=0)                   0.000     3.162    LED[0]
    H17                                                               r  LED[0] (OUT)
  -------------------------------------------------------------------    -------------------

Slack:                    inf
  Source:                 SW[3]
                            (input port)
  Destination:            LED[2]
                            (output port)
  Path Group:             (none)
  Path Type:              Min at Fast Process Corner
  Data Path Delay:        3.225ns  (logic 1.618ns (50.179%)  route 1.607ns (49.821%))
  Logic Levels:           3  (IBUF=1 OBUF=1 RAMD32=1)

    Location             Delay type                Incr(ns)  Path(ns)    Netlist Resource(s)
  -------------------------------------------------------------------    -------------------
    R15                                               0.000     0.000 r  SW[3] (IN)
                         net (fo=0)                   0.000     0.000    SW[3]
    R15                  IBUF (Prop_ibuf_I_O)         0.245     0.245 r  SW_IBUF[3]_inst/O
                         net (fo=6, routed)           0.548     0.793    sys/u_mem/ram_reg_0_15_0_3/ADDRB3
    SLICE_X2Y71          RAMD32 (Prop_ramd32_RADR3_O)
                                                      0.047     0.840 r  sys/u_mem/ram_reg_0_15_0_3/RAMB/O
                         net (fo=1, routed)           1.059     1.899    LED_OBUF[2]
    J13                  OBUF (Prop_obuf_I_O)         1.326     3.225 r  LED_OBUF[2]_inst/O
                         net (fo=0)                   0.000     3.225    LED[2]
    J13                                                               r  LED[2] (OUT)
  -------------------------------------------------------------------    -------------------





--------------------------------------------------------------------------------------
Path Group:  (none)
From Clock:  sys_clk_pin
  To Clock:  

Max Delay            13 Endpoints
Min Delay            13 Endpoints
--------------------------------------------------------------------------------------


Max Delay Paths
--------------------------------------------------------------------------------------
Slack:                    inf
  Source:                 sys/u_rom/data_reg[6]/C
                            (rising edge-triggered cell FDRE clocked by sys_clk_pin  {rise@0.000ns fall@5.000ns period=10.000ns})
  Destination:            LED[11]
                            (output port)
  Path Group:             (none)
  Path Type:              Max at Slow Process Corner
  Data Path Delay:        8.955ns  (logic 4.893ns (54.645%)  route 4.061ns (45.355%))
  Logic Levels:           4  (LUT2=1 LUT4=1 LUT6=1 OBUF=1)
  Clock Uncertainty:      0.025ns  ((TSJ^2 + TIJ^2)^1/2 + DJ) / 2 + PE
    Total System Jitter     (TSJ):    0.050ns
    Total Input Jitter      (TIJ):    0.000ns
    Discrete Jitter          (DJ):    0.000ns
    Phase Error              (PE):    0.000ns

    Location             Delay type                Incr(ns)  Path(ns)    Netlist Resource(s)
  -------------------------------------------------------------------    -------------------
                         (clock sys_clk_pin rise edge)
                                                      0.000     0.000 r  
    E3                                                0.000     0.000 r  CLK100MHZ (IN)
                         net (fo=0)                   0.000     0.000    CLK100MHZ
    E3                   IBUF (Prop_ibuf_I_O)         1.482     1.482 r  CLK100MHZ_IBUF_inst/O
                         net (fo=1, routed)           2.025     3.506    CLK100MHZ_IBUF
    BUFGCTRL_X0Y16       BUFG (Prop_bufg_I_O)         0.096     3.602 r  CLK100MHZ_IBUF_BUFG_inst/O
                         net (fo=45, routed)          1.720     5.323    sys/u_rom/CLK
    SLICE_X2Y63          FDRE                                         r  sys/u_rom/data_reg[6]/C
  -------------------------------------------------------------------    -------------------
    SLICE_X2Y63          FDRE (Prop_fdre_C_Q)         0.518     5.841 r  sys/u_rom/data_reg[6]/Q
                         net (fo=3, routed)           0.871     6.712    sys/u_rom/p_0_in
    SLICE_X2Y63          LUT4 (Prop_lut4_I2_O)        0.153     6.865 r  sys/u_rom/LED_OBUF[9]_inst_i_2/O
                         net (fo=2, routed)           0.438     7.302    sys/u_rom/LED_OBUF[9]_inst_i_2_n_0
    SLICE_X1Y64          LUT6 (Prop_lut6_I0_O)        0.331     7.633 r  sys/u_rom/LED_OBUF[11]_inst_i_3/O
                         net (fo=2, routed)           0.739     8.372    sys/u_rom/LED_OBUF[11]_inst_i_3_n_0
    SLICE_X2Y64          LUT2 (Prop_lut2_I1_O)        0.153     8.525 r  sys/u_rom/LED_OBUF[11]_inst_i_1/O
                         net (fo=2, routed)           2.014    10.539    LED_OBUF[11]
    T16                  OBUF (Prop_obuf_I_O)         3.738    14.277 r  LED_OBUF[11]_inst/O
                         net (fo=0)                   0.000    14.277    LED[11]
    T16                                                               r  LED[11] (OUT)
  -------------------------------------------------------------------    -------------------

Slack:                    inf
  Source:                 sys/u_rom/data_reg[6]/C
                            (rising edge-triggered cell FDRE clocked by sys_clk_pin  {rise@0.000ns fall@5.000ns period=10.000ns})
  Destination:            LED[10]
                            (output port)
  Path Group:             (none)
  Path Type:              Max at Slow Process Corner
  Data Path Delay:        8.657ns  (logic 4.678ns (54.040%)  route 3.979ns (45.960%))
  Logic Levels:           4  (LUT2=1 LUT4=1 LUT6=1 OBUF=1)
  Clock Uncertainty:      0.025ns  ((TSJ^2 + TIJ^2)^1/2 + DJ) / 2 + PE
    Total System Jitter     (TSJ):    0.050ns
    Total Input Jitter      (TIJ):    0.000ns
    Discrete Jitter          (DJ):    0.000ns
    Phase Error              (PE):    0.000ns

    Location             Delay type                Incr(ns)  Path(ns)    Netlist Resource(s)
  -------------------------------------------------------------------    -------------------
                         (clock sys_clk_pin rise edge)
                                                      0.000     0.000 r  
    E3                                                0.000     0.000 r  CLK100MHZ (IN)
                         net (fo=0)                   0.000     0.000    CLK100MHZ
    E3                   IBUF (Prop_ibuf_I_O)         1.482     1.482 r  CLK100MHZ_IBUF_inst/O
                         net (fo=1, routed)           2.025     3.506    CLK100MHZ_IBUF
    BUFGCTRL_X0Y16       BUFG (Prop_bufg_I_O)         0.096     3.602 r  CLK100MHZ_IBUF_BUFG_inst/O
                         net (fo=45, routed)          1.720     5.323    sys/u_rom/CLK
    SLICE_X2Y63          FDRE                                         r  sys/u_rom/data_reg[6]/C
  -------------------------------------------------------------------    -------------------
    SLICE_X2Y63          FDRE (Prop_fdre_C_Q)         0.518     5.841 r  sys/u_rom/data_reg[6]/Q
                         net (fo=3, routed)           0.871     6.712    sys/u_rom/p_0_in
    SLICE_X2Y63          LUT4 (Prop_lut4_I2_O)        0.153     6.865 r  sys/u_rom/LED_OBUF[9]_inst_i_2/O
                         net (fo=2, routed)           0.438     7.302    sys/u_rom/LED_OBUF[9]_inst_i_2_n_0
    SLICE_X1Y64          LUT6 (Prop_lut6_I0_O)        0.331     7.633 r  sys/u_rom/LED_OBUF[11]_inst_i_3/O
                         net (fo=2, routed)           0.739     8.372    sys/u_rom/LED_OBUF[11]_inst_i_3_n_0
    SLICE_X2Y64          LUT2 (Prop_lut2_I0_O)        0.124     8.496 r  sys/u_rom/LED_OBUF[10]_inst_i_1/O
                         net (fo=2, routed)           1.932    10.428    LED_OBUF[10]
    U14                  OBUF (Prop_obuf_I_O)         3.552    13.980 r  LED_OBUF[10]_inst/O
                         net (fo=0)                   0.000    13.980    LED[10]
    U14                                                               r  LED[10] (OUT)
  -------------------------------------------------------------------    -------------------

Slack:                    inf
  Source:                 sys/u_mem/ram_reg_0_15_0_3/RAMB/CLK
                            (rising edge-triggered cell RAMD32 clocked by sys_clk_pin  {rise@0.000ns fall@5.000ns period=10.000ns})
  Destination:            LED[2]
                            (output port)
  Path Group:             (none)
  Path Type:              Max at Slow Process Corner
  Data Path Delay:        8.481ns  (logic 5.120ns (60.367%)  route 3.361ns (39.633%))
  Logic Levels:           1  (OBUF=1)
  Clock Uncertainty:      0.025ns  ((TSJ^2 + TIJ^2)^1/2 + DJ) / 2 + PE
    Total System Jitter     (TSJ):    0.050ns
    Total Input Jitter      (TIJ):    0.000ns
    Discrete Jitter          (DJ):    0.000ns
    Phase Error              (PE):    0.000ns

    Location             Delay type                Incr(ns)  Path(ns)    Netlist Resource(s)
  -------------------------------------------------------------------    -------------------
                         (clock sys_clk_pin rise edge)
                                                      0.000     0.000 r  
    E3                                                0.000     0.000 r  CLK100MHZ (IN)
                         net (fo=0)                   0.000     0.000    CLK100MHZ
    E3                   IBUF (Prop_ibuf_I_O)         1.482     1.482 r  CLK100MHZ_IBUF_inst/O
                         net (fo=1, routed)           2.025     3.506    CLK100MHZ_IBUF
    BUFGCTRL_X0Y16       BUFG (Prop_bufg_I_O)         0.096     3.602 r  CLK100MHZ_IBUF_BUFG_inst/O
                         net (fo=45, routed)          1.711     5.314    sys/u_mem/ram_reg_0_15_0_3/WCLK
    SLICE_X2Y71          RAMD32                                       r  sys/u_mem/ram_reg_0_15_0_3/RAMB/CLK
  -------------------------------------------------------------------    -------------------
    SLICE_X2Y71          RAMD32 (Prop_ramd32_CLK_O)
                                                      1.343     6.657 r  sys/u_mem/ram_reg_0_15_0_3/RAMB/O
                         net (fo=1, routed)           3.361    10.018    LED_OBUF[2]
    J13                  OBUF (Prop_obuf_I_O)         3.777    13.794 r  LED_OBUF[2]_inst/O
                         net (fo=0)                   0.000    13.794    LED[2]
    J13                                                               r  LED[2] (OUT)
  -------------------------------------------------------------------    -------------------

Slack:                    inf
  Source:                 sys/u_mem/ram_reg_0_15_0_3/RAMA/CLK
                            (rising edge-triggered cell RAMD32 clocked by sys_clk_pin  {rise@0.000ns fall@5.000ns period=10.000ns})
  Destination:            LED[0]
                            (output port)
  Path Group:             (none)
  Path Type:              Max at Slow Process Corner
  Data Path Delay:        8.340ns  (logic 5.068ns (60.773%)  route 3.271ns (39.227%))
  Logic Levels:           1  (OBUF=1)
  Clock Uncertainty:      0.025ns  ((TSJ^2 + TIJ^2)^1/2 + DJ) / 2 + PE
    Total System Jitter     (TSJ):    0.050ns
    Total Input Jitter      (TIJ):    0.000ns
    Discrete Jitter          (DJ):    0.000ns
    Phase Error              (PE):    0.000ns

    Location             Delay type                Incr(ns)  Path(ns)    Netlist Resource(s)
  -------------------------------------------------------------------    -------------------
                         (clock sys_clk_pin rise edge)
                                                      0.000     0.000 r  
    E3                                                0.000     0.000 r  CLK100MHZ (IN)
                         net (fo=0)                   0.000     0.000    CLK100MHZ
    E3                   IBUF (Prop_ibuf_I_O)         1.482     1.482 r  CLK100MHZ_IBUF_inst/O
                         net (fo=1, routed)           2.025     3.506    CLK100MHZ_IBUF
    BUFGCTRL_X0Y16       BUFG (Prop_bufg_I_O)         0.096     3.602 r  CLK100MHZ_IBUF_BUFG_inst/O
                         net (fo=45, routed)          1.711     5.314    sys/u_mem/ram_reg_0_15_0_3/WCLK
    SLICE_X2Y71          RAMD32                                       r  sys/u_mem/ram_reg_0_15_0_3/RAMA/CLK
  -------------------------------------------------------------------    -------------------
    SLICE_X2Y71          RAMD32 (Prop_ramd32_CLK_O)
                                                      1.344     6.658 r  sys/u_mem/ram_reg_0_15_0_3/RAMA/O
                         net (fo=1, routed)           3.271     9.929    LED_OBUF[0]
    H17                  OBUF (Prop_obuf_I_O)         3.724    13.654 r  LED_OBUF[0]_inst/O
                         net (fo=0)                   0.000    13.654    LED[0]
    H17                                                               r  LED[0] (OUT)
  -------------------------------------------------------------------    -------------------

Slack:                    inf
  Source:                 sys/u_rom/data_reg[6]/C
                            (rising edge-triggered cell FDRE clocked by sys_clk_pin  {rise@0.000ns fall@5.000ns period=10.000ns})
  Destination:            LED[9]
                            (output port)
  Path Group:             (none)
  Path Type:              Max at Slow Process Corner
  Data Path Delay:        7.746ns  (logic 4.556ns (58.818%)  route 3.190ns (41.182%))
  Logic Levels:           3  (LUT4=1 LUT6=1 OBUF=1)
  Clock Uncertainty:      0.025ns  ((TSJ^2 + TIJ^2)^1/2 + DJ) / 2 + PE
    Total System Jitter     (TSJ):    0.050ns
    Total Input Jitter      (TIJ):    0.000ns
    Discrete Jitter          (DJ):    0.000ns
    Phase Error              (PE):    0.000ns

    Location             Delay type                Incr(ns)  Path(ns)    Netlist Resource(s)
  -------------------------------------------------------------------    -------------------
                         (clock sys_clk_pin rise edge)
                                                      0.000     0.000 r  
    E3                                                0.000     0.000 r  CLK100MHZ (IN)
                         net (fo=0)                   0.000     0.000    CLK100MHZ
    E3                   IBUF (Prop_ibuf_I_O)         1.482     1.482 r  CLK100MHZ_IBUF_inst/O
                         net (fo=1, routed)           2.025     3.506    CLK100MHZ_IBUF
    BUFGCTRL_X0Y16       BUFG (Prop_bufg_I_O)         0.096     3.602 r  CLK100MHZ_IBUF_BUFG_inst/O
                         net (fo=45, routed)          1.720     5.323    sys/u_rom/CLK
    SLICE_X2Y63          FDRE                                         r  sys/u_rom/data_reg[6]/C
  -------------------------------------------------------------------    -------------------
    SLICE_X2Y63          FDRE (Prop_fdre_C_Q)         0.518     5.841 r  sys/u_rom/data_reg[6]/Q
                         net (fo=3, routed)           0.871     6.712    sys/u_rom/p_0_in
    SLICE_X2Y63          LUT4 (Prop_lut4_I2_O)        0.153     6.865 r  sys/u_rom/LED_OBUF[9]_inst_i_2/O
                         net (fo=2, routed)           0.443     7.307    sys/u_rom/LED_OBUF[9]_inst_i_2_n_0
    SLICE_X1Y64          LUT6 (Prop_lut6_I4_O)        0.331     7.638 r  sys/u_rom/LED_OBUF[9]_inst_i_1/O
                         net (fo=2, routed)           1.877     9.515    LED_OBUF[9]
    T15                  OBUF (Prop_obuf_I_O)         3.554    13.069 r  LED_OBUF[9]_inst/O
                         net (fo=0)                   0.000    13.069    LED[9]
    T15                                                               r  LED[9] (OUT)
  -------------------------------------------------------------------    -------------------

Slack:                    inf
  Source:                 sys/u_mem/ram_reg_0_15_0_3/RAMA_D1/CLK
                            (rising edge-triggered cell RAMD32 clocked by sys_clk_pin  {rise@0.000ns fall@5.000ns period=10.000ns})
  Destination:            LED[1]
                            (output port)
  Path Group:             (none)
  Path Type:              Max at Slow Process Corner
  Data Path Delay:        7.424ns  (logic 4.844ns (65.253%)  route 2.580ns (34.747%))
  Logic Levels:           1  (OBUF=1)
  Clock Uncertainty:      0.025ns  ((TSJ^2 + TIJ^2)^1/2 + DJ) / 2 + PE
    Total System Jitter     (TSJ):    0.050ns
    Total Input Jitter      (TIJ):    0.000ns
    Discrete Jitter          (DJ):    0.000ns
    Phase Error              (PE):    0.000ns

    Location             Delay type                Incr(ns)  Path(ns)    Netlist Resource(s)
  -------------------------------------------------------------------    -------------------
                         (clock sys_clk_pin rise edge)
                                                      0.000     0.000 r  
    E3                                                0.000     0.000 r  CLK100MHZ (IN)
                         net (fo=0)                   0.000     0.000    CLK100MHZ
    E3                   IBUF (Prop_ibuf_I_O)         1.482     1.482 r  CLK100MHZ_IBUF_inst/O
                         net (fo=1, routed)           2.025     3.506    CLK100MHZ_IBUF
    BUFGCTRL_X0Y16       BUFG (Prop_bufg_I_O)         0.096     3.602 r  CLK100MHZ_IBUF_BUFG_inst/O
                         net (fo=45, routed)          1.711     5.314    sys/u_mem/ram_reg_0_15_0_3/WCLK
    SLICE_X2Y71          RAMD32                                       r  sys/u_mem/ram_reg_0_15_0_3/RAMA_D1/CLK
  -------------------------------------------------------------------    -------------------
    SLICE_X2Y71          RAMD32 (Prop_ramd32_CLK_O)
                                                      1.309     6.623 r  sys/u_mem/ram_reg_0_15_0_3/RAMA_D1/O
                         net (fo=1, routed)           2.580     9.202    LED_OBUF[1]
    K15                  OBUF (Prop_obuf_I_O)         3.535    12.738 r  LED_OBUF[1]_inst/O
                         net (fo=0)                   0.000    12.738    LED[1]
    K15                                                               r  LED[1] (OUT)
  -------------------------------------------------------------------    -------------------

Slack:                    inf
  Source:                 sys/u_rom/data_reg[6]/C
                            (rising edge-triggered cell FDRE clocked by sys_clk_pin  {rise@0.000ns fall@5.000ns period=10.000ns})
  Destination:            LED[8]
                            (output port)
  Path Group:             (none)
  Path Type:              Max at Slow Process Corner
  Data Path Delay:        7.339ns  (logic 4.314ns (58.775%)  route 3.026ns (41.225%))
  Logic Levels:           3  (LUT4=1 LUT5=1 OBUF=1)
  Clock Uncertainty:      0.025ns  ((TSJ^2 + TIJ^2)^1/2 + DJ) / 2 + PE
    Total System Jitter     (TSJ):    0.050ns
    Total Input Jitter      (TIJ):    0.000ns
    Discrete Jitter          (DJ):    0.000ns
    Phase Error              (PE):    0.000ns

    Location             Delay type                Incr(ns)  Path(ns)    Netlist Resource(s)
  -------------------------------------------------------------------    -------------------
                         (clock sys_clk_pin rise edge)
                                                      0.000     0.000 r  
    E3                                                0.000     0.000 r  CLK100MHZ (IN)
                         net (fo=0)                   0.000     0.000    CLK100MHZ
    E3                   IBUF (Prop_ibuf_I_O)         1.482     1.482 r  CLK100MHZ_IBUF_inst/O
                         net (fo=1, routed)           2.025     3.506    CLK100MHZ_IBUF
    BUFGCTRL_X0Y16       BUFG (Prop_bufg_I_O)         0.096     3.602 r  CLK100MHZ_IBUF_BUFG_inst/O
                         net (fo=45, routed)          1.720     5.323    sys/u_rom/CLK
    SLICE_X2Y63          FDRE                                         r  sys/u_rom/data_reg[6]/C
  -------------------------------------------------------------------    -------------------
    SLICE_X2Y63          FDRE (Prop_fdre_C_Q)         0.518     5.841 r  sys/u_rom/data_reg[6]/Q
                         net (fo=3, routed)           0.871     6.712    sys/u_rom/p_0_in
    SLICE_X2Y63          LUT4 (Prop_lut4_I1_O)        0.124     6.836 r  sys/u_rom/LED_OBUF[9]_inst_i_3/O
                         net (fo=3, routed)           0.318     7.153    sys/u_rom/LED_OBUF[9]_inst_i_3_n_0
    SLICE_X0Y64          LUT5 (Prop_lut5_I0_O)        0.124     7.277 r  sys/u_rom/LED_OBUF[8]_inst_i_1/O
                         net (fo=2, routed)           1.837     9.114    LED_OBUF[8]
    V16                  OBUF (Prop_obuf_I_O)         3.548    12.662 r  LED_OBUF[8]_inst/O
                         net (fo=0)                   0.000    12.662    LED[8]
    V16                                                               r  LED[8] (OUT)
  -------------------------------------------------------------------    -------------------

Slack:                    inf
  Source:                 sys/u_mem/ram_reg_0_15_0_3/RAMB_D1/CLK
                            (rising edge-triggered cell RAMD32 clocked by sys_clk_pin  {rise@0.000ns fall@5.000ns period=10.000ns})
  Destination:            LED[3]
                            (output port)
  Path Group:             (none)
  Path Type:              Max at Slow Process Corner
  Data Path Delay:        6.965ns  (logic 4.868ns (69.889%)  route 2.097ns (30.111%))
  Logic Levels:           1  (OBUF=1)
  Clock Uncertainty:      0.025ns  ((TSJ^2 + TIJ^2)^1/2 + DJ) / 2 + PE
    Total System Jitter     (TSJ):    0.050ns
    Total Input Jitter      (TIJ):    0.000ns
    Discrete Jitter          (DJ):    0.000ns
    Phase Error              (PE):    0.000ns

    Location             Delay type                Incr(ns)  Path(ns)    Netlist Resource(s)
  -------------------------------------------------------------------    -------------------
                         (clock sys_clk_pin rise edge)
                                                      0.000     0.000 r  
    E3                                                0.000     0.000 r  CLK100MHZ (IN)
                         net (fo=0)                   0.000     0.000    CLK100MHZ
    E3                   IBUF (Prop_ibuf_I_O)         1.482     1.482 r  CLK100MHZ_IBUF_inst/O
                         net (fo=1, routed)           2.025     3.506    CLK100MHZ_IBUF
    BUFGCTRL_X0Y16       BUFG (Prop_bufg_I_O)         0.096     3.602 r  CLK100MHZ_IBUF_BUFG_inst/O
                         net (fo=45, routed)          1.711     5.314    sys/u_mem/ram_reg_0_15_0_3/WCLK
    SLICE_X2Y71          RAMD32                                       r  sys/u_mem/ram_reg_0_15_0_3/RAMB_D1/CLK
  -------------------------------------------------------------------    -------------------
    SLICE_X2Y71          RAMD32 (Prop_ramd32_CLK_O)
                                                      1.317     6.631 r  sys/u_mem/ram_reg_0_15_0_3/RAMB_D1/O
                         net (fo=1, routed)           2.097     8.728    LED_OBUF[3]
    N14                  OBUF (Prop_obuf_I_O)         3.551    12.278 r  LED_OBUF[3]_inst/O
                         net (fo=0)                   0.000    12.278    LED[3]
    N14                                                               r  LED[3] (OUT)
  -------------------------------------------------------------------    -------------------

Slack:                    inf
  Source:                 sys/u_cu/FSM_sequential_stato_corrente_reg[1]/C
                            (rising edge-triggered cell FDRE clocked by sys_clk_pin  {rise@0.000ns fall@5.000ns period=10.000ns})
  Destination:            LED[7]
                            (output port)
  Path Group:             (none)
  Path Type:              Max at Slow Process Corner
  Data Path Delay:        6.682ns  (logic 4.135ns (61.888%)  route 2.547ns (38.112%))
  Logic Levels:           2  (LUT2=1 OBUF=1)
  Clock Uncertainty:      0.025ns  ((TSJ^2 + TIJ^2)^1/2 + DJ) / 2 + PE
    Total System Jitter     (TSJ):    0.050ns
    Total Input Jitter      (TIJ):    0.000ns
    Discrete Jitter          (DJ):    0.000ns
    Phase Error              (PE):    0.000ns

    Location             Delay type                Incr(ns)  Path(ns)    Netlist Resource(s)
  -------------------------------------------------------------------    -------------------
                         (clock sys_clk_pin rise edge)
                                                      0.000     0.000 r  
    E3                                                0.000     0.000 r  CLK100MHZ (IN)
                         net (fo=0)                   0.000     0.000    CLK100MHZ
    E3                   IBUF (Prop_ibuf_I_O)         1.482     1.482 r  CLK100MHZ_IBUF_inst/O
                         net (fo=1, routed)           2.025     3.506    CLK100MHZ_IBUF
    BUFGCTRL_X0Y16       BUFG (Prop_bufg_I_O)         0.096     3.602 r  CLK100MHZ_IBUF_BUFG_inst/O
                         net (fo=45, routed)          1.720     5.323    sys/u_cu/CLK
    SLICE_X1Y63          FDRE                                         r  sys/u_cu/FSM_sequential_stato_corrente_reg[1]/C
  -------------------------------------------------------------------    -------------------
    SLICE_X1Y63          FDRE (Prop_fdre_C_Q)         0.456     5.779 r  sys/u_cu/FSM_sequential_stato_corrente_reg[1]/Q
                         net (fo=6, routed)           0.879     6.658    sys/u_cu/stato_corrente[1]
    SLICE_X0Y63          LUT2 (Prop_lut2_I1_O)        0.124     6.782 r  sys/u_cu/LED_OBUF[7]_inst_i_1/O
                         net (fo=1, routed)           1.668     8.449    LED_OBUF[7]
    U16                  OBUF (Prop_obuf_I_O)         3.555    12.005 r  LED_OBUF[7]_inst/O
                         net (fo=0)                   0.000    12.005    LED[7]
    U16                                                               r  LED[7] (OUT)
  -------------------------------------------------------------------    -------------------

Slack:                    inf
  Source:                 sys/u_cnt/cnt_reg[1]/C
                            (rising edge-triggered cell FDRE clocked by sys_clk_pin  {rise@0.000ns fall@5.000ns period=10.000ns})
  Destination:            LED[13]
                            (output port)
  Path Group:             (none)
  Path Type:              Max at Slow Process Corner
  Data Path Delay:        6.168ns  (logic 4.203ns (68.149%)  route 1.964ns (31.851%))
  Logic Levels:           1  (OBUF=1)
  Clock Uncertainty:      0.025ns  ((TSJ^2 + TIJ^2)^1/2 + DJ) / 2 + PE
    Total System Jitter     (TSJ):    0.050ns
    Total Input Jitter      (TIJ):    0.000ns
    Discrete Jitter          (DJ):    0.000ns
    Phase Error              (PE):    0.000ns

    Location             Delay type                Incr(ns)  Path(ns)    Netlist Resource(s)
  -------------------------------------------------------------------    -------------------
                         (clock sys_clk_pin rise edge)
                                                      0.000     0.000 r  
    E3                                                0.000     0.000 r  CLK100MHZ (IN)
                         net (fo=0)                   0.000     0.000    CLK100MHZ
    E3                   IBUF (Prop_ibuf_I_O)         1.482     1.482 r  CLK100MHZ_IBUF_inst/O
                         net (fo=1, routed)           2.025     3.506    CLK100MHZ_IBUF
    BUFGCTRL_X0Y16       BUFG (Prop_bufg_I_O)         0.096     3.602 r  CLK100MHZ_IBUF_BUFG_inst/O
                         net (fo=45, routed)          1.718     5.321    sys/u_cnt/CLK
    SLICE_X2Y65          FDRE                                         r  sys/u_cnt/cnt_reg[1]/C
  -------------------------------------------------------------------    -------------------
    SLICE_X2Y65          FDRE (Prop_fdre_C_Q)         0.478     5.799 r  sys/u_cnt/cnt_reg[1]/Q
                         net (fo=21, routed)          1.964     7.763    LED_OBUF[13]
    V14                  OBUF (Prop_obuf_I_O)         3.725    11.488 r  LED_OBUF[13]_inst/O
                         net (fo=0)                   0.000    11.488    LED[13]
    V14                                                               r  LED[13] (OUT)
  -------------------------------------------------------------------    -------------------





Min Delay Paths
--------------------------------------------------------------------------------------
Slack:                    inf
  Source:                 sys/u_cnt/cnt_reg[0]/C
                            (rising edge-triggered cell FDRE clocked by sys_clk_pin  {rise@0.000ns fall@5.000ns period=10.000ns})
  Destination:            LED[12]
                            (output port)
  Path Group:             (none)
  Path Type:              Min at Fast Process Corner
  Data Path Delay:        1.876ns  (logic 1.416ns (75.487%)  route 0.460ns (24.513%))
  Logic Levels:           1  (OBUF=1)
  Clock Uncertainty:      0.025ns  ((TSJ^2 + TIJ^2)^1/2 + DJ) / 2 + PE
    Total System Jitter     (TSJ):    0.050ns
    Total Input Jitter      (TIJ):    0.000ns
    Discrete Jitter          (DJ):    0.000ns
    Phase Error              (PE):    0.000ns

    Location             Delay type                Incr(ns)  Path(ns)    Netlist Resource(s)
  -------------------------------------------------------------------    -------------------
                         (clock sys_clk_pin rise edge)
                                                      0.000     0.000 r  
    E3                                                0.000     0.000 r  CLK100MHZ (IN)
                         net (fo=0)                   0.000     0.000    CLK100MHZ
    E3                   IBUF (Prop_ibuf_I_O)         0.250     0.250 r  CLK100MHZ_IBUF_inst/O
                         net (fo=1, routed)           0.644     0.894    CLK100MHZ_IBUF
    BUFGCTRL_X0Y16       BUFG (Prop_bufg_I_O)         0.026     0.920 r  CLK100MHZ_IBUF_BUFG_inst/O
                         net (fo=45, routed)          0.600     1.519    sys/u_cnt/CLK
    SLICE_X2Y65          FDRE                                         r  sys/u_cnt/cnt_reg[0]/C
  -------------------------------------------------------------------    -------------------
    SLICE_X2Y65          FDRE (Prop_fdre_C_Q)         0.164     1.683 r  sys/u_cnt/cnt_reg[0]/Q
                         net (fo=22, routed)          0.460     2.143    LED_OBUF[12]
    V15                  OBUF (Prop_obuf_I_O)         1.252     3.396 r  LED_OBUF[12]_inst/O
                         net (fo=0)                   0.000     3.396    LED[12]
    V15                                                               r  LED[12] (OUT)
  -------------------------------------------------------------------    -------------------

Slack:                    inf
  Source:                 sys/u_cnt/cnt_reg[2]/C
                            (rising edge-triggered cell FDRE clocked by sys_clk_pin  {rise@0.000ns fall@5.000ns period=10.000ns})
  Destination:            LED[14]
                            (output port)
  Path Group:             (none)
  Path Type:              Min at Fast Process Corner
  Data Path Delay:        1.885ns  (logic 1.435ns (76.126%)  route 0.450ns (23.874%))
  Logic Levels:           1  (OBUF=1)
  Clock Uncertainty:      0.025ns  ((TSJ^2 + TIJ^2)^1/2 + DJ) / 2 + PE
    Total System Jitter     (TSJ):    0.050ns
    Total Input Jitter      (TIJ):    0.000ns
    Discrete Jitter          (DJ):    0.000ns
    Phase Error              (PE):    0.000ns

    Location             Delay type                Incr(ns)  Path(ns)    Netlist Resource(s)
  -------------------------------------------------------------------    -------------------
                         (clock sys_clk_pin rise edge)
                                                      0.000     0.000 r  
    E3                                                0.000     0.000 r  CLK100MHZ (IN)
                         net (fo=0)                   0.000     0.000    CLK100MHZ
    E3                   IBUF (Prop_ibuf_I_O)         0.250     0.250 r  CLK100MHZ_IBUF_inst/O
                         net (fo=1, routed)           0.644     0.894    CLK100MHZ_IBUF
    BUFGCTRL_X0Y16       BUFG (Prop_bufg_I_O)         0.026     0.920 r  CLK100MHZ_IBUF_BUFG_inst/O
                         net (fo=45, routed)          0.600     1.519    sys/u_cnt/CLK
    SLICE_X2Y64          FDRE                                         r  sys/u_cnt/cnt_reg[2]/C
  -------------------------------------------------------------------    -------------------
    SLICE_X2Y64          FDRE (Prop_fdre_C_Q)         0.164     1.683 r  sys/u_cnt/cnt_reg[2]/Q
                         net (fo=20, routed)          0.450     2.133    LED_OBUF[14]
    V12                  OBUF (Prop_obuf_I_O)         1.271     3.404 r  LED_OBUF[14]_inst/O
                         net (fo=0)                   0.000     3.404    LED[14]
    V12                                                               r  LED[14] (OUT)
  -------------------------------------------------------------------    -------------------

Slack:                    inf
  Source:                 sys/u_cnt/cnt_reg[3]/C
                            (rising edge-triggered cell FDRE clocked by sys_clk_pin  {rise@0.000ns fall@5.000ns period=10.000ns})
  Destination:            LED[15]
                            (output port)
  Path Group:             (none)
  Path Type:              Min at Fast Process Corner
  Data Path Delay:        1.906ns  (logic 1.433ns (75.205%)  route 0.473ns (24.795%))
  Logic Levels:           1  (OBUF=1)
  Clock Uncertainty:      0.025ns  ((TSJ^2 + TIJ^2)^1/2 + DJ) / 2 + PE
    Total System Jitter     (TSJ):    0.050ns
    Total Input Jitter      (TIJ):    0.000ns
    Discrete Jitter          (DJ):    0.000ns
    Phase Error              (PE):    0.000ns

    Location             Delay type                Incr(ns)  Path(ns)    Netlist Resource(s)
  -------------------------------------------------------------------    -------------------
                         (clock sys_clk_pin rise edge)
                                                      0.000     0.000 r  
    E3                                                0.000     0.000 r  CLK100MHZ (IN)
                         net (fo=0)                   0.000     0.000    CLK100MHZ
    E3                   IBUF (Prop_ibuf_I_O)         0.250     0.250 r  CLK100MHZ_IBUF_inst/O
                         net (fo=1, routed)           0.644     0.894    CLK100MHZ_IBUF
    BUFGCTRL_X0Y16       BUFG (Prop_bufg_I_O)         0.026     0.920 r  CLK100MHZ_IBUF_BUFG_inst/O
                         net (fo=45, routed)          0.600     1.519    sys/u_cnt/CLK
    SLICE_X2Y64          FDRE                                         r  sys/u_cnt/cnt_reg[3]/C
  -------------------------------------------------------------------    -------------------
    SLICE_X2Y64          FDRE (Prop_fdre_C_Q)         0.164     1.683 r  sys/u_cnt/cnt_reg[3]/Q
                         net (fo=19, routed)          0.473     2.156    LED_OBUF[15]
    V11                  OBUF (Prop_obuf_I_O)         1.269     3.425 r  LED_OBUF[15]_inst/O
                         net (fo=0)                   0.000     3.425    LED[15]
    V11                                                               r  LED[15] (OUT)
  -------------------------------------------------------------------    -------------------

Slack:                    inf
  Source:                 sys/u_cnt/cnt_reg[1]/C
                            (rising edge-triggered cell FDRE clocked by sys_clk_pin  {rise@0.000ns fall@5.000ns period=10.000ns})
  Destination:            LED[13]
                            (output port)
  Path Group:             (none)
  Path Type:              Min at Fast Process Corner
  Data Path Delay:        1.942ns  (logic 1.456ns (74.953%)  route 0.486ns (25.046%))
  Logic Levels:           1  (OBUF=1)
  Clock Uncertainty:      0.025ns  ((TSJ^2 + TIJ^2)^1/2 + DJ) / 2 + PE
    Total System Jitter     (TSJ):    0.050ns
    Total Input Jitter      (TIJ):    0.000ns
    Discrete Jitter          (DJ):    0.000ns
    Phase Error              (PE):    0.000ns

    Location             Delay type                Incr(ns)  Path(ns)    Netlist Resource(s)
  -------------------------------------------------------------------    -------------------
                         (clock sys_clk_pin rise edge)
                                                      0.000     0.000 r  
    E3                                                0.000     0.000 r  CLK100MHZ (IN)
                         net (fo=0)                   0.000     0.000    CLK100MHZ
    E3                   IBUF (Prop_ibuf_I_O)         0.250     0.250 r  CLK100MHZ_IBUF_inst/O
                         net (fo=1, routed)           0.644     0.894    CLK100MHZ_IBUF
    BUFGCTRL_X0Y16       BUFG (Prop_bufg_I_O)         0.026     0.920 r  CLK100MHZ_IBUF_BUFG_inst/O
                         net (fo=45, routed)          0.600     1.519    sys/u_cnt/CLK
    SLICE_X2Y65          FDRE                                         r  sys/u_cnt/cnt_reg[1]/C
  -------------------------------------------------------------------    -------------------
    SLICE_X2Y65          FDRE (Prop_fdre_C_Q)         0.148     1.667 r  sys/u_cnt/cnt_reg[1]/Q
                         net (fo=21, routed)          0.486     2.154    LED_OBUF[13]
    V14                  OBUF (Prop_obuf_I_O)         1.308     3.462 r  LED_OBUF[13]_inst/O
                         net (fo=0)                   0.000     3.462    LED[13]
    V14                                                               r  LED[13] (OUT)
  -------------------------------------------------------------------    -------------------

Slack:                    inf
  Source:                 sys/u_cu/FSM_sequential_stato_corrente_reg[0]/C
                            (rising edge-triggered cell FDRE clocked by sys_clk_pin  {rise@0.000ns fall@5.000ns period=10.000ns})
  Destination:            LED[7]
                            (output port)
  Path Group:             (none)
  Path Type:              Min at Fast Process Corner
  Data Path Delay:        1.966ns  (logic 1.442ns (73.328%)  route 0.524ns (26.672%))
  Logic Levels:           2  (LUT2=1 OBUF=1)
  Clock Uncertainty:      0.025ns  ((TSJ^2 + TIJ^2)^1/2 + DJ) / 2 + PE
    Total System Jitter     (TSJ):    0.050ns
    Total Input Jitter      (TIJ):    0.000ns
    Discrete Jitter          (DJ):    0.000ns
    Phase Error              (PE):    0.000ns

    Location             Delay type                Incr(ns)  Path(ns)    Netlist Resource(s)
  -------------------------------------------------------------------    -------------------
                         (clock sys_clk_pin rise edge)
                                                      0.000     0.000 r  
    E3                                                0.000     0.000 r  CLK100MHZ (IN)
                         net (fo=0)                   0.000     0.000    CLK100MHZ
    E3                   IBUF (Prop_ibuf_I_O)         0.250     0.250 r  CLK100MHZ_IBUF_inst/O
                         net (fo=1, routed)           0.644     0.894    CLK100MHZ_IBUF
    BUFGCTRL_X0Y16       BUFG (Prop_bufg_I_O)         0.026     0.920 r  CLK100MHZ_IBUF_BUFG_inst/O
                         net (fo=45, routed)          0.600     1.519    sys/u_cu/CLK
    SLICE_X0Y63          FDRE                                         r  sys/u_cu/FSM_sequential_stato_corrente_reg[0]/C
  -------------------------------------------------------------------    -------------------
    SLICE_X0Y63          FDRE (Prop_fdre_C_Q)         0.141     1.660 r  sys/u_cu/FSM_sequential_stato_corrente_reg[0]/Q
                         net (fo=6, routed)           0.206     1.866    sys/u_cu/stato_corrente[0]
    SLICE_X0Y63          LUT2 (Prop_lut2_I0_O)        0.045     1.911 r  sys/u_cu/LED_OBUF[7]_inst_i_1/O
                         net (fo=1, routed)           0.319     2.230    LED_OBUF[7]
    U16                  OBUF (Prop_obuf_I_O)         1.256     3.486 r  LED_OBUF[7]_inst/O
                         net (fo=0)                   0.000     3.486    LED[7]
    U16                                                               r  LED[7] (OUT)
  -------------------------------------------------------------------    -------------------

Slack:                    inf
  Source:                 sys/u_rom/data_reg[4]/C
                            (rising edge-triggered cell FDRE clocked by sys_clk_pin  {rise@0.000ns fall@5.000ns period=10.000ns})
  Destination:            LED[8]
                            (output port)
  Path Group:             (none)
  Path Type:              Min at Fast Process Corner
  Data Path Delay:        1.999ns  (logic 1.434ns (71.766%)  route 0.564ns (28.234%))
  Logic Levels:           2  (LUT5=1 OBUF=1)
  Clock Uncertainty:      0.025ns  ((TSJ^2 + TIJ^2)^1/2 + DJ) / 2 + PE
    Total System Jitter     (TSJ):    0.050ns
    Total Input Jitter      (TIJ):    0.000ns
    Discrete Jitter          (DJ):    0.000ns
    Phase Error              (PE):    0.000ns

    Location             Delay type                Incr(ns)  Path(ns)    Netlist Resource(s)
  -------------------------------------------------------------------    -------------------
                         (clock sys_clk_pin rise edge)
                                                      0.000     0.000 r  
    E3                                                0.000     0.000 r  CLK100MHZ (IN)
                         net (fo=0)                   0.000     0.000    CLK100MHZ
    E3                   IBUF (Prop_ibuf_I_O)         0.250     0.250 r  CLK100MHZ_IBUF_inst/O
                         net (fo=1, routed)           0.644     0.894    CLK100MHZ_IBUF
    BUFGCTRL_X0Y16       BUFG (Prop_bufg_I_O)         0.026     0.920 r  CLK100MHZ_IBUF_BUFG_inst/O
                         net (fo=45, routed)          0.600     1.519    sys/u_rom/CLK
    SLICE_X1Y64          FDRE                                         r  sys/u_rom/data_reg[4]/C
  -------------------------------------------------------------------    -------------------
    SLICE_X1Y64          FDRE (Prop_fdre_C_Q)         0.141     1.660 r  sys/u_rom/data_reg[4]/Q
                         net (fo=5, routed)           0.160     1.821    sys/u_rom/data_reg_n_0_[4]
    SLICE_X0Y64          LUT5 (Prop_lut5_I2_O)        0.045     1.866 r  sys/u_rom/LED_OBUF[8]_inst_i_1/O
                         net (fo=2, routed)           0.404     2.270    LED_OBUF[8]
    V16                  OBUF (Prop_obuf_I_O)         1.248     3.518 r  LED_OBUF[8]_inst/O
                         net (fo=0)                   0.000     3.518    LED[8]
    V16                                                               r  LED[8] (OUT)
  -------------------------------------------------------------------    -------------------

Slack:                    inf
  Source:                 sys/u_rom/data_reg[3]/C
                            (rising edge-triggered cell FDRE clocked by sys_clk_pin  {rise@0.000ns fall@5.000ns period=10.000ns})
  Destination:            LED[9]
                            (output port)
  Path Group:             (none)
  Path Type:              Min at Fast Process Corner
  Data Path Delay:        2.086ns  (logic 1.441ns (69.084%)  route 0.645ns (30.916%))
  Logic Levels:           2  (LUT6=1 OBUF=1)
  Clock Uncertainty:      0.025ns  ((TSJ^2 + TIJ^2)^1/2 + DJ) / 2 + PE
    Total System Jitter     (TSJ):    0.050ns
    Total Input Jitter      (TIJ):    0.000ns
    Discrete Jitter          (DJ):    0.000ns
    Phase Error              (PE):    0.000ns

    Location             Delay type                Incr(ns)  Path(ns)    Netlist Resource(s)
  -------------------------------------------------------------------    -------------------
                         (clock sys_clk_pin rise edge)
                                                      0.000     0.000 r  
    E3                                                0.000     0.000 r  CLK100MHZ (IN)
                         net (fo=0)                   0.000     0.000    CLK100MHZ
    E3                   IBUF (Prop_ibuf_I_O)         0.250     0.250 r  CLK100MHZ_IBUF_inst/O
                         net (fo=1, routed)           0.644     0.894    CLK100MHZ_IBUF
    BUFGCTRL_X0Y16       BUFG (Prop_bufg_I_O)         0.026     0.920 r  CLK100MHZ_IBUF_BUFG_inst/O
                         net (fo=45, routed)          0.600     1.519    sys/u_rom/CLK
    SLICE_X1Y64          FDRE                                         r  sys/u_rom/data_reg[3]/C
  -------------------------------------------------------------------    -------------------
    SLICE_X1Y64          FDRE (Prop_fdre_C_Q)         0.141     1.660 r  sys/u_rom/data_reg[3]/Q
                         net (fo=5, routed)           0.218     1.878    sys/u_rom/p_1_in
    SLICE_X1Y64          LUT6 (Prop_lut6_I2_O)        0.045     1.923 r  sys/u_rom/LED_OBUF[9]_inst_i_1/O
                         net (fo=2, routed)           0.427     2.350    LED_OBUF[9]
    T15                  OBUF (Prop_obuf_I_O)         1.255     3.605 r  LED_OBUF[9]_inst/O
                         net (fo=0)                   0.000     3.605    LED[9]
    T15                                                               r  LED[9] (OUT)
  -------------------------------------------------------------------    -------------------

Slack:                    inf
  Source:                 sys/u_mem/ram_reg_0_15_0_3/RAMB_D1/CLK
                            (rising edge-triggered cell RAMD32 clocked by sys_clk_pin  {rise@0.000ns fall@5.000ns period=10.000ns})
  Destination:            LED[3]
                            (output port)
  Path Group:             (none)
  Path Type:              Min at Fast Process Corner
  Data Path Delay:        2.159ns  (logic 1.639ns (75.913%)  route 0.520ns (24.087%))
  Logic Levels:           1  (OBUF=1)
  Clock Uncertainty:      0.025ns  ((TSJ^2 + TIJ^2)^1/2 + DJ) / 2 + PE
    Total System Jitter     (TSJ):    0.050ns
    Total Input Jitter      (TIJ):    0.000ns
    Discrete Jitter          (DJ):    0.000ns
    Phase Error              (PE):    0.000ns

    Location             Delay type                Incr(ns)  Path(ns)    Netlist Resource(s)
  -------------------------------------------------------------------    -------------------
                         (clock sys_clk_pin rise edge)
                                                      0.000     0.000 r  
    E3                                                0.000     0.000 r  CLK100MHZ (IN)
                         net (fo=0)                   0.000     0.000    CLK100MHZ
    E3                   IBUF (Prop_ibuf_I_O)         0.250     0.250 r  CLK100MHZ_IBUF_inst/O
                         net (fo=1, routed)           0.644     0.894    CLK100MHZ_IBUF
    BUFGCTRL_X0Y16       BUFG (Prop_bufg_I_O)         0.026     0.920 r  CLK100MHZ_IBUF_BUFG_inst/O
                         net (fo=45, routed)          0.594     1.513    sys/u_mem/ram_reg_0_15_0_3/WCLK
    SLICE_X2Y71          RAMD32                                       r  sys/u_mem/ram_reg_0_15_0_3/RAMB_D1/CLK
  -------------------------------------------------------------------    -------------------
    SLICE_X2Y71          RAMD32 (Prop_ramd32_CLK_O)
                                                      0.388     1.901 r  sys/u_mem/ram_reg_0_15_0_3/RAMB_D1/O
                         net (fo=1, routed)           0.520     2.421    LED_OBUF[3]
    N14                  OBUF (Prop_obuf_I_O)         1.251     3.673 r  LED_OBUF[3]_inst/O
                         net (fo=0)                   0.000     3.673    LED[3]
    N14                                                               r  LED[3] (OUT)
  -------------------------------------------------------------------    -------------------

Slack:                    inf
  Source:                 sys/u_rom/data_reg[5]/C
                            (rising edge-triggered cell FDRE clocked by sys_clk_pin  {rise@0.000ns fall@5.000ns period=10.000ns})
  Destination:            LED[10]
                            (output port)
  Path Group:             (none)
  Path Type:              Min at Fast Process Corner
  Data Path Delay:        2.286ns  (logic 1.544ns (67.554%)  route 0.742ns (32.446%))
  Logic Levels:           3  (LUT2=1 LUT6=1 OBUF=1)
  Clock Uncertainty:      0.025ns  ((TSJ^2 + TIJ^2)^1/2 + DJ) / 2 + PE
    Total System Jitter     (TSJ):    0.050ns
    Total Input Jitter      (TIJ):    0.000ns
    Discrete Jitter          (DJ):    0.000ns
    Phase Error              (PE):    0.000ns

    Location             Delay type                Incr(ns)  Path(ns)    Netlist Resource(s)
  -------------------------------------------------------------------    -------------------
                         (clock sys_clk_pin rise edge)
                                                      0.000     0.000 r  
    E3                                                0.000     0.000 r  CLK100MHZ (IN)
                         net (fo=0)                   0.000     0.000    CLK100MHZ
    E3                   IBUF (Prop_ibuf_I_O)         0.250     0.250 r  CLK100MHZ_IBUF_inst/O
                         net (fo=1, routed)           0.644     0.894    CLK100MHZ_IBUF
    BUFGCTRL_X0Y16       BUFG (Prop_bufg_I_O)         0.026     0.920 r  CLK100MHZ_IBUF_BUFG_inst/O
                         net (fo=45, routed)          0.600     1.519    sys/u_rom/CLK
    SLICE_X2Y63          FDRE                                         r  sys/u_rom/data_reg[5]/C
  -------------------------------------------------------------------    -------------------
    SLICE_X2Y63          FDRE (Prop_fdre_C_Q)         0.148     1.667 r  sys/u_rom/data_reg[5]/Q
                         net (fo=3, routed)           0.140     1.807    sys/u_rom/data_reg_n_0_[5]
    SLICE_X2Y63          LUT6 (Prop_lut6_I5_O)        0.098     1.905 r  sys/u_rom/LED_OBUF[11]_inst_i_2/O
                         net (fo=2, routed)           0.145     2.050    sys/u_rom/LED_OBUF[11]_inst_i_2_n_0
    SLICE_X2Y64          LUT2 (Prop_lut2_I1_O)        0.045     2.095 r  sys/u_rom/LED_OBUF[10]_inst_i_1/O
                         net (fo=2, routed)           0.457     2.552    LED_OBUF[10]
    U14                  OBUF (Prop_obuf_I_O)         1.253     3.805 r  LED_OBUF[10]_inst/O
                         net (fo=0)                   0.000     3.805    LED[10]
    U14                                                               r  LED[10] (OUT)
  -------------------------------------------------------------------    -------------------

Slack:                    inf
  Source:                 sys/u_rom/data_reg[5]/C
                            (rising edge-triggered cell FDRE clocked by sys_clk_pin  {rise@0.000ns fall@5.000ns period=10.000ns})
  Destination:            LED[11]
                            (output port)
  Path Group:             (none)
  Path Type:              Min at Fast Process Corner
  Data Path Delay:        2.356ns  (logic 1.595ns (67.700%)  route 0.761ns (32.300%))
  Logic Levels:           3  (LUT2=1 LUT6=1 OBUF=1)
  Clock Uncertainty:      0.025ns  ((TSJ^2 + TIJ^2)^1/2 + DJ) / 2 + PE
    Total System Jitter     (TSJ):    0.050ns
    Total Input Jitter      (TIJ):    0.000ns
    Discrete Jitter          (DJ):    0.000ns
    Phase Error              (PE):    0.000ns

    Location             Delay type                Incr(ns)  Path(ns)    Netlist Resource(s)
  -------------------------------------------------------------------    -------------------
                         (clock sys_clk_pin rise edge)
                                                      0.000     0.000 r  
    E3                                                0.000     0.000 r  CLK100MHZ (IN)
                         net (fo=0)                   0.000     0.000    CLK100MHZ
    E3                   IBUF (Prop_ibuf_I_O)         0.250     0.250 r  CLK100MHZ_IBUF_inst/O
                         net (fo=1, routed)           0.644     0.894    CLK100MHZ_IBUF
    BUFGCTRL_X0Y16       BUFG (Prop_bufg_I_O)         0.026     0.920 r  CLK100MHZ_IBUF_BUFG_inst/O
                         net (fo=45, routed)          0.600     1.519    sys/u_rom/CLK
    SLICE_X2Y63          FDRE                                         r  sys/u_rom/data_reg[5]/C
  -------------------------------------------------------------------    -------------------
    SLICE_X2Y63          FDRE (Prop_fdre_C_Q)         0.148     1.667 r  sys/u_rom/data_reg[5]/Q
                         net (fo=3, routed)           0.140     1.807    sys/u_rom/data_reg_n_0_[5]
    SLICE_X2Y63          LUT6 (Prop_lut6_I5_O)        0.098     1.905 r  sys/u_rom/LED_OBUF[11]_inst_i_2/O
                         net (fo=2, routed)           0.145     2.050    sys/u_rom/LED_OBUF[11]_inst_i_2_n_0
    SLICE_X2Y64          LUT2 (Prop_lut2_I0_O)        0.049     2.099 r  sys/u_rom/LED_OBUF[11]_inst_i_1/O
                         net (fo=2, routed)           0.476     2.575    LED_OBUF[11]
    T16                  OBUF (Prop_obuf_I_O)         1.300     3.876 r  LED_OBUF[11]_inst/O
                         net (fo=0)                   0.000     3.876    LED[11]
    T16                                                               r  LED[11] (OUT)
  -------------------------------------------------------------------    -------------------





--------------------------------------------------------------------------------------
Path Group:  (none)
From Clock:  
  To Clock:  sys_clk_pin

Max Delay            29 Endpoints
Min Delay            29 Endpoints
--------------------------------------------------------------------------------------


Max Delay Paths
--------------------------------------------------------------------------------------
Slack:                    inf
  Source:                 BTNC
                            (input port)
  Destination:            deb/FSM_onehot_current_state_reg[0]/D
                            (rising edge-triggered cell FDRE clocked by sys_clk_pin  {rise@0.000ns fall@5.000ns period=10.000ns})
  Path Group:             (none)
  Path Type:              Setup (Max at Slow Process Corner)
  Data Path Delay:        4.922ns  (logic 1.849ns (37.556%)  route 3.074ns (62.444%))
  Logic Levels:           4  (IBUF=1 LUT3=1 LUT4=1 LUT5=1)
  Clock Path Skew:        5.023ns (DCD - SCD + CPR)
    Destination Clock Delay (DCD):    5.023ns
    Source Clock Delay      (SCD):    0.000ns
    Clock Pessimism Removal (CPR):    0.000ns
  Clock Uncertainty:      0.025ns  ((TSJ^2 + TIJ^2)^1/2 + DJ) / 2 + PE
    Total System Jitter     (TSJ):    0.050ns
    Total Input Jitter      (TIJ):    0.000ns
    Discrete Jitter          (DJ):    0.000ns
    Phase Error              (PE):    0.000ns

    Location             Delay type                Incr(ns)  Path(ns)    Netlist Resource(s)
  -------------------------------------------------------------------    -------------------
    N17                                               0.000     0.000 r  BTNC (IN)
                         net (fo=0)                   0.000     0.000    BTNC
    N17                  IBUF (Prop_ibuf_I_O)         1.477     1.477 r  BTNC_IBUF_inst/O
                         net (fo=3, routed)           1.721     3.198    deb/BTNC_IBUF
    SLICE_X1Y64          LUT3 (Prop_lut3_I1_O)        0.124     3.322 r  deb/FSM_onehot_current_state[2]_i_3/O
                         net (fo=1, routed)           0.931     4.253    deb/FSM_onehot_current_state[2]_i_3_n_0
    SLICE_X2Y62          LUT5 (Prop_lut5_I0_O)        0.124     4.377 r  deb/FSM_onehot_current_state[2]_i_2/O
                         net (fo=3, routed)           0.421     4.798    deb/FSM_onehot_current_state[2]_i_2_n_0
    SLICE_X1Y63          LUT4 (Prop_lut4_I1_O)        0.124     4.922 r  deb/FSM_onehot_current_state[0]_i_1/O
                         net (fo=1, routed)           0.000     4.922    deb/FSM_onehot_current_state[0]_i_1_n_0
    SLICE_X1Y63          FDRE                                         r  deb/FSM_onehot_current_state_reg[0]/D
  -------------------------------------------------------------------    -------------------

                         (clock sys_clk_pin rise edge)
                                                      0.000     0.000 r  
    E3                                                0.000     0.000 r  CLK100MHZ (IN)
                         net (fo=0)                   0.000     0.000    CLK100MHZ
    E3                   IBUF (Prop_ibuf_I_O)         1.411     1.411 r  CLK100MHZ_IBUF_inst/O
                         net (fo=1, routed)           1.920     3.331    CLK100MHZ_IBUF
    BUFGCTRL_X0Y16       BUFG (Prop_bufg_I_O)         0.091     3.422 r  CLK100MHZ_IBUF_BUFG_inst/O
                         net (fo=45, routed)          1.600     5.023    deb/CLK
    SLICE_X1Y63          FDRE                                         r  deb/FSM_onehot_current_state_reg[0]/C

Slack:                    inf
  Source:                 BTNC
                            (input port)
  Destination:            deb/FSM_onehot_current_state_reg[1]/D
                            (rising edge-triggered cell FDRE clocked by sys_clk_pin  {rise@0.000ns fall@5.000ns period=10.000ns})
  Path Group:             (none)
  Path Type:              Setup (Max at Slow Process Corner)
  Data Path Delay:        4.918ns  (logic 1.849ns (37.586%)  route 3.070ns (62.414%))
  Logic Levels:           4  (IBUF=1 LUT3=1 LUT4=1 LUT5=1)
  Clock Path Skew:        5.023ns (DCD - SCD + CPR)
    Destination Clock Delay (DCD):    5.023ns
    Source Clock Delay      (SCD):    0.000ns
    Clock Pessimism Removal (CPR):    0.000ns
  Clock Uncertainty:      0.025ns  ((TSJ^2 + TIJ^2)^1/2 + DJ) / 2 + PE
    Total System Jitter     (TSJ):    0.050ns
    Total Input Jitter      (TIJ):    0.000ns
    Discrete Jitter          (DJ):    0.000ns
    Phase Error              (PE):    0.000ns

    Location             Delay type                Incr(ns)  Path(ns)    Netlist Resource(s)
  -------------------------------------------------------------------    -------------------
    N17                                               0.000     0.000 r  BTNC (IN)
                         net (fo=0)                   0.000     0.000    BTNC
    N17                  IBUF (Prop_ibuf_I_O)         1.477     1.477 r  BTNC_IBUF_inst/O
                         net (fo=3, routed)           1.721     3.198    deb/BTNC_IBUF
    SLICE_X1Y64          LUT3 (Prop_lut3_I1_O)        0.124     3.322 r  deb/FSM_onehot_current_state[2]_i_3/O
                         net (fo=1, routed)           0.931     4.253    deb/FSM_onehot_current_state[2]_i_3_n_0
    SLICE_X2Y62          LUT5 (Prop_lut5_I0_O)        0.124     4.377 r  deb/FSM_onehot_current_state[2]_i_2/O
                         net (fo=3, routed)           0.417     4.794    deb/FSM_onehot_current_state[2]_i_2_n_0
    SLICE_X1Y63          LUT4 (Prop_lut4_I1_O)        0.124     4.918 r  deb/FSM_onehot_current_state[1]_i_1/O
                         net (fo=1, routed)           0.000     4.918    deb/FSM_onehot_current_state[1]_i_1_n_0
    SLICE_X1Y63          FDRE                                         r  deb/FSM_onehot_current_state_reg[1]/D
  -------------------------------------------------------------------    -------------------

                         (clock sys_clk_pin rise edge)
                                                      0.000     0.000 r  
    E3                                                0.000     0.000 r  CLK100MHZ (IN)
                         net (fo=0)                   0.000     0.000    CLK100MHZ
    E3                   IBUF (Prop_ibuf_I_O)         1.411     1.411 r  CLK100MHZ_IBUF_inst/O
                         net (fo=1, routed)           1.920     3.331    CLK100MHZ_IBUF
    BUFGCTRL_X0Y16       BUFG (Prop_bufg_I_O)         0.091     3.422 r  CLK100MHZ_IBUF_BUFG_inst/O
                         net (fo=45, routed)          1.600     5.023    deb/CLK
    SLICE_X1Y63          FDRE                                         r  deb/FSM_onehot_current_state_reg[1]/C

Slack:                    inf
  Source:                 BTNC
                            (input port)
  Destination:            deb/FSM_onehot_current_state_reg[2]/D
                            (rising edge-triggered cell FDRE clocked by sys_clk_pin  {rise@0.000ns fall@5.000ns period=10.000ns})
  Path Group:             (none)
  Path Type:              Setup (Max at Slow Process Corner)
  Data Path Delay:        4.912ns  (logic 1.843ns (37.510%)  route 3.070ns (62.490%))
  Logic Levels:           4  (IBUF=1 LUT3=1 LUT4=1 LUT5=1)
  Clock Path Skew:        5.023ns (DCD - SCD + CPR)
    Destination Clock Delay (DCD):    5.023ns
    Source Clock Delay      (SCD):    0.000ns
    Clock Pessimism Removal (CPR):    0.000ns
  Clock Uncertainty:      0.025ns  ((TSJ^2 + TIJ^2)^1/2 + DJ) / 2 + PE
    Total System Jitter     (TSJ):    0.050ns
    Total Input Jitter      (TIJ):    0.000ns
    Discrete Jitter          (DJ):    0.000ns
    Phase Error              (PE):    0.000ns

    Location             Delay type                Incr(ns)  Path(ns)    Netlist Resource(s)
  -------------------------------------------------------------------    -------------------
    N17                                               0.000     0.000 r  BTNC (IN)
                         net (fo=0)                   0.000     0.000    BTNC
    N17                  IBUF (Prop_ibuf_I_O)         1.477     1.477 r  BTNC_IBUF_inst/O
                         net (fo=3, routed)           1.721     3.198    deb/BTNC_IBUF
    SLICE_X1Y64          LUT3 (Prop_lut3_I1_O)        0.124     3.322 r  deb/FSM_onehot_current_state[2]_i_3/O
                         net (fo=1, routed)           0.931     4.253    deb/FSM_onehot_current_state[2]_i_3_n_0
    SLICE_X2Y62          LUT5 (Prop_lut5_I0_O)        0.124     4.377 r  deb/FSM_onehot_current_state[2]_i_2/O
                         net (fo=3, routed)           0.417     4.794    deb/FSM_onehot_current_state[2]_i_2_n_0
    SLICE_X1Y63          LUT4 (Prop_lut4_I1_O)        0.118     4.912 r  deb/FSM_onehot_current_state[2]_i_1/O
                         net (fo=1, routed)           0.000     4.912    deb/FSM_onehot_current_state[2]_i_1_n_0
    SLICE_X1Y63          FDRE                                         r  deb/FSM_onehot_current_state_reg[2]/D
  -------------------------------------------------------------------    -------------------

                         (clock sys_clk_pin rise edge)
                                                      0.000     0.000 r  
    E3                                                0.000     0.000 r  CLK100MHZ (IN)
                         net (fo=0)                   0.000     0.000    CLK100MHZ
    E3                   IBUF (Prop_ibuf_I_O)         1.411     1.411 r  CLK100MHZ_IBUF_inst/O
                         net (fo=1, routed)           1.920     3.331    CLK100MHZ_IBUF
    BUFGCTRL_X0Y16       BUFG (Prop_bufg_I_O)         0.091     3.422 r  CLK100MHZ_IBUF_BUFG_inst/O
                         net (fo=45, routed)          1.600     5.023    deb/CLK
    SLICE_X1Y63          FDRE                                         r  deb/FSM_onehot_current_state_reg[2]/C

Slack:                    inf
  Source:                 BTND
                            (input port)
  Destination:            deb/count_reg[0]/R
                            (rising edge-triggered cell FDRE clocked by sys_clk_pin  {rise@0.000ns fall@5.000ns period=10.000ns})
  Path Group:             (none)
  Path Type:              Setup (Max at Slow Process Corner)
  Data Path Delay:        4.461ns  (logic 1.632ns (36.586%)  route 2.829ns (63.414%))
  Logic Levels:           2  (IBUF=1 LUT3=1)
  Clock Path Skew:        5.026ns (DCD - SCD + CPR)
    Destination Clock Delay (DCD):    5.026ns
    Source Clock Delay      (SCD):    0.000ns
    Clock Pessimism Removal (CPR):    0.000ns
  Clock Uncertainty:      0.025ns  ((TSJ^2 + TIJ^2)^1/2 + DJ) / 2 + PE
    Total System Jitter     (TSJ):    0.050ns
    Total Input Jitter      (TIJ):    0.000ns
    Discrete Jitter          (DJ):    0.000ns
    Phase Error              (PE):    0.000ns

    Location             Delay type                Incr(ns)  Path(ns)    Netlist Resource(s)
  -------------------------------------------------------------------    -------------------
    P18                                               0.000     0.000 r  BTND (IN)
                         net (fo=0)                   0.000     0.000    BTND
    P18                  IBUF (Prop_ibuf_I_O)         1.480     1.480 r  BTND_IBUF_inst/O
                         net (fo=10, routed)          1.877     3.357    deb/BTND_IBUF
    SLICE_X1Y64          LUT3 (Prop_lut3_I1_O)        0.152     3.509 r  deb/count[0]_i_1/O
                         net (fo=20, routed)          0.952     4.461    deb/count[0]_i_1_n_0
    SLICE_X3Y60          FDRE                                         r  deb/count_reg[0]/R
  -------------------------------------------------------------------    -------------------

                         (clock sys_clk_pin rise edge)
                                                      0.000     0.000 r  
    E3                                                0.000     0.000 r  CLK100MHZ (IN)
                         net (fo=0)                   0.000     0.000    CLK100MHZ
    E3                   IBUF (Prop_ibuf_I_O)         1.411     1.411 r  CLK100MHZ_IBUF_inst/O
                         net (fo=1, routed)           1.920     3.331    CLK100MHZ_IBUF
    BUFGCTRL_X0Y16       BUFG (Prop_bufg_I_O)         0.091     3.422 r  CLK100MHZ_IBUF_BUFG_inst/O
                         net (fo=45, routed)          1.603     5.026    deb/CLK
    SLICE_X3Y60          FDRE                                         r  deb/count_reg[0]/C

Slack:                    inf
  Source:                 BTND
                            (input port)
  Destination:            deb/count_reg[1]/R
                            (rising edge-triggered cell FDRE clocked by sys_clk_pin  {rise@0.000ns fall@5.000ns period=10.000ns})
  Path Group:             (none)
  Path Type:              Setup (Max at Slow Process Corner)
  Data Path Delay:        4.461ns  (logic 1.632ns (36.586%)  route 2.829ns (63.414%))
  Logic Levels:           2  (IBUF=1 LUT3=1)
  Clock Path Skew:        5.026ns (DCD - SCD + CPR)
    Destination Clock Delay (DCD):    5.026ns
    Source Clock Delay      (SCD):    0.000ns
    Clock Pessimism Removal (CPR):    0.000ns
  Clock Uncertainty:      0.025ns  ((TSJ^2 + TIJ^2)^1/2 + DJ) / 2 + PE
    Total System Jitter     (TSJ):    0.050ns
    Total Input Jitter      (TIJ):    0.000ns
    Discrete Jitter          (DJ):    0.000ns
    Phase Error              (PE):    0.000ns

    Location             Delay type                Incr(ns)  Path(ns)    Netlist Resource(s)
  -------------------------------------------------------------------    -------------------
    P18                                               0.000     0.000 r  BTND (IN)
                         net (fo=0)                   0.000     0.000    BTND
    P18                  IBUF (Prop_ibuf_I_O)         1.480     1.480 r  BTND_IBUF_inst/O
                         net (fo=10, routed)          1.877     3.357    deb/BTND_IBUF
    SLICE_X1Y64          LUT3 (Prop_lut3_I1_O)        0.152     3.509 r  deb/count[0]_i_1/O
                         net (fo=20, routed)          0.952     4.461    deb/count[0]_i_1_n_0
    SLICE_X3Y60          FDRE                                         r  deb/count_reg[1]/R
  -------------------------------------------------------------------    -------------------

                         (clock sys_clk_pin rise edge)
                                                      0.000     0.000 r  
    E3                                                0.000     0.000 r  CLK100MHZ (IN)
                         net (fo=0)                   0.000     0.000    CLK100MHZ
    E3                   IBUF (Prop_ibuf_I_O)         1.411     1.411 r  CLK100MHZ_IBUF_inst/O
                         net (fo=1, routed)           1.920     3.331    CLK100MHZ_IBUF
    BUFGCTRL_X0Y16       BUFG (Prop_bufg_I_O)         0.091     3.422 r  CLK100MHZ_IBUF_BUFG_inst/O
                         net (fo=45, routed)          1.603     5.026    deb/CLK
    SLICE_X3Y60          FDRE                                         r  deb/count_reg[1]/C

Slack:                    inf
  Source:                 BTND
                            (input port)
  Destination:            deb/count_reg[2]/R
                            (rising edge-triggered cell FDRE clocked by sys_clk_pin  {rise@0.000ns fall@5.000ns period=10.000ns})
  Path Group:             (none)
  Path Type:              Setup (Max at Slow Process Corner)
  Data Path Delay:        4.461ns  (logic 1.632ns (36.586%)  route 2.829ns (63.414%))
  Logic Levels:           2  (IBUF=1 LUT3=1)
  Clock Path Skew:        5.026ns (DCD - SCD + CPR)
    Destination Clock Delay (DCD):    5.026ns
    Source Clock Delay      (SCD):    0.000ns
    Clock Pessimism Removal (CPR):    0.000ns
  Clock Uncertainty:      0.025ns  ((TSJ^2 + TIJ^2)^1/2 + DJ) / 2 + PE
    Total System Jitter     (TSJ):    0.050ns
    Total Input Jitter      (TIJ):    0.000ns
    Discrete Jitter          (DJ):    0.000ns
    Phase Error              (PE):    0.000ns

    Location             Delay type                Incr(ns)  Path(ns)    Netlist Resource(s)
  -------------------------------------------------------------------    -------------------
    P18                                               0.000     0.000 r  BTND (IN)
                         net (fo=0)                   0.000     0.000    BTND
    P18                  IBUF (Prop_ibuf_I_O)         1.480     1.480 r  BTND_IBUF_inst/O
                         net (fo=10, routed)          1.877     3.357    deb/BTND_IBUF
    SLICE_X1Y64          LUT3 (Prop_lut3_I1_O)        0.152     3.509 r  deb/count[0]_i_1/O
                         net (fo=20, routed)          0.952     4.461    deb/count[0]_i_1_n_0
    SLICE_X3Y60          FDRE                                         r  deb/count_reg[2]/R
  -------------------------------------------------------------------    -------------------

                         (clock sys_clk_pin rise edge)
                                                      0.000     0.000 r  
    E3                                                0.000     0.000 r  CLK100MHZ (IN)
                         net (fo=0)                   0.000     0.000    CLK100MHZ
    E3                   IBUF (Prop_ibuf_I_O)         1.411     1.411 r  CLK100MHZ_IBUF_inst/O
                         net (fo=1, routed)           1.920     3.331    CLK100MHZ_IBUF
    BUFGCTRL_X0Y16       BUFG (Prop_bufg_I_O)         0.091     3.422 r  CLK100MHZ_IBUF_BUFG_inst/O
                         net (fo=45, routed)          1.603     5.026    deb/CLK
    SLICE_X3Y60          FDRE                                         r  deb/count_reg[2]/C

Slack:                    inf
  Source:                 BTND
                            (input port)
  Destination:            deb/count_reg[3]/R
                            (rising edge-triggered cell FDRE clocked by sys_clk_pin  {rise@0.000ns fall@5.000ns period=10.000ns})
  Path Group:             (none)
  Path Type:              Setup (Max at Slow Process Corner)
  Data Path Delay:        4.461ns  (logic 1.632ns (36.586%)  route 2.829ns (63.414%))
  Logic Levels:           2  (IBUF=1 LUT3=1)
  Clock Path Skew:        5.026ns (DCD - SCD + CPR)
    Destination Clock Delay (DCD):    5.026ns
    Source Clock Delay      (SCD):    0.000ns
    Clock Pessimism Removal (CPR):    0.000ns
  Clock Uncertainty:      0.025ns  ((TSJ^2 + TIJ^2)^1/2 + DJ) / 2 + PE
    Total System Jitter     (TSJ):    0.050ns
    Total Input Jitter      (TIJ):    0.000ns
    Discrete Jitter          (DJ):    0.000ns
    Phase Error              (PE):    0.000ns

    Location             Delay type                Incr(ns)  Path(ns)    Netlist Resource(s)
  -------------------------------------------------------------------    -------------------
    P18                                               0.000     0.000 r  BTND (IN)
                         net (fo=0)                   0.000     0.000    BTND
    P18                  IBUF (Prop_ibuf_I_O)         1.480     1.480 r  BTND_IBUF_inst/O
                         net (fo=10, routed)          1.877     3.357    deb/BTND_IBUF
    SLICE_X1Y64          LUT3 (Prop_lut3_I1_O)        0.152     3.509 r  deb/count[0]_i_1/O
                         net (fo=20, routed)          0.952     4.461    deb/count[0]_i_1_n_0
    SLICE_X3Y60          FDRE                                         r  deb/count_reg[3]/R
  -------------------------------------------------------------------    -------------------

                         (clock sys_clk_pin rise edge)
                                                      0.000     0.000 r  
    E3                                                0.000     0.000 r  CLK100MHZ (IN)
                         net (fo=0)                   0.000     0.000    CLK100MHZ
    E3                   IBUF (Prop_ibuf_I_O)         1.411     1.411 r  CLK100MHZ_IBUF_inst/O
                         net (fo=1, routed)           1.920     3.331    CLK100MHZ_IBUF
    BUFGCTRL_X0Y16       BUFG (Prop_bufg_I_O)         0.091     3.422 r  CLK100MHZ_IBUF_BUFG_inst/O
                         net (fo=45, routed)          1.603     5.026    deb/CLK
    SLICE_X3Y60          FDRE                                         r  deb/count_reg[3]/C

Slack:                    inf
  Source:                 BTND
                            (input port)
  Destination:            deb/count_reg[4]/R
                            (rising edge-triggered cell FDRE clocked by sys_clk_pin  {rise@0.000ns fall@5.000ns period=10.000ns})
  Path Group:             (none)
  Path Type:              Setup (Max at Slow Process Corner)
  Data Path Delay:        4.320ns  (logic 1.632ns (37.779%)  route 2.688ns (62.221%))
  Logic Levels:           2  (IBUF=1 LUT3=1)
  Clock Path Skew:        5.025ns (DCD - SCD + CPR)
    Destination Clock Delay (DCD):    5.025ns
    Source Clock Delay      (SCD):    0.000ns
    Clock Pessimism Removal (CPR):    0.000ns
  Clock Uncertainty:      0.025ns  ((TSJ^2 + TIJ^2)^1/2 + DJ) / 2 + PE
    Total System Jitter     (TSJ):    0.050ns
    Total Input Jitter      (TIJ):    0.000ns
    Discrete Jitter          (DJ):    0.000ns
    Phase Error              (PE):    0.000ns

    Location             Delay type                Incr(ns)  Path(ns)    Netlist Resource(s)
  -------------------------------------------------------------------    -------------------
    P18                                               0.000     0.000 r  BTND (IN)
                         net (fo=0)                   0.000     0.000    BTND
    P18                  IBUF (Prop_ibuf_I_O)         1.480     1.480 r  BTND_IBUF_inst/O
                         net (fo=10, routed)          1.877     3.357    deb/BTND_IBUF
    SLICE_X1Y64          LUT3 (Prop_lut3_I1_O)        0.152     3.509 r  deb/count[0]_i_1/O
                         net (fo=20, routed)          0.811     4.320    deb/count[0]_i_1_n_0
    SLICE_X3Y61          FDRE                                         r  deb/count_reg[4]/R
  -------------------------------------------------------------------    -------------------

                         (clock sys_clk_pin rise edge)
                                                      0.000     0.000 r  
    E3                                                0.000     0.000 r  CLK100MHZ (IN)
                         net (fo=0)                   0.000     0.000    CLK100MHZ
    E3                   IBUF (Prop_ibuf_I_O)         1.411     1.411 r  CLK100MHZ_IBUF_inst/O
                         net (fo=1, routed)           1.920     3.331    CLK100MHZ_IBUF
    BUFGCTRL_X0Y16       BUFG (Prop_bufg_I_O)         0.091     3.422 r  CLK100MHZ_IBUF_BUFG_inst/O
                         net (fo=45, routed)          1.602     5.025    deb/CLK
    SLICE_X3Y61          FDRE                                         r  deb/count_reg[4]/C

Slack:                    inf
  Source:                 BTND
                            (input port)
  Destination:            deb/count_reg[5]/R
                            (rising edge-triggered cell FDRE clocked by sys_clk_pin  {rise@0.000ns fall@5.000ns period=10.000ns})
  Path Group:             (none)
  Path Type:              Setup (Max at Slow Process Corner)
  Data Path Delay:        4.320ns  (logic 1.632ns (37.779%)  route 2.688ns (62.221%))
  Logic Levels:           2  (IBUF=1 LUT3=1)
  Clock Path Skew:        5.025ns (DCD - SCD + CPR)
    Destination Clock Delay (DCD):    5.025ns
    Source Clock Delay      (SCD):    0.000ns
    Clock Pessimism Removal (CPR):    0.000ns
  Clock Uncertainty:      0.025ns  ((TSJ^2 + TIJ^2)^1/2 + DJ) / 2 + PE
    Total System Jitter     (TSJ):    0.050ns
    Total Input Jitter      (TIJ):    0.000ns
    Discrete Jitter          (DJ):    0.000ns
    Phase Error              (PE):    0.000ns

    Location             Delay type                Incr(ns)  Path(ns)    Netlist Resource(s)
  -------------------------------------------------------------------    -------------------
    P18                                               0.000     0.000 r  BTND (IN)
                         net (fo=0)                   0.000     0.000    BTND
    P18                  IBUF (Prop_ibuf_I_O)         1.480     1.480 r  BTND_IBUF_inst/O
                         net (fo=10, routed)          1.877     3.357    deb/BTND_IBUF
    SLICE_X1Y64          LUT3 (Prop_lut3_I1_O)        0.152     3.509 r  deb/count[0]_i_1/O
                         net (fo=20, routed)          0.811     4.320    deb/count[0]_i_1_n_0
    SLICE_X3Y61          FDRE                                         r  deb/count_reg[5]/R
  -------------------------------------------------------------------    -------------------

                         (clock sys_clk_pin rise edge)
                                                      0.000     0.000 r  
    E3                                                0.000     0.000 r  CLK100MHZ (IN)
                         net (fo=0)                   0.000     0.000    CLK100MHZ
    E3                   IBUF (Prop_ibuf_I_O)         1.411     1.411 r  CLK100MHZ_IBUF_inst/O
                         net (fo=1, routed)           1.920     3.331    CLK100MHZ_IBUF
    BUFGCTRL_X0Y16       BUFG (Prop_bufg_I_O)         0.091     3.422 r  CLK100MHZ_IBUF_BUFG_inst/O
                         net (fo=45, routed)          1.602     5.025    deb/CLK
    SLICE_X3Y61          FDRE                                         r  deb/count_reg[5]/C

Slack:                    inf
  Source:                 BTND
                            (input port)
  Destination:            deb/count_reg[6]/R
                            (rising edge-triggered cell FDRE clocked by sys_clk_pin  {rise@0.000ns fall@5.000ns period=10.000ns})
  Path Group:             (none)
  Path Type:              Setup (Max at Slow Process Corner)
  Data Path Delay:        4.320ns  (logic 1.632ns (37.779%)  route 2.688ns (62.221%))
  Logic Levels:           2  (IBUF=1 LUT3=1)
  Clock Path Skew:        5.025ns (DCD - SCD + CPR)
    Destination Clock Delay (DCD):    5.025ns
    Source Clock Delay      (SCD):    0.000ns
    Clock Pessimism Removal (CPR):    0.000ns
  Clock Uncertainty:      0.025ns  ((TSJ^2 + TIJ^2)^1/2 + DJ) / 2 + PE
    Total System Jitter     (TSJ):    0.050ns
    Total Input Jitter      (TIJ):    0.000ns
    Discrete Jitter          (DJ):    0.000ns
    Phase Error              (PE):    0.000ns

    Location             Delay type                Incr(ns)  Path(ns)    Netlist Resource(s)
  -------------------------------------------------------------------    -------------------
    P18                                               0.000     0.000 r  BTND (IN)
                         net (fo=0)                   0.000     0.000    BTND
    P18                  IBUF (Prop_ibuf_I_O)         1.480     1.480 r  BTND_IBUF_inst/O
                         net (fo=10, routed)          1.877     3.357    deb/BTND_IBUF
    SLICE_X1Y64          LUT3 (Prop_lut3_I1_O)        0.152     3.509 r  deb/count[0]_i_1/O
                         net (fo=20, routed)          0.811     4.320    deb/count[0]_i_1_n_0
    SLICE_X3Y61          FDRE                                         r  deb/count_reg[6]/R
  -------------------------------------------------------------------    -------------------

                         (clock sys_clk_pin rise edge)
                                                      0.000     0.000 r  
    E3                                                0.000     0.000 r  CLK100MHZ (IN)
                         net (fo=0)                   0.000     0.000    CLK100MHZ
    E3                   IBUF (Prop_ibuf_I_O)         1.411     1.411 r  CLK100MHZ_IBUF_inst/O
                         net (fo=1, routed)           1.920     3.331    CLK100MHZ_IBUF
    BUFGCTRL_X0Y16       BUFG (Prop_bufg_I_O)         0.091     3.422 r  CLK100MHZ_IBUF_BUFG_inst/O
                         net (fo=45, routed)          1.602     5.025    deb/CLK
    SLICE_X3Y61          FDRE                                         r  deb/count_reg[6]/C





Min Delay Paths
--------------------------------------------------------------------------------------
Slack:                    inf
  Source:                 SW[15]
                            (input port)
  Destination:            sys/u_cu/FSM_sequential_stato_corrente_reg[1]/D
                            (rising edge-triggered cell FDRE clocked by sys_clk_pin  {rise@0.000ns fall@5.000ns period=10.000ns})
  Path Group:             (none)
  Path Type:              Hold (Min at Fast Process Corner)
  Data Path Delay:        0.796ns  (logic 0.337ns (42.257%)  route 0.460ns (57.743%))
  Logic Levels:           2  (IBUF=1 LUT6=1)
  Clock Path Skew:        2.037ns (DCD - SCD - CPR)
    Destination Clock Delay (DCD):    2.037ns
    Source Clock Delay      (SCD):    0.000ns
    Clock Pessimism Removal (CPR):    -0.000ns

    Location             Delay type                Incr(ns)  Path(ns)    Netlist Resource(s)
  -------------------------------------------------------------------    -------------------
    V10                                               0.000     0.000 r  SW[15] (IN)
                         net (fo=0)                   0.000     0.000    SW[15]
    V10                  IBUF (Prop_ibuf_I_O)         0.292     0.292 r  SW_IBUF[15]_inst/O
                         net (fo=2, routed)           0.460     0.751    sys/u_cu/SW_IBUF[0]
    SLICE_X1Y63          LUT6 (Prop_lut6_I3_O)        0.045     0.796 r  sys/u_cu/FSM_sequential_stato_corrente[1]_i_1/O
                         net (fo=1, routed)           0.000     0.796    sys/u_cu/FSM_sequential_stato_corrente[1]_i_1_n_0
    SLICE_X1Y63          FDRE                                         r  sys/u_cu/FSM_sequential_stato_corrente_reg[1]/D
  -------------------------------------------------------------------    -------------------

                         (clock sys_clk_pin rise edge)
                                                      0.000     0.000 r  
    E3                                                0.000     0.000 r  CLK100MHZ (IN)
                         net (fo=0)                   0.000     0.000    CLK100MHZ
    E3                   IBUF (Prop_ibuf_I_O)         0.438     0.438 r  CLK100MHZ_IBUF_inst/O
                         net (fo=1, routed)           0.699     1.136    CLK100MHZ_IBUF
    BUFGCTRL_X0Y16       BUFG (Prop_bufg_I_O)         0.029     1.165 r  CLK100MHZ_IBUF_BUFG_inst/O
                         net (fo=45, routed)          0.872     2.037    sys/u_cu/CLK
    SLICE_X1Y63          FDRE                                         r  sys/u_cu/FSM_sequential_stato_corrente_reg[1]/C

Slack:                    inf
  Source:                 BTND
                            (input port)
  Destination:            sys/u_cnt/cnt_reg[2]/R
                            (rising edge-triggered cell FDRE clocked by sys_clk_pin  {rise@0.000ns fall@5.000ns period=10.000ns})
  Path Group:             (none)
  Path Type:              Hold (Min at Fast Process Corner)
  Data Path Delay:        0.909ns  (logic 0.248ns (27.263%)  route 0.661ns (72.737%))
  Logic Levels:           1  (IBUF=1)
  Clock Path Skew:        2.037ns (DCD - SCD - CPR)
    Destination Clock Delay (DCD):    2.037ns
    Source Clock Delay      (SCD):    0.000ns
    Clock Pessimism Removal (CPR):    -0.000ns

    Location             Delay type                Incr(ns)  Path(ns)    Netlist Resource(s)
  -------------------------------------------------------------------    -------------------
    P18                                               0.000     0.000 r  BTND (IN)
                         net (fo=0)                   0.000     0.000    BTND
    P18                  IBUF (Prop_ibuf_I_O)         0.248     0.248 r  BTND_IBUF_inst/O
                         net (fo=10, routed)          0.661     0.909    sys/u_cnt/BTND_IBUF
    SLICE_X2Y64          FDRE                                         r  sys/u_cnt/cnt_reg[2]/R
  -------------------------------------------------------------------    -------------------

                         (clock sys_clk_pin rise edge)
                                                      0.000     0.000 r  
    E3                                                0.000     0.000 r  CLK100MHZ (IN)
                         net (fo=0)                   0.000     0.000    CLK100MHZ
    E3                   IBUF (Prop_ibuf_I_O)         0.438     0.438 r  CLK100MHZ_IBUF_inst/O
                         net (fo=1, routed)           0.699     1.136    CLK100MHZ_IBUF
    BUFGCTRL_X0Y16       BUFG (Prop_bufg_I_O)         0.029     1.165 r  CLK100MHZ_IBUF_BUFG_inst/O
                         net (fo=45, routed)          0.872     2.037    sys/u_cnt/CLK
    SLICE_X2Y64          FDRE                                         r  sys/u_cnt/cnt_reg[2]/C

Slack:                    inf
  Source:                 BTND
                            (input port)
  Destination:            sys/u_cnt/cnt_reg[3]/R
                            (rising edge-triggered cell FDRE clocked by sys_clk_pin  {rise@0.000ns fall@5.000ns period=10.000ns})
  Path Group:             (none)
  Path Type:              Hold (Min at Fast Process Corner)
  Data Path Delay:        0.909ns  (logic 0.248ns (27.263%)  route 0.661ns (72.737%))
  Logic Levels:           1  (IBUF=1)
  Clock Path Skew:        2.037ns (DCD - SCD - CPR)
    Destination Clock Delay (DCD):    2.037ns
    Source Clock Delay      (SCD):    0.000ns
    Clock Pessimism Removal (CPR):    -0.000ns

    Location             Delay type                Incr(ns)  Path(ns)    Netlist Resource(s)
  -------------------------------------------------------------------    -------------------
    P18                                               0.000     0.000 r  BTND (IN)
                         net (fo=0)                   0.000     0.000    BTND
    P18                  IBUF (Prop_ibuf_I_O)         0.248     0.248 r  BTND_IBUF_inst/O
                         net (fo=10, routed)          0.661     0.909    sys/u_cnt/BTND_IBUF
    SLICE_X2Y64          FDRE                                         r  sys/u_cnt/cnt_reg[3]/R
  -------------------------------------------------------------------    -------------------

                         (clock sys_clk_pin rise edge)
                                                      0.000     0.000 r  
    E3                                                0.000     0.000 r  CLK100MHZ (IN)
                         net (fo=0)                   0.000     0.000    CLK100MHZ
    E3                   IBUF (Prop_ibuf_I_O)         0.438     0.438 r  CLK100MHZ_IBUF_inst/O
                         net (fo=1, routed)           0.699     1.136    CLK100MHZ_IBUF
    BUFGCTRL_X0Y16       BUFG (Prop_bufg_I_O)         0.029     1.165 r  CLK100MHZ_IBUF_BUFG_inst/O
                         net (fo=45, routed)          0.872     2.037    sys/u_cnt/CLK
    SLICE_X2Y64          FDRE                                         r  sys/u_cnt/cnt_reg[3]/C

Slack:                    inf
  Source:                 BTND
                            (input port)
  Destination:            sys/u_cnt/cnt_reg[0]/R
                            (rising edge-triggered cell FDRE clocked by sys_clk_pin  {rise@0.000ns fall@5.000ns period=10.000ns})
  Path Group:             (none)
  Path Type:              Hold (Min at Fast Process Corner)
  Data Path Delay:        0.962ns  (logic 0.248ns (25.750%)  route 0.715ns (74.250%))
  Logic Levels:           1  (IBUF=1)
  Clock Path Skew:        2.036ns (DCD - SCD - CPR)
    Destination Clock Delay (DCD):    2.036ns
    Source Clock Delay      (SCD):    0.000ns
    Clock Pessimism Removal (CPR):    -0.000ns

    Location             Delay type                Incr(ns)  Path(ns)    Netlist Resource(s)
  -------------------------------------------------------------------    -------------------
    P18                                               0.000     0.000 r  BTND (IN)
                         net (fo=0)                   0.000     0.000    BTND
    P18                  IBUF (Prop_ibuf_I_O)         0.248     0.248 r  BTND_IBUF_inst/O
                         net (fo=10, routed)          0.715     0.962    sys/u_cnt/BTND_IBUF
    SLICE_X2Y65          FDRE                                         r  sys/u_cnt/cnt_reg[0]/R
  -------------------------------------------------------------------    -------------------

                         (clock sys_clk_pin rise edge)
                                                      0.000     0.000 r  
    E3                                                0.000     0.000 r  CLK100MHZ (IN)
                         net (fo=0)                   0.000     0.000    CLK100MHZ
    E3                   IBUF (Prop_ibuf_I_O)         0.438     0.438 r  CLK100MHZ_IBUF_inst/O
                         net (fo=1, routed)           0.699     1.136    CLK100MHZ_IBUF
    BUFGCTRL_X0Y16       BUFG (Prop_bufg_I_O)         0.029     1.165 r  CLK100MHZ_IBUF_BUFG_inst/O
                         net (fo=45, routed)          0.871     2.036    sys/u_cnt/CLK
    SLICE_X2Y65          FDRE                                         r  sys/u_cnt/cnt_reg[0]/C

Slack:                    inf
  Source:                 BTND
                            (input port)
  Destination:            sys/u_cnt/cnt_reg[1]/R
                            (rising edge-triggered cell FDRE clocked by sys_clk_pin  {rise@0.000ns fall@5.000ns period=10.000ns})
  Path Group:             (none)
  Path Type:              Hold (Min at Fast Process Corner)
  Data Path Delay:        0.962ns  (logic 0.248ns (25.750%)  route 0.715ns (74.250%))
  Logic Levels:           1  (IBUF=1)
  Clock Path Skew:        2.036ns (DCD - SCD - CPR)
    Destination Clock Delay (DCD):    2.036ns
    Source Clock Delay      (SCD):    0.000ns
    Clock Pessimism Removal (CPR):    -0.000ns

    Location             Delay type                Incr(ns)  Path(ns)    Netlist Resource(s)
  -------------------------------------------------------------------    -------------------
    P18                                               0.000     0.000 r  BTND (IN)
                         net (fo=0)                   0.000     0.000    BTND
    P18                  IBUF (Prop_ibuf_I_O)         0.248     0.248 r  BTND_IBUF_inst/O
                         net (fo=10, routed)          0.715     0.962    sys/u_cnt/BTND_IBUF
    SLICE_X2Y65          FDRE                                         r  sys/u_cnt/cnt_reg[1]/R
  -------------------------------------------------------------------    -------------------

                         (clock sys_clk_pin rise edge)
                                                      0.000     0.000 r  
    E3                                                0.000     0.000 r  CLK100MHZ (IN)
                         net (fo=0)                   0.000     0.000    CLK100MHZ
    E3                   IBUF (Prop_ibuf_I_O)         0.438     0.438 r  CLK100MHZ_IBUF_inst/O
                         net (fo=1, routed)           0.699     1.136    CLK100MHZ_IBUF
    BUFGCTRL_X0Y16       BUFG (Prop_bufg_I_O)         0.029     1.165 r  CLK100MHZ_IBUF_BUFG_inst/O
                         net (fo=45, routed)          0.871     2.036    sys/u_cnt/CLK
    SLICE_X2Y65          FDRE                                         r  sys/u_cnt/cnt_reg[1]/C

Slack:                    inf
  Source:                 BTND
                            (input port)
  Destination:            deb/FSM_onehot_current_state_reg[0]/D
                            (rising edge-triggered cell FDRE clocked by sys_clk_pin  {rise@0.000ns fall@5.000ns period=10.000ns})
  Path Group:             (none)
  Path Type:              Hold (Min at Fast Process Corner)
  Data Path Delay:        1.046ns  (logic 0.293ns (27.999%)  route 0.753ns (72.001%))
  Logic Levels:           2  (IBUF=1 LUT4=1)
  Clock Path Skew:        2.037ns (DCD - SCD - CPR)
    Destination Clock Delay (DCD):    2.037ns
    Source Clock Delay      (SCD):    0.000ns
    Clock Pessimism Removal (CPR):    -0.000ns

    Location             Delay type                Incr(ns)  Path(ns)    Netlist Resource(s)
  -------------------------------------------------------------------    -------------------
    P18                                               0.000     0.000 r  BTND (IN)
                         net (fo=0)                   0.000     0.000    BTND
    P18                  IBUF (Prop_ibuf_I_O)         0.248     0.248 r  BTND_IBUF_inst/O
                         net (fo=10, routed)          0.753     1.001    deb/BTND_IBUF
    SLICE_X1Y63          LUT4 (Prop_lut4_I3_O)        0.045     1.046 r  deb/FSM_onehot_current_state[0]_i_1/O
                         net (fo=1, routed)           0.000     1.046    deb/FSM_onehot_current_state[0]_i_1_n_0
    SLICE_X1Y63          FDRE                                         r  deb/FSM_onehot_current_state_reg[0]/D
  -------------------------------------------------------------------    -------------------

                         (clock sys_clk_pin rise edge)
                                                      0.000     0.000 r  
    E3                                                0.000     0.000 r  CLK100MHZ (IN)
                         net (fo=0)                   0.000     0.000    CLK100MHZ
    E3                   IBUF (Prop_ibuf_I_O)         0.438     0.438 r  CLK100MHZ_IBUF_inst/O
                         net (fo=1, routed)           0.699     1.136    CLK100MHZ_IBUF
    BUFGCTRL_X0Y16       BUFG (Prop_bufg_I_O)         0.029     1.165 r  CLK100MHZ_IBUF_BUFG_inst/O
                         net (fo=45, routed)          0.872     2.037    deb/CLK
    SLICE_X1Y63          FDRE                                         r  deb/FSM_onehot_current_state_reg[0]/C

Slack:                    inf
  Source:                 BTND
                            (input port)
  Destination:            deb/FSM_onehot_current_state_reg[1]/D
                            (rising edge-triggered cell FDRE clocked by sys_clk_pin  {rise@0.000ns fall@5.000ns period=10.000ns})
  Path Group:             (none)
  Path Type:              Hold (Min at Fast Process Corner)
  Data Path Delay:        1.046ns  (logic 0.293ns (27.999%)  route 0.753ns (72.001%))
  Logic Levels:           2  (IBUF=1 LUT4=1)
  Clock Path Skew:        2.037ns (DCD - SCD - CPR)
    Destination Clock Delay (DCD):    2.037ns
    Source Clock Delay      (SCD):    0.000ns
    Clock Pessimism Removal (CPR):    -0.000ns

    Location             Delay type                Incr(ns)  Path(ns)    Netlist Resource(s)
  -------------------------------------------------------------------    -------------------
    P18                                               0.000     0.000 f  BTND (IN)
                         net (fo=0)                   0.000     0.000    BTND
    P18                  IBUF (Prop_ibuf_I_O)         0.248     0.248 f  BTND_IBUF_inst/O
                         net (fo=10, routed)          0.753     1.001    deb/BTND_IBUF
    SLICE_X1Y63          LUT4 (Prop_lut4_I3_O)        0.045     1.046 r  deb/FSM_onehot_current_state[1]_i_1/O
                         net (fo=1, routed)           0.000     1.046    deb/FSM_onehot_current_state[1]_i_1_n_0
    SLICE_X1Y63          FDRE                                         r  deb/FSM_onehot_current_state_reg[1]/D
  -------------------------------------------------------------------    -------------------

                         (clock sys_clk_pin rise edge)
                                                      0.000     0.000 r  
    E3                                                0.000     0.000 r  CLK100MHZ (IN)
                         net (fo=0)                   0.000     0.000    CLK100MHZ
    E3                   IBUF (Prop_ibuf_I_O)         0.438     0.438 r  CLK100MHZ_IBUF_inst/O
                         net (fo=1, routed)           0.699     1.136    CLK100MHZ_IBUF
    BUFGCTRL_X0Y16       BUFG (Prop_bufg_I_O)         0.029     1.165 r  CLK100MHZ_IBUF_BUFG_inst/O
                         net (fo=45, routed)          0.872     2.037    deb/CLK
    SLICE_X1Y63          FDRE                                         r  deb/FSM_onehot_current_state_reg[1]/C

Slack:                    inf
  Source:                 BTND
                            (input port)
  Destination:            deb/FSM_onehot_current_state_reg[2]/D
                            (rising edge-triggered cell FDRE clocked by sys_clk_pin  {rise@0.000ns fall@5.000ns period=10.000ns})
  Path Group:             (none)
  Path Type:              Hold (Min at Fast Process Corner)
  Data Path Delay:        1.047ns  (logic 0.294ns (28.068%)  route 0.753ns (71.932%))
  Logic Levels:           2  (IBUF=1 LUT4=1)
  Clock Path Skew:        2.037ns (DCD - SCD - CPR)
    Destination Clock Delay (DCD):    2.037ns
    Source Clock Delay      (SCD):    0.000ns
    Clock Pessimism Removal (CPR):    -0.000ns

    Location             Delay type                Incr(ns)  Path(ns)    Netlist Resource(s)
  -------------------------------------------------------------------    -------------------
    P18                                               0.000     0.000 f  BTND (IN)
                         net (fo=0)                   0.000     0.000    BTND
    P18                  IBUF (Prop_ibuf_I_O)         0.248     0.248 f  BTND_IBUF_inst/O
                         net (fo=10, routed)          0.753     1.001    deb/BTND_IBUF
    SLICE_X1Y63          LUT4 (Prop_lut4_I3_O)        0.046     1.047 r  deb/FSM_onehot_current_state[2]_i_1/O
                         net (fo=1, routed)           0.000     1.047    deb/FSM_onehot_current_state[2]_i_1_n_0
    SLICE_X1Y63          FDRE                                         r  deb/FSM_onehot_current_state_reg[2]/D
  -------------------------------------------------------------------    -------------------

                         (clock sys_clk_pin rise edge)
                                                      0.000     0.000 r  
    E3                                                0.000     0.000 r  CLK100MHZ (IN)
                         net (fo=0)                   0.000     0.000    CLK100MHZ
    E3                   IBUF (Prop_ibuf_I_O)         0.438     0.438 r  CLK100MHZ_IBUF_inst/O
                         net (fo=1, routed)           0.699     1.136    CLK100MHZ_IBUF
    BUFGCTRL_X0Y16       BUFG (Prop_bufg_I_O)         0.029     1.165 r  CLK100MHZ_IBUF_BUFG_inst/O
                         net (fo=45, routed)          0.872     2.037    deb/CLK
    SLICE_X1Y63          FDRE                                         r  deb/FSM_onehot_current_state_reg[2]/C

Slack:                    inf
  Source:                 SW[15]
                            (input port)
  Destination:            sys/u_cu/FSM_sequential_stato_corrente_reg[0]/D
                            (rising edge-triggered cell FDRE clocked by sys_clk_pin  {rise@0.000ns fall@5.000ns period=10.000ns})
  Path Group:             (none)
  Path Type:              Hold (Min at Fast Process Corner)
  Data Path Delay:        1.055ns  (logic 0.334ns (31.622%)  route 0.721ns (68.378%))
  Logic Levels:           2  (IBUF=1 LUT5=1)
  Clock Path Skew:        2.037ns (DCD - SCD - CPR)
    Destination Clock Delay (DCD):    2.037ns
    Source Clock Delay      (SCD):    0.000ns
    Clock Pessimism Removal (CPR):    -0.000ns

    Location             Delay type                Incr(ns)  Path(ns)    Netlist Resource(s)
  -------------------------------------------------------------------    -------------------
    V10                                               0.000     0.000 r  SW[15] (IN)
                         net (fo=0)                   0.000     0.000    SW[15]
    V10                  IBUF (Prop_ibuf_I_O)         0.292     0.292 r  SW_IBUF[15]_inst/O
                         net (fo=2, routed)           0.536     0.827    sys/u_cu/SW_IBUF[0]
    SLICE_X1Y63          LUT5 (Prop_lut5_I3_O)        0.042     0.869 r  sys/u_cu/FSM_sequential_stato_corrente[0]_i_1/O
                         net (fo=1, routed)           0.185     1.055    sys/u_cu/FSM_sequential_stato_corrente[0]_i_1_n_0
    SLICE_X0Y63          FDRE                                         r  sys/u_cu/FSM_sequential_stato_corrente_reg[0]/D
  -------------------------------------------------------------------    -------------------

                         (clock sys_clk_pin rise edge)
                                                      0.000     0.000 r  
    E3                                                0.000     0.000 r  CLK100MHZ (IN)
                         net (fo=0)                   0.000     0.000    CLK100MHZ
    E3                   IBUF (Prop_ibuf_I_O)         0.438     0.438 r  CLK100MHZ_IBUF_inst/O
                         net (fo=1, routed)           0.699     1.136    CLK100MHZ_IBUF
    BUFGCTRL_X0Y16       BUFG (Prop_bufg_I_O)         0.029     1.165 r  CLK100MHZ_IBUF_BUFG_inst/O
                         net (fo=45, routed)          0.872     2.037    sys/u_cu/CLK
    SLICE_X0Y63          FDRE                                         r  sys/u_cu/FSM_sequential_stato_corrente_reg[0]/C

Slack:                    inf
  Source:                 BTNC
                            (input port)
  Destination:            deb/count_reg[12]/R
                            (rising edge-triggered cell FDRE clocked by sys_clk_pin  {rise@0.000ns fall@5.000ns period=10.000ns})
  Path Group:             (none)
  Path Type:              Hold (Min at Fast Process Corner)
  Data Path Delay:        1.216ns  (logic 0.287ns (23.630%)  route 0.929ns (76.370%))
  Logic Levels:           2  (IBUF=1 LUT3=1)
  Clock Path Skew:        2.037ns (DCD - SCD - CPR)
    Destination Clock Delay (DCD):    2.037ns
    Source Clock Delay      (SCD):    0.000ns
    Clock Pessimism Removal (CPR):    -0.000ns

    Location             Delay type                Incr(ns)  Path(ns)    Netlist Resource(s)
  -------------------------------------------------------------------    -------------------
    N17                                               0.000     0.000 r  BTNC (IN)
                         net (fo=0)                   0.000     0.000    BTNC
    N17                  IBUF (Prop_ibuf_I_O)         0.244     0.244 r  BTNC_IBUF_inst/O
                         net (fo=3, routed)           0.698     0.943    deb/BTNC_IBUF
    SLICE_X1Y64          LUT3 (Prop_lut3_I2_O)        0.043     0.986 r  deb/count[0]_i_1/O
                         net (fo=20, routed)          0.231     1.216    deb/count[0]_i_1_n_0
    SLICE_X3Y63          FDRE                                         r  deb/count_reg[12]/R
  -------------------------------------------------------------------    -------------------

                         (clock sys_clk_pin rise edge)
                                                      0.000     0.000 r  
    E3                                                0.000     0.000 r  CLK100MHZ (IN)
                         net (fo=0)                   0.000     0.000    CLK100MHZ
    E3                   IBUF (Prop_ibuf_I_O)         0.438     0.438 r  CLK100MHZ_IBUF_inst/O
                         net (fo=1, routed)           0.699     1.136    CLK100MHZ_IBUF
    BUFGCTRL_X0Y16       BUFG (Prop_bufg_I_O)         0.029     1.165 r  CLK100MHZ_IBUF_BUFG_inst/O
                         net (fo=45, routed)          0.872     2.037    deb/CLK
    SLICE_X3Y63          FDRE                                         r  deb/count_reg[12]/C





