Copyright 1986-2022 Xilinx, Inc. All Rights Reserved. Copyright 2022-2023 Advanced Micro Devices, Inc. All Rights Reserved.
------------------------------------------------------------------------------------------------------------------------------------------------------------------------------------------------------------------------------------
| Tool Version : Vivado v.2023.1 (win64) Build 3865809 Sun May  7 15:05:29 MDT 2023
| Date         : Thu Oct  1 18:01:05 2026
| Host         : MAGI-SYSTEM running 64-bit major release  (build 9200)
| Command      : report_timing_summary -max_paths 10 -report_unconstrained -file cronometro_tl_timing_summary_routed.rpt -pb cronometro_tl_timing_summary_routed.pb -rpx cronometro_tl_timing_summary_routed.rpx -warn_on_violation
| Design       : cronometro_tl
| Device       : 7a100t-csg324
| Speed File   : -1  PRODUCTION 1.23 2018-06-13
| Design State : Routed
------------------------------------------------------------------------------------------------------------------------------------------------------------------------------------------------------------------------------------

Timing Summary Report

------------------------------------------------------------------------------------------------
| Timer Settings
| --------------
------------------------------------------------------------------------------------------------

  Enable Multi Corner Analysis               :  Yes
  Enable Pessimism Removal                   :  Yes
  Pessimism Removal Resolution               :  Nearest Common Node
  Enable Input Delay Default Clock           :  No
  Enable Preset / Clear Arcs                 :  No
  Disable Flight Delays                      :  No
  Ignore I/O Paths                           :  No
  Timing Early Launch at Borrowing Latches   :  No
  Borrow Time for Max Delay Exceptions       :  Yes
  Merge Timing Exceptions                    :  Yes

  Corner  Analyze    Analyze    
  Name    Max Paths  Min Paths  
  ------  ---------  ---------  
  Slow    Yes        Yes        
  Fast    Yes        Yes        


------------------------------------------------------------------------------------------------
| Report Methodology
| ------------------
------------------------------------------------------------------------------------------------

Rule       Severity  Description                    Violations  
---------  --------  -----------------------------  ----------  
TIMING-18  Warning   Missing input or output delay  37          

Note: This report is based on the most recent report_methodology run and may not be up-to-date. Run report_methodology on the current design for the latest report.



check_timing report

Table of Contents
-----------------
1. checking no_clock (0)
2. checking constant_clock (0)
3. checking pulse_width_clock (0)
4. checking unconstrained_internal_endpoints (0)
5. checking no_input_delay (9)
6. checking no_output_delay (17)
7. checking multiple_clock (0)
8. checking generated_clocks (0)
9. checking loops (0)
10. checking partial_input_delay (0)
11. checking partial_output_delay (0)
12. checking latch_loops (0)

1. checking no_clock (0)
------------------------
 There are 0 register/latch pins with no clock.


2. checking constant_clock (0)
------------------------------
 There are 0 register/latch pins with constant_clock.


3. checking pulse_width_clock (0)
---------------------------------
 There are 0 register/latch pins which need pulse_width check


4. checking unconstrained_internal_endpoints (0)
------------------------------------------------
 There are 0 pins that are not constrained for maximum delay.

 There are 0 pins that are not constrained for maximum delay due to constant clock.


5. checking no_input_delay (9)
------------------------------
 There are 9 input ports with no input delay specified. (HIGH)

 There are 0 input ports with no input delay but user has a false path constraint.


6. checking no_output_delay (17)
--------------------------------
 There are 17 ports with no output delay specified. (HIGH)

 There are 0 ports with no output delay but user has a false path constraint

 There are 0 ports with no output delay but with a timing clock defined on it or propagating through it


7. checking multiple_clock (0)
------------------------------
 There are 0 register/latch pins with multiple clocks.


8. checking generated_clocks (0)
--------------------------------
 There are 0 generated clocks that are not connected to a clock source.


9. checking loops (0)
---------------------
 There are 0 combinational loops in the design.


10. checking partial_input_delay (0)
------------------------------------
 There are 0 input ports with partial input delay specified.


11. checking partial_output_delay (0)
-------------------------------------
 There are 0 ports with partial output delay specified.


12. checking latch_loops (0)
----------------------------
 There are 0 combinational latch loops in the design through latch input



------------------------------------------------------------------------------------------------
| Design Timing Summary
| ---------------------
------------------------------------------------------------------------------------------------

    WNS(ns)      TNS(ns)  TNS Failing Endpoints  TNS Total Endpoints      WHS(ns)      THS(ns)  THS Failing Endpoints  THS Total Endpoints     WPWS(ns)     TPWS(ns)  TPWS Failing Endpoints  TPWS Total Endpoints  
    -------      -------  ---------------------  -------------------      -------      -------  ---------------------  -------------------     --------     --------  ----------------------  --------------------  
      5.210        0.000                      0                  172        0.208        0.000                      0                  172        4.500        0.000                       0                   109  


All user specified timing constraints are met.


------------------------------------------------------------------------------------------------
| Clock Summary
| -------------
------------------------------------------------------------------------------------------------

Clock        Waveform(ns)       Period(ns)      Frequency(MHz)
-----        ------------       ----------      --------------
sys_clk_pin  {0.000 5.000}      10.000          100.000         


------------------------------------------------------------------------------------------------
| Intra Clock Table
| -----------------
------------------------------------------------------------------------------------------------

Clock             WNS(ns)      TNS(ns)  TNS Failing Endpoints  TNS Total Endpoints      WHS(ns)      THS(ns)  THS Failing Endpoints  THS Total Endpoints     WPWS(ns)     TPWS(ns)  TPWS Failing Endpoints  TPWS Total Endpoints  
-----             -------      -------  ---------------------  -------------------      -------      -------  ---------------------  -------------------     --------     --------  ----------------------  --------------------  
sys_clk_pin         5.210        0.000                      0                  172        0.208        0.000                      0                  172        4.500        0.000                       0                   109  


------------------------------------------------------------------------------------------------
| Inter Clock Table
| -----------------
------------------------------------------------------------------------------------------------

From Clock    To Clock          WNS(ns)      TNS(ns)  TNS Failing Endpoints  TNS Total Endpoints      WHS(ns)      THS(ns)  THS Failing Endpoints  THS Total Endpoints  
----------    --------          -------      -------  ---------------------  -------------------      -------      -------  ---------------------  -------------------  


------------------------------------------------------------------------------------------------
| Other Path Groups Table
| -----------------------
------------------------------------------------------------------------------------------------

Path Group    From Clock    To Clock          WNS(ns)      TNS(ns)  TNS Failing Endpoints  TNS Total Endpoints      WHS(ns)      THS(ns)  THS Failing Endpoints  THS Total Endpoints  
----------    ----------    --------          -------      -------  ---------------------  -------------------      -------      -------  ---------------------  -------------------  


------------------------------------------------------------------------------------------------
| User Ignored Path Table
| -----------------------
------------------------------------------------------------------------------------------------

Path Group    From Clock    To Clock    
----------    ----------    --------    


------------------------------------------------------------------------------------------------
| Unconstrained Path Table
| ------------------------
------------------------------------------------------------------------------------------------

Path Group    From Clock    To Clock    
----------    ----------    --------    
(none)        sys_clk_pin                 
(none)                      sys_clk_pin   


------------------------------------------------------------------------------------------------
| Timing Details
| --------------
------------------------------------------------------------------------------------------------


---------------------------------------------------------------------------------------------------
From Clock:  sys_clk_pin
  To Clock:  sys_clk_pin

Setup :            0  Failing Endpoints,  Worst Slack        5.210ns,  Total Violation        0.000ns
Hold  :            0  Failing Endpoints,  Worst Slack        0.208ns,  Total Violation        0.000ns
PW    :            0  Failing Endpoints,  Worst Slack        4.500ns,  Total Violation        0.000ns
---------------------------------------------------------------------------------------------------


Max Delay Paths
--------------------------------------------------------------------------------------
Slack (MET) :             5.210ns  (required time - arrival time)
  Source:                 cr/presc/cnt_reg[23]/C
                            (rising edge-triggered cell FDRE clocked by sys_clk_pin  {rise@0.000ns fall@5.000ns period=10.000ns})
  Destination:            cr/min/cnt_reg[3]/CE
                            (rising edge-triggered cell FDRE clocked by sys_clk_pin  {rise@0.000ns fall@5.000ns period=10.000ns})
  Path Group:             sys_clk_pin
  Path Type:              Setup (Max at Slow Process Corner)
  Requirement:            10.000ns  (sys_clk_pin rise@10.000ns - sys_clk_pin rise@0.000ns)
  Data Path Delay:        4.384ns  (logic 1.040ns (23.722%)  route 3.344ns (76.278%))
  Logic Levels:           4  (LUT3=1 LUT4=1 LUT5=2)
  Clock Path Skew:        0.037ns (DCD - SCD + CPR)
    Destination Clock Delay (DCD):    5.002ns = ( 15.002 - 10.000 ) 
    Source Clock Delay      (SCD):    5.224ns
    Clock Pessimism Removal (CPR):    0.259ns
  Clock Uncertainty:      0.035ns  ((TSJ^2 + TIJ^2)^1/2 + DJ) / 2 + PE
    Total System Jitter     (TSJ):    0.071ns
    Total Input Jitter      (TIJ):    0.000ns
    Discrete Jitter          (DJ):    0.000ns
    Phase Error              (PE):    0.000ns

    Location             Delay type                Incr(ns)  Path(ns)    Netlist Resource(s)
  -------------------------------------------------------------------    -------------------
                         (clock sys_clk_pin rise edge)
                                                      0.000     0.000 r  
    E3                                                0.000     0.000 r  CLK100MHZ (IN)
                         net (fo=0)                   0.000     0.000    CLK100MHZ
    E3                   IBUF (Prop_ibuf_I_O)         1.482     1.482 r  CLK100MHZ_IBUF_inst/O
                         net (fo=1, routed)           2.025     3.506    CLK100MHZ_IBUF
    BUFGCTRL_X0Y16       BUFG (Prop_bufg_I_O)         0.096     3.602 r  CLK100MHZ_IBUF_BUFG_inst/O
                         net (fo=108, routed)         1.622     5.224    cr/presc/CLK100MHZ_IBUF_BUFG
    SLICE_X8Y116         FDRE                                         r  cr/presc/cnt_reg[23]/C
  -------------------------------------------------------------------    -------------------
    SLICE_X8Y116         FDRE (Prop_fdre_C_Q)         0.518     5.742 r  cr/presc/cnt_reg[23]/Q
                         net (fo=2, routed)           0.903     6.645    cr/presc/cnt_reg_n_0_[23]
    SLICE_X7Y116         LUT4 (Prop_lut4_I1_O)        0.124     6.769 f  cr/presc/cnt[26]_i_6/O
                         net (fo=1, routed)           0.605     7.374    cr/presc/cnt[26]_i_6_n_0
    SLICE_X5Y112         LUT5 (Prop_lut5_I3_O)        0.124     7.498 r  cr/presc/cnt[26]_i_3/O
                         net (fo=27, routed)          0.549     8.047    cr/presc/cnt[26]_i_3_n_0
    SLICE_X4Y112         LUT5 (Prop_lut5_I1_O)        0.124     8.171 r  cr/presc/cnt[5]_i_1__0/O
                         net (fo=8, routed)           0.775     8.946    cr/presc/set_reg[0]
    SLICE_X3Y116         LUT3 (Prop_lut3_I0_O)        0.150     9.096 r  cr/presc/cnt[5]_i_1/O
                         net (fo=6, routed)           0.513     9.608    cr/min/E[0]
    SLICE_X4Y116         FDRE                                         r  cr/min/cnt_reg[3]/CE
  -------------------------------------------------------------------    -------------------

                         (clock sys_clk_pin rise edge)
                                                     10.000    10.000 r  
    E3                                                0.000    10.000 r  CLK100MHZ (IN)
                         net (fo=0)                   0.000    10.000    CLK100MHZ
    E3                   IBUF (Prop_ibuf_I_O)         1.411    11.411 r  CLK100MHZ_IBUF_inst/O
                         net (fo=1, routed)           1.920    13.331    CLK100MHZ_IBUF
    BUFGCTRL_X0Y16       BUFG (Prop_bufg_I_O)         0.091    13.422 r  CLK100MHZ_IBUF_BUFG_inst/O
                         net (fo=108, routed)         1.580    15.002    cr/min/CLK100MHZ_IBUF_BUFG
    SLICE_X4Y116         FDRE                                         r  cr/min/cnt_reg[3]/C
                         clock pessimism              0.259    15.261    
                         clock uncertainty           -0.035    15.226    
    SLICE_X4Y116         FDRE (Setup_fdre_C_CE)      -0.407    14.819    cr/min/cnt_reg[3]
  -------------------------------------------------------------------
                         required time                         14.819    
                         arrival time                          -9.608    
  -------------------------------------------------------------------
                         slack                                  5.210    

Slack (MET) :             5.210ns  (required time - arrival time)
  Source:                 cr/presc/cnt_reg[23]/C
                            (rising edge-triggered cell FDRE clocked by sys_clk_pin  {rise@0.000ns fall@5.000ns period=10.000ns})
  Destination:            cr/min/cnt_reg[4]/CE
                            (rising edge-triggered cell FDRE clocked by sys_clk_pin  {rise@0.000ns fall@5.000ns period=10.000ns})
  Path Group:             sys_clk_pin
  Path Type:              Setup (Max at Slow Process Corner)
  Requirement:            10.000ns  (sys_clk_pin rise@10.000ns - sys_clk_pin rise@0.000ns)
  Data Path Delay:        4.384ns  (logic 1.040ns (23.722%)  route 3.344ns (76.278%))
  Logic Levels:           4  (LUT3=1 LUT4=1 LUT5=2)
  Clock Path Skew:        0.037ns (DCD - SCD + CPR)
    Destination Clock Delay (DCD):    5.002ns = ( 15.002 - 10.000 ) 
    Source Clock Delay      (SCD):    5.224ns
    Clock Pessimism Removal (CPR):    0.259ns
  Clock Uncertainty:      0.035ns  ((TSJ^2 + TIJ^2)^1/2 + DJ) / 2 + PE
    Total System Jitter     (TSJ):    0.071ns
    Total Input Jitter      (TIJ):    0.000ns
    Discrete Jitter          (DJ):    0.000ns
    Phase Error              (PE):    0.000ns

    Location             Delay type                Incr(ns)  Path(ns)    Netlist Resource(s)
  -------------------------------------------------------------------    -------------------
                         (clock sys_clk_pin rise edge)
                                                      0.000     0.000 r  
    E3                                                0.000     0.000 r  CLK100MHZ (IN)
                         net (fo=0)                   0.000     0.000    CLK100MHZ
    E3                   IBUF (Prop_ibuf_I_O)         1.482     1.482 r  CLK100MHZ_IBUF_inst/O
                         net (fo=1, routed)           2.025     3.506    CLK100MHZ_IBUF
    BUFGCTRL_X0Y16       BUFG (Prop_bufg_I_O)         0.096     3.602 r  CLK100MHZ_IBUF_BUFG_inst/O
                         net (fo=108, routed)         1.622     5.224    cr/presc/CLK100MHZ_IBUF_BUFG
    SLICE_X8Y116         FDRE                                         r  cr/presc/cnt_reg[23]/C
  -------------------------------------------------------------------    -------------------
    SLICE_X8Y116         FDRE (Prop_fdre_C_Q)         0.518     5.742 r  cr/presc/cnt_reg[23]/Q
                         net (fo=2, routed)           0.903     6.645    cr/presc/cnt_reg_n_0_[23]
    SLICE_X7Y116         LUT4 (Prop_lut4_I1_O)        0.124     6.769 f  cr/presc/cnt[26]_i_6/O
                         net (fo=1, routed)           0.605     7.374    cr/presc/cnt[26]_i_6_n_0
    SLICE_X5Y112         LUT5 (Prop_lut5_I3_O)        0.124     7.498 r  cr/presc/cnt[26]_i_3/O
                         net (fo=27, routed)          0.549     8.047    cr/presc/cnt[26]_i_3_n_0
    SLICE_X4Y112         LUT5 (Prop_lut5_I1_O)        0.124     8.171 r  cr/presc/cnt[5]_i_1__0/O
                         net (fo=8, routed)           0.775     8.946    cr/presc/set_reg[0]
    SLICE_X3Y116         LUT3 (Prop_lut3_I0_O)        0.150     9.096 r  cr/presc/cnt[5]_i_1/O
                         net (fo=6, routed)           0.513     9.608    cr/min/E[0]
    SLICE_X4Y116         FDRE                                         r  cr/min/cnt_reg[4]/CE
  -------------------------------------------------------------------    -------------------

                         (clock sys_clk_pin rise edge)
                                                     10.000    10.000 r  
    E3                                                0.000    10.000 r  CLK100MHZ (IN)
                         net (fo=0)                   0.000    10.000    CLK100MHZ
    E3                   IBUF (Prop_ibuf_I_O)         1.411    11.411 r  CLK100MHZ_IBUF_inst/O
                         net (fo=1, routed)           1.920    13.331    CLK100MHZ_IBUF
    BUFGCTRL_X0Y16       BUFG (Prop_bufg_I_O)         0.091    13.422 r  CLK100MHZ_IBUF_BUFG_inst/O
                         net (fo=108, routed)         1.580    15.002    cr/min/CLK100MHZ_IBUF_BUFG
    SLICE_X4Y116         FDRE                                         r  cr/min/cnt_reg[4]/C
                         clock pessimism              0.259    15.261    
                         clock uncertainty           -0.035    15.226    
    SLICE_X4Y116         FDRE (Setup_fdre_C_CE)      -0.407    14.819    cr/min/cnt_reg[4]
  -------------------------------------------------------------------
                         required time                         14.819    
                         arrival time                          -9.608    
  -------------------------------------------------------------------
                         slack                                  5.210    

Slack (MET) :             5.210ns  (required time - arrival time)
  Source:                 cr/presc/cnt_reg[23]/C
                            (rising edge-triggered cell FDRE clocked by sys_clk_pin  {rise@0.000ns fall@5.000ns period=10.000ns})
  Destination:            cr/min/cnt_reg[5]/CE
                            (rising edge-triggered cell FDRE clocked by sys_clk_pin  {rise@0.000ns fall@5.000ns period=10.000ns})
  Path Group:             sys_clk_pin
  Path Type:              Setup (Max at Slow Process Corner)
  Requirement:            10.000ns  (sys_clk_pin rise@10.000ns - sys_clk_pin rise@0.000ns)
  Data Path Delay:        4.384ns  (logic 1.040ns (23.722%)  route 3.344ns (76.278%))
  Logic Levels:           4  (LUT3=1 LUT4=1 LUT5=2)
  Clock Path Skew:        0.037ns (DCD - SCD + CPR)
    Destination Clock Delay (DCD):    5.002ns = ( 15.002 - 10.000 ) 
    Source Clock Delay      (SCD):    5.224ns
    Clock Pessimism Removal (CPR):    0.259ns
  Clock Uncertainty:      0.035ns  ((TSJ^2 + TIJ^2)^1/2 + DJ) / 2 + PE
    Total System Jitter     (TSJ):    0.071ns
    Total Input Jitter      (TIJ):    0.000ns
    Discrete Jitter          (DJ):    0.000ns
    Phase Error              (PE):    0.000ns

    Location             Delay type                Incr(ns)  Path(ns)    Netlist Resource(s)
  -------------------------------------------------------------------    -------------------
                         (clock sys_clk_pin rise edge)
                                                      0.000     0.000 r  
    E3                                                0.000     0.000 r  CLK100MHZ (IN)
                         net (fo=0)                   0.000     0.000    CLK100MHZ
    E3                   IBUF (Prop_ibuf_I_O)         1.482     1.482 r  CLK100MHZ_IBUF_inst/O
                         net (fo=1, routed)           2.025     3.506    CLK100MHZ_IBUF
    BUFGCTRL_X0Y16       BUFG (Prop_bufg_I_O)         0.096     3.602 r  CLK100MHZ_IBUF_BUFG_inst/O
                         net (fo=108, routed)         1.622     5.224    cr/presc/CLK100MHZ_IBUF_BUFG
    SLICE_X8Y116         FDRE                                         r  cr/presc/cnt_reg[23]/C
  -------------------------------------------------------------------    -------------------
    SLICE_X8Y116         FDRE (Prop_fdre_C_Q)         0.518     5.742 r  cr/presc/cnt_reg[23]/Q
                         net (fo=2, routed)           0.903     6.645    cr/presc/cnt_reg_n_0_[23]
    SLICE_X7Y116         LUT4 (Prop_lut4_I1_O)        0.124     6.769 f  cr/presc/cnt[26]_i_6/O
                         net (fo=1, routed)           0.605     7.374    cr/presc/cnt[26]_i_6_n_0
    SLICE_X5Y112         LUT5 (Prop_lut5_I3_O)        0.124     7.498 r  cr/presc/cnt[26]_i_3/O
                         net (fo=27, routed)          0.549     8.047    cr/presc/cnt[26]_i_3_n_0
    SLICE_X4Y112         LUT5 (Prop_lut5_I1_O)        0.124     8.171 r  cr/presc/cnt[5]_i_1__0/O
                         net (fo=8, routed)           0.775     8.946    cr/presc/set_reg[0]
    SLICE_X3Y116         LUT3 (Prop_lut3_I0_O)        0.150     9.096 r  cr/presc/cnt[5]_i_1/O
                         net (fo=6, routed)           0.513     9.608    cr/min/E[0]
    SLICE_X4Y116         FDRE                                         r  cr/min/cnt_reg[5]/CE
  -------------------------------------------------------------------    -------------------

                         (clock sys_clk_pin rise edge)
                                                     10.000    10.000 r  
    E3                                                0.000    10.000 r  CLK100MHZ (IN)
                         net (fo=0)                   0.000    10.000    CLK100MHZ
    E3                   IBUF (Prop_ibuf_I_O)         1.411    11.411 r  CLK100MHZ_IBUF_inst/O
                         net (fo=1, routed)           1.920    13.331    CLK100MHZ_IBUF
    BUFGCTRL_X0Y16       BUFG (Prop_bufg_I_O)         0.091    13.422 r  CLK100MHZ_IBUF_BUFG_inst/O
                         net (fo=108, routed)         1.580    15.002    cr/min/CLK100MHZ_IBUF_BUFG
    SLICE_X4Y116         FDRE                                         r  cr/min/cnt_reg[5]/C
                         clock pessimism              0.259    15.261    
                         clock uncertainty           -0.035    15.226    
    SLICE_X4Y116         FDRE (Setup_fdre_C_CE)      -0.407    14.819    cr/min/cnt_reg[5]
  -------------------------------------------------------------------
                         required time                         14.819    
                         arrival time                          -9.608    
  -------------------------------------------------------------------
                         slack                                  5.210    

Slack (MET) :             5.363ns  (required time - arrival time)
  Source:                 cr/presc/cnt_reg[23]/C
                            (rising edge-triggered cell FDRE clocked by sys_clk_pin  {rise@0.000ns fall@5.000ns period=10.000ns})
  Destination:            cr/min/cnt_reg[0]/CE
                            (rising edge-triggered cell FDRE clocked by sys_clk_pin  {rise@0.000ns fall@5.000ns period=10.000ns})
  Path Group:             sys_clk_pin
  Path Type:              Setup (Max at Slow Process Corner)
  Requirement:            10.000ns  (sys_clk_pin rise@10.000ns - sys_clk_pin rise@0.000ns)
  Data Path Delay:        4.269ns  (logic 1.040ns (24.359%)  route 3.229ns (75.641%))
  Logic Levels:           4  (LUT3=1 LUT4=1 LUT5=2)
  Clock Path Skew:        0.039ns (DCD - SCD + CPR)
    Destination Clock Delay (DCD):    5.004ns = ( 15.004 - 10.000 ) 
    Source Clock Delay      (SCD):    5.224ns
    Clock Pessimism Removal (CPR):    0.259ns
  Clock Uncertainty:      0.035ns  ((TSJ^2 + TIJ^2)^1/2 + DJ) / 2 + PE
    Total System Jitter     (TSJ):    0.071ns
    Total Input Jitter      (TIJ):    0.000ns
    Discrete Jitter          (DJ):    0.000ns
    Phase Error              (PE):    0.000ns

    Location             Delay type                Incr(ns)  Path(ns)    Netlist Resource(s)
  -------------------------------------------------------------------    -------------------
                         (clock sys_clk_pin rise edge)
                                                      0.000     0.000 r  
    E3                                                0.000     0.000 r  CLK100MHZ (IN)
                         net (fo=0)                   0.000     0.000    CLK100MHZ
    E3                   IBUF (Prop_ibuf_I_O)         1.482     1.482 r  CLK100MHZ_IBUF_inst/O
                         net (fo=1, routed)           2.025     3.506    CLK100MHZ_IBUF
    BUFGCTRL_X0Y16       BUFG (Prop_bufg_I_O)         0.096     3.602 r  CLK100MHZ_IBUF_BUFG_inst/O
                         net (fo=108, routed)         1.622     5.224    cr/presc/CLK100MHZ_IBUF_BUFG
    SLICE_X8Y116         FDRE                                         r  cr/presc/cnt_reg[23]/C
  -------------------------------------------------------------------    -------------------
    SLICE_X8Y116         FDRE (Prop_fdre_C_Q)         0.518     5.742 r  cr/presc/cnt_reg[23]/Q
                         net (fo=2, routed)           0.903     6.645    cr/presc/cnt_reg_n_0_[23]
    SLICE_X7Y116         LUT4 (Prop_lut4_I1_O)        0.124     6.769 f  cr/presc/cnt[26]_i_6/O
                         net (fo=1, routed)           0.605     7.374    cr/presc/cnt[26]_i_6_n_0
    SLICE_X5Y112         LUT5 (Prop_lut5_I3_O)        0.124     7.498 r  cr/presc/cnt[26]_i_3/O
                         net (fo=27, routed)          0.549     8.047    cr/presc/cnt[26]_i_3_n_0
    SLICE_X4Y112         LUT5 (Prop_lut5_I1_O)        0.124     8.171 r  cr/presc/cnt[5]_i_1__0/O
                         net (fo=8, routed)           0.775     8.946    cr/presc/set_reg[0]
    SLICE_X3Y116         LUT3 (Prop_lut3_I0_O)        0.150     9.096 r  cr/presc/cnt[5]_i_1/O
                         net (fo=6, routed)           0.398     9.494    cr/min/E[0]
    SLICE_X2Y116         FDRE                                         r  cr/min/cnt_reg[0]/CE
  -------------------------------------------------------------------    -------------------

                         (clock sys_clk_pin rise edge)
                                                     10.000    10.000 r  
    E3                                                0.000    10.000 r  CLK100MHZ (IN)
                         net (fo=0)                   0.000    10.000    CLK100MHZ
    E3                   IBUF (Prop_ibuf_I_O)         1.411    11.411 r  CLK100MHZ_IBUF_inst/O
                         net (fo=1, routed)           1.920    13.331    CLK100MHZ_IBUF
    BUFGCTRL_X0Y16       BUFG (Prop_bufg_I_O)         0.091    13.422 r  CLK100MHZ_IBUF_BUFG_inst/O
                         net (fo=108, routed)         1.582    15.004    cr/min/CLK100MHZ_IBUF_BUFG
    SLICE_X2Y116         FDRE                                         r  cr/min/cnt_reg[0]/C
                         clock pessimism              0.259    15.263    
                         clock uncertainty           -0.035    15.228    
    SLICE_X2Y116         FDRE (Setup_fdre_C_CE)      -0.371    14.857    cr/min/cnt_reg[0]
  -------------------------------------------------------------------
                         required time                         14.857    
                         arrival time                          -9.494    
  -------------------------------------------------------------------
                         slack                                  5.363    

Slack (MET) :             5.363ns  (required time - arrival time)
  Source:                 cr/presc/cnt_reg[23]/C
                            (rising edge-triggered cell FDRE clocked by sys_clk_pin  {rise@0.000ns fall@5.000ns period=10.000ns})
  Destination:            cr/min/cnt_reg[1]/CE
                            (rising edge-triggered cell FDRE clocked by sys_clk_pin  {rise@0.000ns fall@5.000ns period=10.000ns})
  Path Group:             sys_clk_pin
  Path Type:              Setup (Max at Slow Process Corner)
  Requirement:            10.000ns  (sys_clk_pin rise@10.000ns - sys_clk_pin rise@0.000ns)
  Data Path Delay:        4.269ns  (logic 1.040ns (24.359%)  route 3.229ns (75.641%))
  Logic Levels:           4  (LUT3=1 LUT4=1 LUT5=2)
  Clock Path Skew:        0.039ns (DCD - SCD + CPR)
    Destination Clock Delay (DCD):    5.004ns = ( 15.004 - 10.000 ) 
    Source Clock Delay      (SCD):    5.224ns
    Clock Pessimism Removal (CPR):    0.259ns
  Clock Uncertainty:      0.035ns  ((TSJ^2 + TIJ^2)^1/2 + DJ) / 2 + PE
    Total System Jitter     (TSJ):    0.071ns
    Total Input Jitter      (TIJ):    0.000ns
    Discrete Jitter          (DJ):    0.000ns
    Phase Error              (PE):    0.000ns

    Location             Delay type                Incr(ns)  Path(ns)    Netlist Resource(s)
  -------------------------------------------------------------------    -------------------
                         (clock sys_clk_pin rise edge)
                                                      0.000     0.000 r  
    E3                                                0.000     0.000 r  CLK100MHZ (IN)
                         net (fo=0)                   0.000     0.000    CLK100MHZ
    E3                   IBUF (Prop_ibuf_I_O)         1.482     1.482 r  CLK100MHZ_IBUF_inst/O
                         net (fo=1, routed)           2.025     3.506    CLK100MHZ_IBUF
    BUFGCTRL_X0Y16       BUFG (Prop_bufg_I_O)         0.096     3.602 r  CLK100MHZ_IBUF_BUFG_inst/O
                         net (fo=108, routed)         1.622     5.224    cr/presc/CLK100MHZ_IBUF_BUFG
    SLICE_X8Y116         FDRE                                         r  cr/presc/cnt_reg[23]/C
  -------------------------------------------------------------------    -------------------
    SLICE_X8Y116         FDRE (Prop_fdre_C_Q)         0.518     5.742 r  cr/presc/cnt_reg[23]/Q
                         net (fo=2, routed)           0.903     6.645    cr/presc/cnt_reg_n_0_[23]
    SLICE_X7Y116         LUT4 (Prop_lut4_I1_O)        0.124     6.769 f  cr/presc/cnt[26]_i_6/O
                         net (fo=1, routed)           0.605     7.374    cr/presc/cnt[26]_i_6_n_0
    SLICE_X5Y112         LUT5 (Prop_lut5_I3_O)        0.124     7.498 r  cr/presc/cnt[26]_i_3/O
                         net (fo=27, routed)          0.549     8.047    cr/presc/cnt[26]_i_3_n_0
    SLICE_X4Y112         LUT5 (Prop_lut5_I1_O)        0.124     8.171 r  cr/presc/cnt[5]_i_1__0/O
                         net (fo=8, routed)           0.775     8.946    cr/presc/set_reg[0]
    SLICE_X3Y116         LUT3 (Prop_lut3_I0_O)        0.150     9.096 r  cr/presc/cnt[5]_i_1/O
                         net (fo=6, routed)           0.398     9.494    cr/min/E[0]
    SLICE_X2Y116         FDRE                                         r  cr/min/cnt_reg[1]/CE
  -------------------------------------------------------------------    -------------------

                         (clock sys_clk_pin rise edge)
                                                     10.000    10.000 r  
    E3                                                0.000    10.000 r  CLK100MHZ (IN)
                         net (fo=0)                   0.000    10.000    CLK100MHZ
    E3                   IBUF (Prop_ibuf_I_O)         1.411    11.411 r  CLK100MHZ_IBUF_inst/O
                         net (fo=1, routed)           1.920    13.331    CLK100MHZ_IBUF
    BUFGCTRL_X0Y16       BUFG (Prop_bufg_I_O)         0.091    13.422 r  CLK100MHZ_IBUF_BUFG_inst/O
                         net (fo=108, routed)         1.582    15.004    cr/min/CLK100MHZ_IBUF_BUFG
    SLICE_X2Y116         FDRE                                         r  cr/min/cnt_reg[1]/C
                         clock pessimism              0.259    15.263    
                         clock uncertainty           -0.035    15.228    
    SLICE_X2Y116         FDRE (Setup_fdre_C_CE)      -0.371    14.857    cr/min/cnt_reg[1]
  -------------------------------------------------------------------
                         required time                         14.857    
                         arrival time                          -9.494    
  -------------------------------------------------------------------
                         slack                                  5.363    

Slack (MET) :             5.363ns  (required time - arrival time)
  Source:                 cr/presc/cnt_reg[23]/C
                            (rising edge-triggered cell FDRE clocked by sys_clk_pin  {rise@0.000ns fall@5.000ns period=10.000ns})
  Destination:            cr/min/cnt_reg[2]/CE
                            (rising edge-triggered cell FDRE clocked by sys_clk_pin  {rise@0.000ns fall@5.000ns period=10.000ns})
  Path Group:             sys_clk_pin
  Path Type:              Setup (Max at Slow Process Corner)
  Requirement:            10.000ns  (sys_clk_pin rise@10.000ns - sys_clk_pin rise@0.000ns)
  Data Path Delay:        4.269ns  (logic 1.040ns (24.359%)  route 3.229ns (75.641%))
  Logic Levels:           4  (LUT3=1 LUT4=1 LUT5=2)
  Clock Path Skew:        0.039ns (DCD - SCD + CPR)
    Destination Clock Delay (DCD):    5.004ns = ( 15.004 - 10.000 ) 
    Source Clock Delay      (SCD):    5.224ns
    Clock Pessimism Removal (CPR):    0.259ns
  Clock Uncertainty:      0.035ns  ((TSJ^2 + TIJ^2)^1/2 + DJ) / 2 + PE
    Total System Jitter     (TSJ):    0.071ns
    Total Input Jitter      (TIJ):    0.000ns
    Discrete Jitter          (DJ):    0.000ns
    Phase Error              (PE):    0.000ns

    Location             Delay type                Incr(ns)  Path(ns)    Netlist Resource(s)
  -------------------------------------------------------------------    -------------------
                         (clock sys_clk_pin rise edge)
                                                      0.000     0.000 r  
    E3                                                0.000     0.000 r  CLK100MHZ (IN)
                         net (fo=0)                   0.000     0.000    CLK100MHZ
    E3                   IBUF (Prop_ibuf_I_O)         1.482     1.482 r  CLK100MHZ_IBUF_inst/O
                         net (fo=1, routed)           2.025     3.506    CLK100MHZ_IBUF
    BUFGCTRL_X0Y16       BUFG (Prop_bufg_I_O)         0.096     3.602 r  CLK100MHZ_IBUF_BUFG_inst/O
                         net (fo=108, routed)         1.622     5.224    cr/presc/CLK100MHZ_IBUF_BUFG
    SLICE_X8Y116         FDRE                                         r  cr/presc/cnt_reg[23]/C
  -------------------------------------------------------------------    -------------------
    SLICE_X8Y116         FDRE (Prop_fdre_C_Q)         0.518     5.742 r  cr/presc/cnt_reg[23]/Q
                         net (fo=2, routed)           0.903     6.645    cr/presc/cnt_reg_n_0_[23]
    SLICE_X7Y116         LUT4 (Prop_lut4_I1_O)        0.124     6.769 f  cr/presc/cnt[26]_i_6/O
                         net (fo=1, routed)           0.605     7.374    cr/presc/cnt[26]_i_6_n_0
    SLICE_X5Y112         LUT5 (Prop_lut5_I3_O)        0.124     7.498 r  cr/presc/cnt[26]_i_3/O
                         net (fo=27, routed)          0.549     8.047    cr/presc/cnt[26]_i_3_n_0
    SLICE_X4Y112         LUT5 (Prop_lut5_I1_O)        0.124     8.171 r  cr/presc/cnt[5]_i_1__0/O
                         net (fo=8, routed)           0.775     8.946    cr/presc/set_reg[0]
    SLICE_X3Y116         LUT3 (Prop_lut3_I0_O)        0.150     9.096 r  cr/presc/cnt[5]_i_1/O
                         net (fo=6, routed)           0.398     9.494    cr/min/E[0]
    SLICE_X2Y116         FDRE                                         r  cr/min/cnt_reg[2]/CE
  -------------------------------------------------------------------    -------------------

                         (clock sys_clk_pin rise edge)
                                                     10.000    10.000 r  
    E3                                                0.000    10.000 r  CLK100MHZ (IN)
                         net (fo=0)                   0.000    10.000    CLK100MHZ
    E3                   IBUF (Prop_ibuf_I_O)         1.411    11.411 r  CLK100MHZ_IBUF_inst/O
                         net (fo=1, routed)           1.920    13.331    CLK100MHZ_IBUF
    BUFGCTRL_X0Y16       BUFG (Prop_bufg_I_O)         0.091    13.422 r  CLK100MHZ_IBUF_BUFG_inst/O
                         net (fo=108, routed)         1.582    15.004    cr/min/CLK100MHZ_IBUF_BUFG
    SLICE_X2Y116         FDRE                                         r  cr/min/cnt_reg[2]/C
                         clock pessimism              0.259    15.263    
                         clock uncertainty           -0.035    15.228    
    SLICE_X2Y116         FDRE (Setup_fdre_C_CE)      -0.371    14.857    cr/min/cnt_reg[2]
  -------------------------------------------------------------------
                         required time                         14.857    
                         arrival time                          -9.494    
  -------------------------------------------------------------------
                         slack                                  5.363    

Slack (MET) :             5.413ns  (required time - arrival time)
  Source:                 disp/refresh/cnt_reg[14]/C
                            (rising edge-triggered cell FDRE clocked by sys_clk_pin  {rise@0.000ns fall@5.000ns period=10.000ns})
  Destination:            disp/sel_cnt/cnt_reg[0]/D
                            (rising edge-triggered cell FDRE clocked by sys_clk_pin  {rise@0.000ns fall@5.000ns period=10.000ns})
  Path Group:             sys_clk_pin
  Path Type:              Setup (Max at Slow Process Corner)
  Requirement:            10.000ns  (sys_clk_pin rise@10.000ns - sys_clk_pin rise@0.000ns)
  Data Path Delay:        4.362ns  (logic 1.044ns (23.936%)  route 3.318ns (76.064%))
  Logic Levels:           4  (LUT2=1 LUT4=1 LUT5=1 LUT6=1)
  Clock Path Skew:        0.037ns (DCD - SCD + CPR)
    Destination Clock Delay (DCD):    5.003ns = ( 15.003 - 10.000 ) 
    Source Clock Delay      (SCD):    5.225ns
    Clock Pessimism Removal (CPR):    0.259ns
  Clock Uncertainty:      0.035ns  ((TSJ^2 + TIJ^2)^1/2 + DJ) / 2 + PE
    Total System Jitter     (TSJ):    0.071ns
    Total Input Jitter      (TIJ):    0.000ns
    Discrete Jitter          (DJ):    0.000ns
    Phase Error              (PE):    0.000ns

    Location             Delay type                Incr(ns)  Path(ns)    Netlist Resource(s)
  -------------------------------------------------------------------    -------------------
                         (clock sys_clk_pin rise edge)
                                                      0.000     0.000 r  
    E3                                                0.000     0.000 r  CLK100MHZ (IN)
                         net (fo=0)                   0.000     0.000    CLK100MHZ
    E3                   IBUF (Prop_ibuf_I_O)         1.482     1.482 r  CLK100MHZ_IBUF_inst/O
                         net (fo=1, routed)           2.025     3.506    CLK100MHZ_IBUF
    BUFGCTRL_X0Y16       BUFG (Prop_bufg_I_O)         0.096     3.602 r  CLK100MHZ_IBUF_BUFG_inst/O
                         net (fo=108, routed)         1.623     5.225    disp/refresh/CLK100MHZ_IBUF_BUFG
    SLICE_X8Y115         FDRE                                         r  disp/refresh/cnt_reg[14]/C
  -------------------------------------------------------------------    -------------------
    SLICE_X8Y115         FDRE (Prop_fdre_C_Q)         0.518     5.743 r  disp/refresh/cnt_reg[14]/Q
                         net (fo=2, routed)           0.688     6.432    disp/refresh/cnt_reg_n_0_[14]
    SLICE_X8Y114         LUT4 (Prop_lut4_I2_O)        0.124     6.556 r  disp/refresh/cnt[16]_i_5/O
                         net (fo=1, routed)           0.282     6.838    disp/refresh/cnt[16]_i_5_n_0
    SLICE_X8Y114         LUT5 (Prop_lut5_I4_O)        0.124     6.962 r  disp/refresh/cnt[16]_i_4/O
                         net (fo=1, routed)           0.795     7.757    disp/refresh/cnt[16]_i_4_n_0
    SLICE_X5Y112         LUT6 (Prop_lut6_I5_O)        0.124     7.881 r  disp/refresh/cnt[16]_i_2/O
                         net (fo=19, routed)          0.983     8.864    disp/sel_cnt/cnt_reg[2]_3
    SLICE_X5Y115         LUT2 (Prop_lut2_I0_O)        0.154     9.018 r  disp/sel_cnt/cnt[0]_i_1/O
                         net (fo=1, routed)           0.569     9.587    disp/sel_cnt/cnt[0]_i_1_n_0
    SLICE_X6Y115         FDRE                                         r  disp/sel_cnt/cnt_reg[0]/D
  -------------------------------------------------------------------    -------------------

                         (clock sys_clk_pin rise edge)
                                                     10.000    10.000 r  
    E3                                                0.000    10.000 r  CLK100MHZ (IN)
                         net (fo=0)                   0.000    10.000    CLK100MHZ
    E3                   IBUF (Prop_ibuf_I_O)         1.411    11.411 r  CLK100MHZ_IBUF_inst/O
                         net (fo=1, routed)           1.920    13.331    CLK100MHZ_IBUF
    BUFGCTRL_X0Y16       BUFG (Prop_bufg_I_O)         0.091    13.422 r  CLK100MHZ_IBUF_BUFG_inst/O
                         net (fo=108, routed)         1.581    15.003    disp/sel_cnt/CLK100MHZ_IBUF_BUFG
    SLICE_X6Y115         FDRE                                         r  disp/sel_cnt/cnt_reg[0]/C
                         clock pessimism              0.259    15.262    
                         clock uncertainty           -0.035    15.227    
    SLICE_X6Y115         FDRE (Setup_fdre_C_D)       -0.227    15.000    disp/sel_cnt/cnt_reg[0]
  -------------------------------------------------------------------
                         required time                         15.000    
                         arrival time                          -9.587    
  -------------------------------------------------------------------
                         slack                                  5.413    

Slack (MET) :             5.595ns  (required time - arrival time)
  Source:                 cr/presc/cnt_reg[1]/C
                            (rising edge-triggered cell FDRE clocked by sys_clk_pin  {rise@0.000ns fall@5.000ns period=10.000ns})
  Destination:            cr/presc/cnt_reg[26]/D
                            (rising edge-triggered cell FDRE clocked by sys_clk_pin  {rise@0.000ns fall@5.000ns period=10.000ns})
  Path Group:             sys_clk_pin
  Path Type:              Setup (Max at Slow Process Corner)
  Requirement:            10.000ns  (sys_clk_pin rise@10.000ns - sys_clk_pin rise@0.000ns)
  Data Path Delay:        4.324ns  (logic 2.307ns (53.353%)  route 2.017ns (46.647%))
  Logic Levels:           8  (CARRY4=7 LUT5=1)
  Clock Path Skew:        -0.125ns (DCD - SCD + CPR)
    Destination Clock Delay (DCD):    4.923ns = ( 14.923 - 10.000 ) 
    Source Clock Delay      (SCD):    5.307ns
    Clock Pessimism Removal (CPR):    0.259ns
  Clock Uncertainty:      0.035ns  ((TSJ^2 + TIJ^2)^1/2 + DJ) / 2 + PE
    Total System Jitter     (TSJ):    0.071ns
    Total Input Jitter      (TIJ):    0.000ns
    Discrete Jitter          (DJ):    0.000ns
    Phase Error              (PE):    0.000ns

    Location             Delay type                Incr(ns)  Path(ns)    Netlist Resource(s)
  -------------------------------------------------------------------    -------------------
                         (clock sys_clk_pin rise edge)
                                                      0.000     0.000 r  
    E3                                                0.000     0.000 r  CLK100MHZ (IN)
                         net (fo=0)                   0.000     0.000    CLK100MHZ
    E3                   IBUF (Prop_ibuf_I_O)         1.482     1.482 r  CLK100MHZ_IBUF_inst/O
                         net (fo=1, routed)           2.025     3.506    CLK100MHZ_IBUF
    BUFGCTRL_X0Y16       BUFG (Prop_bufg_I_O)         0.096     3.602 r  CLK100MHZ_IBUF_BUFG_inst/O
                         net (fo=108, routed)         1.705     5.307    cr/presc/CLK100MHZ_IBUF_BUFG
    SLICE_X4Y111         FDRE                                         r  cr/presc/cnt_reg[1]/C
  -------------------------------------------------------------------    -------------------
    SLICE_X4Y111         FDRE (Prop_fdre_C_Q)         0.456     5.763 r  cr/presc/cnt_reg[1]/Q
                         net (fo=2, routed)           0.968     6.731    cr/presc/cnt_reg_n_0_[1]
    SLICE_X6Y111         CARRY4 (Prop_carry4_S[0]_CO[3])
                                                      0.637     7.368 r  cr/presc/plusOp_carry/CO[3]
                         net (fo=1, routed)           0.000     7.368    cr/presc/plusOp_carry_n_0
    SLICE_X6Y112         CARRY4 (Prop_carry4_CI_CO[3])
                                                      0.117     7.485 r  cr/presc/plusOp_carry__0/CO[3]
                         net (fo=1, routed)           0.000     7.485    cr/presc/plusOp_carry__0_n_0
    SLICE_X6Y113         CARRY4 (Prop_carry4_CI_CO[3])
                                                      0.117     7.602 r  cr/presc/plusOp_carry__1/CO[3]
                         net (fo=1, routed)           0.000     7.602    cr/presc/plusOp_carry__1_n_0
    SLICE_X6Y114         CARRY4 (Prop_carry4_CI_CO[3])
                                                      0.117     7.719 r  cr/presc/plusOp_carry__2/CO[3]
                         net (fo=1, routed)           0.000     7.719    cr/presc/plusOp_carry__2_n_0
    SLICE_X6Y115         CARRY4 (Prop_carry4_CI_CO[3])
                                                      0.117     7.836 r  cr/presc/plusOp_carry__3/CO[3]
                         net (fo=1, routed)           0.000     7.836    cr/presc/plusOp_carry__3_n_0
    SLICE_X6Y116         CARRY4 (Prop_carry4_CI_CO[3])
                                                      0.117     7.953 r  cr/presc/plusOp_carry__4/CO[3]
                         net (fo=1, routed)           0.000     7.953    cr/presc/plusOp_carry__4_n_0
    SLICE_X6Y117         CARRY4 (Prop_carry4_CI_O[1])
                                                      0.323     8.276 r  cr/presc/plusOp_carry__5/O[1]
                         net (fo=1, routed)           1.049     9.325    cr/presc/plusOp_carry__5_n_6
    SLICE_X8Y116         LUT5 (Prop_lut5_I0_O)        0.306     9.631 r  cr/presc/cnt[26]_i_2/O
                         net (fo=1, routed)           0.000     9.631    cr/presc/p_1_in[26]
    SLICE_X8Y116         FDRE                                         r  cr/presc/cnt_reg[26]/D
  -------------------------------------------------------------------    -------------------

                         (clock sys_clk_pin rise edge)
                                                     10.000    10.000 r  
    E3                                                0.000    10.000 r  CLK100MHZ (IN)
                         net (fo=0)                   0.000    10.000    CLK100MHZ
    E3                   IBUF (Prop_ibuf_I_O)         1.411    11.411 r  CLK100MHZ_IBUF_inst/O
                         net (fo=1, routed)           1.920    13.331    CLK100MHZ_IBUF
    BUFGCTRL_X0Y16       BUFG (Prop_bufg_I_O)         0.091    13.422 r  CLK100MHZ_IBUF_BUFG_inst/O
                         net (fo=108, routed)         1.501    14.923    cr/presc/CLK100MHZ_IBUF_BUFG
    SLICE_X8Y116         FDRE                                         r  cr/presc/cnt_reg[26]/C
                         clock pessimism              0.259    15.182    
                         clock uncertainty           -0.035    15.147    
    SLICE_X8Y116         FDRE (Setup_fdre_C_D)        0.079    15.226    cr/presc/cnt_reg[26]
  -------------------------------------------------------------------
                         required time                         15.226    
                         arrival time                          -9.631    
  -------------------------------------------------------------------
                         slack                                  5.595    

Slack (MET) :             5.659ns  (required time - arrival time)
  Source:                 cr/presc/cnt_reg[23]/C
                            (rising edge-triggered cell FDRE clocked by sys_clk_pin  {rise@0.000ns fall@5.000ns period=10.000ns})
  Destination:            cr/ore/cnt_reg[0]/CE
                            (rising edge-triggered cell FDRE clocked by sys_clk_pin  {rise@0.000ns fall@5.000ns period=10.000ns})
  Path Group:             sys_clk_pin
  Path Type:              Setup (Max at Slow Process Corner)
  Requirement:            10.000ns  (sys_clk_pin rise@10.000ns - sys_clk_pin rise@0.000ns)
  Data Path Delay:        4.176ns  (logic 1.014ns (24.280%)  route 3.162ns (75.720%))
  Logic Levels:           4  (LUT4=2 LUT5=2)
  Clock Path Skew:        0.040ns (DCD - SCD + CPR)
    Destination Clock Delay (DCD):    5.005ns = ( 15.005 - 10.000 ) 
    Source Clock Delay      (SCD):    5.224ns
    Clock Pessimism Removal (CPR):    0.259ns
  Clock Uncertainty:      0.035ns  ((TSJ^2 + TIJ^2)^1/2 + DJ) / 2 + PE
    Total System Jitter     (TSJ):    0.071ns
    Total Input Jitter      (TIJ):    0.000ns
    Discrete Jitter          (DJ):    0.000ns
    Phase Error              (PE):    0.000ns

    Location             Delay type                Incr(ns)  Path(ns)    Netlist Resource(s)
  -------------------------------------------------------------------    -------------------
                         (clock sys_clk_pin rise edge)
                                                      0.000     0.000 r  
    E3                                                0.000     0.000 r  CLK100MHZ (IN)
                         net (fo=0)                   0.000     0.000    CLK100MHZ
    E3                   IBUF (Prop_ibuf_I_O)         1.482     1.482 r  CLK100MHZ_IBUF_inst/O
                         net (fo=1, routed)           2.025     3.506    CLK100MHZ_IBUF
    BUFGCTRL_X0Y16       BUFG (Prop_bufg_I_O)         0.096     3.602 r  CLK100MHZ_IBUF_BUFG_inst/O
                         net (fo=108, routed)         1.622     5.224    cr/presc/CLK100MHZ_IBUF_BUFG
    SLICE_X8Y116         FDRE                                         r  cr/presc/cnt_reg[23]/C
  -------------------------------------------------------------------    -------------------
    SLICE_X8Y116         FDRE (Prop_fdre_C_Q)         0.518     5.742 r  cr/presc/cnt_reg[23]/Q
                         net (fo=2, routed)           0.903     6.645    cr/presc/cnt_reg_n_0_[23]
    SLICE_X7Y116         LUT4 (Prop_lut4_I1_O)        0.124     6.769 f  cr/presc/cnt[26]_i_6/O
                         net (fo=1, routed)           0.605     7.374    cr/presc/cnt[26]_i_6_n_0
    SLICE_X5Y112         LUT5 (Prop_lut5_I3_O)        0.124     7.498 r  cr/presc/cnt[26]_i_3/O
                         net (fo=27, routed)          0.549     8.047    cr/presc/cnt[26]_i_3_n_0
    SLICE_X4Y112         LUT5 (Prop_lut5_I1_O)        0.124     8.171 r  cr/presc/cnt[5]_i_1__0/O
                         net (fo=8, routed)           0.775     8.946    cr/sec/cnt_reg[5]_0[0]
    SLICE_X3Y116         LUT4 (Prop_lut4_I1_O)        0.124     9.070 r  cr/sec/cnt[4]_i_1/O
                         net (fo=5, routed)           0.331     9.401    cr/ore/E[0]
    SLICE_X2Y115         FDRE                                         r  cr/ore/cnt_reg[0]/CE
  -------------------------------------------------------------------    -------------------

                         (clock sys_clk_pin rise edge)
                                                     10.000    10.000 r  
    E3                                                0.000    10.000 r  CLK100MHZ (IN)
                         net (fo=0)                   0.000    10.000    CLK100MHZ
    E3                   IBUF (Prop_ibuf_I_O)         1.411    11.411 r  CLK100MHZ_IBUF_inst/O
                         net (fo=1, routed)           1.920    13.331    CLK100MHZ_IBUF
    BUFGCTRL_X0Y16       BUFG (Prop_bufg_I_O)         0.091    13.422 r  CLK100MHZ_IBUF_BUFG_inst/O
                         net (fo=108, routed)         1.583    15.005    cr/ore/CLK100MHZ_IBUF_BUFG
    SLICE_X2Y115         FDRE                                         r  cr/ore/cnt_reg[0]/C
                         clock pessimism              0.259    15.264    
                         clock uncertainty           -0.035    15.229    
    SLICE_X2Y115         FDRE (Setup_fdre_C_CE)      -0.169    15.060    cr/ore/cnt_reg[0]
  -------------------------------------------------------------------
                         required time                         15.060    
                         arrival time                          -9.401    
  -------------------------------------------------------------------
                         slack                                  5.659    

Slack (MET) :             5.659ns  (required time - arrival time)
  Source:                 cr/presc/cnt_reg[23]/C
                            (rising edge-triggered cell FDRE clocked by sys_clk_pin  {rise@0.000ns fall@5.000ns period=10.000ns})
  Destination:            cr/ore/cnt_reg[1]/CE
                            (rising edge-triggered cell FDRE clocked by sys_clk_pin  {rise@0.000ns fall@5.000ns period=10.000ns})
  Path Group:             sys_clk_pin
  Path Type:              Setup (Max at Slow Process Corner)
  Requirement:            10.000ns  (sys_clk_pin rise@10.000ns - sys_clk_pin rise@0.000ns)
  Data Path Delay:        4.176ns  (logic 1.014ns (24.280%)  route 3.162ns (75.720%))
  Logic Levels:           4  (LUT4=2 LUT5=2)
  Clock Path Skew:        0.040ns (DCD - SCD + CPR)
    Destination Clock Delay (DCD):    5.005ns = ( 15.005 - 10.000 ) 
    Source Clock Delay      (SCD):    5.224ns
    Clock Pessimism Removal (CPR):    0.259ns
  Clock Uncertainty:      0.035ns  ((TSJ^2 + TIJ^2)^1/2 + DJ) / 2 + PE
    Total System Jitter     (TSJ):    0.071ns
    Total Input Jitter      (TIJ):    0.000ns
    Discrete Jitter          (DJ):    0.000ns
    Phase Error              (PE):    0.000ns

    Location             Delay type                Incr(ns)  Path(ns)    Netlist Resource(s)
  -------------------------------------------------------------------    -------------------
                         (clock sys_clk_pin rise edge)
                                                      0.000     0.000 r  
    E3                                                0.000     0.000 r  CLK100MHZ (IN)
                         net (fo=0)                   0.000     0.000    CLK100MHZ
    E3                   IBUF (Prop_ibuf_I_O)         1.482     1.482 r  CLK100MHZ_IBUF_inst/O
                         net (fo=1, routed)           2.025     3.506    CLK100MHZ_IBUF
    BUFGCTRL_X0Y16       BUFG (Prop_bufg_I_O)         0.096     3.602 r  CLK100MHZ_IBUF_BUFG_inst/O
                         net (fo=108, routed)         1.622     5.224    cr/presc/CLK100MHZ_IBUF_BUFG
    SLICE_X8Y116         FDRE                                         r  cr/presc/cnt_reg[23]/C
  -------------------------------------------------------------------    -------------------
    SLICE_X8Y116         FDRE (Prop_fdre_C_Q)         0.518     5.742 r  cr/presc/cnt_reg[23]/Q
                         net (fo=2, routed)           0.903     6.645    cr/presc/cnt_reg_n_0_[23]
    SLICE_X7Y116         LUT4 (Prop_lut4_I1_O)        0.124     6.769 f  cr/presc/cnt[26]_i_6/O
                         net (fo=1, routed)           0.605     7.374    cr/presc/cnt[26]_i_6_n_0
    SLICE_X5Y112         LUT5 (Prop_lut5_I3_O)        0.124     7.498 r  cr/presc/cnt[26]_i_3/O
                         net (fo=27, routed)          0.549     8.047    cr/presc/cnt[26]_i_3_n_0
    SLICE_X4Y112         LUT5 (Prop_lut5_I1_O)        0.124     8.171 r  cr/presc/cnt[5]_i_1__0/O
                         net (fo=8, routed)           0.775     8.946    cr/sec/cnt_reg[5]_0[0]
    SLICE_X3Y116         LUT4 (Prop_lut4_I1_O)        0.124     9.070 r  cr/sec/cnt[4]_i_1/O
                         net (fo=5, routed)           0.331     9.401    cr/ore/E[0]
    SLICE_X2Y115         FDRE                                         r  cr/ore/cnt_reg[1]/CE
  -------------------------------------------------------------------    -------------------

                         (clock sys_clk_pin rise edge)
                                                     10.000    10.000 r  
    E3                                                0.000    10.000 r  CLK100MHZ (IN)
                         net (fo=0)                   0.000    10.000    CLK100MHZ
    E3                   IBUF (Prop_ibuf_I_O)         1.411    11.411 r  CLK100MHZ_IBUF_inst/O
                         net (fo=1, routed)           1.920    13.331    CLK100MHZ_IBUF
    BUFGCTRL_X0Y16       BUFG (Prop_bufg_I_O)         0.091    13.422 r  CLK100MHZ_IBUF_BUFG_inst/O
                         net (fo=108, routed)         1.583    15.005    cr/ore/CLK100MHZ_IBUF_BUFG
    SLICE_X2Y115         FDRE                                         r  cr/ore/cnt_reg[1]/C
                         clock pessimism              0.259    15.264    
                         clock uncertainty           -0.035    15.229    
    SLICE_X2Y115         FDRE (Setup_fdre_C_CE)      -0.169    15.060    cr/ore/cnt_reg[1]
  -------------------------------------------------------------------
                         required time                         15.060    
                         arrival time                          -9.401    
  -------------------------------------------------------------------
                         slack                                  5.659    





Min Delay Paths
--------------------------------------------------------------------------------------
Slack (MET) :             0.208ns  (arrival time - required time)
  Source:                 im/m_reg_reg[2]/C
                            (rising edge-triggered cell FDRE clocked by sys_clk_pin  {rise@0.000ns fall@5.000ns period=10.000ns})
  Destination:            cr/min/cnt_reg[2]/D
                            (rising edge-triggered cell FDRE clocked by sys_clk_pin  {rise@0.000ns fall@5.000ns period=10.000ns})
  Path Group:             sys_clk_pin
  Path Type:              Hold (Min at Fast Process Corner)
  Requirement:            0.000ns  (sys_clk_pin rise@0.000ns - sys_clk_pin rise@0.000ns)
  Data Path Delay:        0.342ns  (logic 0.186ns (54.337%)  route 0.156ns (45.663%))
  Logic Levels:           1  (LUT6=1)
  Clock Path Skew:        0.014ns (DCD - SCD - CPR)
    Destination Clock Delay (DCD):    2.029ns
    Source Clock Delay      (SCD):    1.512ns
    Clock Pessimism Removal (CPR):    0.502ns

    Location             Delay type                Incr(ns)  Path(ns)    Netlist Resource(s)
  -------------------------------------------------------------------    -------------------
                         (clock sys_clk_pin rise edge)
                                                      0.000     0.000 r  
    E3                                                0.000     0.000 r  CLK100MHZ (IN)
                         net (fo=0)                   0.000     0.000    CLK100MHZ
    E3                   IBUF (Prop_ibuf_I_O)         0.250     0.250 r  CLK100MHZ_IBUF_inst/O
                         net (fo=1, routed)           0.644     0.894    CLK100MHZ_IBUF
    BUFGCTRL_X0Y16       BUFG (Prop_bufg_I_O)         0.026     0.920 r  CLK100MHZ_IBUF_BUFG_inst/O
                         net (fo=108, routed)         0.593     1.512    im/CLK100MHZ_IBUF_BUFG
    SLICE_X1Y116         FDRE                                         r  im/m_reg_reg[2]/C
  -------------------------------------------------------------------    -------------------
    SLICE_X1Y116         FDRE (Prop_fdre_C_Q)         0.141     1.653 r  im/m_reg_reg[2]/Q
                         net (fo=1, routed)           0.156     1.810    cr/min/cnt_reg[5]_0[0]
    SLICE_X2Y116         LUT6 (Prop_lut6_I0_O)        0.045     1.855 r  cr/min/cnt[2]_i_1__1/O
                         net (fo=1, routed)           0.000     1.855    cr/min/cnt[2]_i_1__1_n_0
    SLICE_X2Y116         FDRE                                         r  cr/min/cnt_reg[2]/D
  -------------------------------------------------------------------    -------------------

                         (clock sys_clk_pin rise edge)
                                                      0.000     0.000 r  
    E3                                                0.000     0.000 r  CLK100MHZ (IN)
                         net (fo=0)                   0.000     0.000    CLK100MHZ
    E3                   IBUF (Prop_ibuf_I_O)         0.438     0.438 r  CLK100MHZ_IBUF_inst/O
                         net (fo=1, routed)           0.699     1.136    CLK100MHZ_IBUF
    BUFGCTRL_X0Y16       BUFG (Prop_bufg_I_O)         0.029     1.165 r  CLK100MHZ_IBUF_BUFG_inst/O
                         net (fo=108, routed)         0.864     2.029    cr/min/CLK100MHZ_IBUF_BUFG
    SLICE_X2Y116         FDRE                                         r  cr/min/cnt_reg[2]/C
                         clock pessimism             -0.502     1.526    
    SLICE_X2Y116         FDRE (Hold_fdre_C_D)         0.120     1.646    cr/min/cnt_reg[2]
  -------------------------------------------------------------------
                         required time                         -1.646    
                         arrival time                           1.855    
  -------------------------------------------------------------------
                         slack                                  0.208    

Slack (MET) :             0.210ns  (arrival time - required time)
  Source:                 im/set_reg/C
                            (rising edge-triggered cell FDRE clocked by sys_clk_pin  {rise@0.000ns fall@5.000ns period=10.000ns})
  Destination:            cr/sec/cnt_reg[1]/D
                            (rising edge-triggered cell FDRE clocked by sys_clk_pin  {rise@0.000ns fall@5.000ns period=10.000ns})
  Path Group:             sys_clk_pin
  Path Type:              Hold (Min at Fast Process Corner)
  Requirement:            0.000ns  (sys_clk_pin rise@0.000ns - sys_clk_pin rise@0.000ns)
  Data Path Delay:        0.379ns  (logic 0.189ns (49.873%)  route 0.190ns (50.127%))
  Logic Levels:           1  (LUT4=1)
  Clock Path Skew:        0.038ns (DCD - SCD - CPR)
    Destination Clock Delay (DCD):    2.028ns
    Source Clock Delay      (SCD):    1.510ns
    Clock Pessimism Removal (CPR):    0.479ns

    Location             Delay type                Incr(ns)  Path(ns)    Netlist Resource(s)
  -------------------------------------------------------------------    -------------------
                         (clock sys_clk_pin rise edge)
                                                      0.000     0.000 r  
    E3                                                0.000     0.000 r  CLK100MHZ (IN)
                         net (fo=0)                   0.000     0.000    CLK100MHZ
    E3                   IBUF (Prop_ibuf_I_O)         0.250     0.250 r  CLK100MHZ_IBUF_inst/O
                         net (fo=1, routed)           0.644     0.894    CLK100MHZ_IBUF
    BUFGCTRL_X0Y16       BUFG (Prop_bufg_I_O)         0.026     0.920 r  CLK100MHZ_IBUF_BUFG_inst/O
                         net (fo=108, routed)         0.591     1.510    im/CLK100MHZ_IBUF_BUFG
    SLICE_X5Y117         FDRE                                         r  im/set_reg/C
  -------------------------------------------------------------------    -------------------
    SLICE_X5Y117         FDRE (Prop_fdre_C_Q)         0.141     1.651 r  im/set_reg/Q
                         net (fo=48, routed)          0.190     1.841    im/set_p
    SLICE_X2Y117         LUT4 (Prop_lut4_I1_O)        0.048     1.889 r  im/cnt[1]_i_1__0/O
                         net (fo=1, routed)           0.000     1.889    cr/sec/cnt_reg[1]_0[1]
    SLICE_X2Y117         FDRE                                         r  cr/sec/cnt_reg[1]/D
  -------------------------------------------------------------------    -------------------

                         (clock sys_clk_pin rise edge)
                                                      0.000     0.000 r  
    E3                                                0.000     0.000 r  CLK100MHZ (IN)
                         net (fo=0)                   0.000     0.000    CLK100MHZ
    E3                   IBUF (Prop_ibuf_I_O)         0.438     0.438 r  CLK100MHZ_IBUF_inst/O
                         net (fo=1, routed)           0.699     1.136    CLK100MHZ_IBUF
    BUFGCTRL_X0Y16       BUFG (Prop_bufg_I_O)         0.029     1.165 r  CLK100MHZ_IBUF_BUFG_inst/O
                         net (fo=108, routed)         0.863     2.028    cr/sec/CLK100MHZ_IBUF_BUFG
    SLICE_X2Y117         FDRE                                         r  cr/sec/cnt_reg[1]/C
                         clock pessimism             -0.479     1.548    
    SLICE_X2Y117         FDRE (Hold_fdre_C_D)         0.131     1.679    cr/sec/cnt_reg[1]
  -------------------------------------------------------------------
                         required time                         -1.679    
                         arrival time                           1.889    
  -------------------------------------------------------------------
                         slack                                  0.210    

Slack (MET) :             0.212ns  (arrival time - required time)
  Source:                 im/set_reg/C
                            (rising edge-triggered cell FDRE clocked by sys_clk_pin  {rise@0.000ns fall@5.000ns period=10.000ns})
  Destination:            cr/min/cnt_reg[1]/D
                            (rising edge-triggered cell FDRE clocked by sys_clk_pin  {rise@0.000ns fall@5.000ns period=10.000ns})
  Path Group:             sys_clk_pin
  Path Type:              Hold (Min at Fast Process Corner)
  Requirement:            0.000ns  (sys_clk_pin rise@0.000ns - sys_clk_pin rise@0.000ns)
  Data Path Delay:        0.382ns  (logic 0.190ns (49.744%)  route 0.192ns (50.256%))
  Logic Levels:           1  (LUT4=1)
  Clock Path Skew:        0.039ns (DCD - SCD - CPR)
    Destination Clock Delay (DCD):    2.029ns
    Source Clock Delay      (SCD):    1.510ns
    Clock Pessimism Removal (CPR):    0.479ns

    Location             Delay type                Incr(ns)  Path(ns)    Netlist Resource(s)
  -------------------------------------------------------------------    -------------------
                         (clock sys_clk_pin rise edge)
                                                      0.000     0.000 r  
    E3                                                0.000     0.000 r  CLK100MHZ (IN)
                         net (fo=0)                   0.000     0.000    CLK100MHZ
    E3                   IBUF (Prop_ibuf_I_O)         0.250     0.250 r  CLK100MHZ_IBUF_inst/O
                         net (fo=1, routed)           0.644     0.894    CLK100MHZ_IBUF
    BUFGCTRL_X0Y16       BUFG (Prop_bufg_I_O)         0.026     0.920 r  CLK100MHZ_IBUF_BUFG_inst/O
                         net (fo=108, routed)         0.591     1.510    im/CLK100MHZ_IBUF_BUFG
    SLICE_X5Y117         FDRE                                         r  im/set_reg/C
  -------------------------------------------------------------------    -------------------
    SLICE_X5Y117         FDRE (Prop_fdre_C_Q)         0.141     1.651 r  im/set_reg/Q
                         net (fo=48, routed)          0.192     1.843    im/set_p
    SLICE_X2Y116         LUT4 (Prop_lut4_I1_O)        0.049     1.892 r  im/cnt[1]_i_1__1/O
                         net (fo=1, routed)           0.000     1.892    cr/min/cnt_reg[1]_0[1]
    SLICE_X2Y116         FDRE                                         r  cr/min/cnt_reg[1]/D
  -------------------------------------------------------------------    -------------------

                         (clock sys_clk_pin rise edge)
                                                      0.000     0.000 r  
    E3                                                0.000     0.000 r  CLK100MHZ (IN)
                         net (fo=0)                   0.000     0.000    CLK100MHZ
    E3                   IBUF (Prop_ibuf_I_O)         0.438     0.438 r  CLK100MHZ_IBUF_inst/O
                         net (fo=1, routed)           0.699     1.136    CLK100MHZ_IBUF
    BUFGCTRL_X0Y16       BUFG (Prop_bufg_I_O)         0.029     1.165 r  CLK100MHZ_IBUF_BUFG_inst/O
                         net (fo=108, routed)         0.864     2.029    cr/min/CLK100MHZ_IBUF_BUFG
    SLICE_X2Y116         FDRE                                         r  cr/min/cnt_reg[1]/C
                         clock pessimism             -0.479     1.549    
    SLICE_X2Y116         FDRE (Hold_fdre_C_D)         0.131     1.680    cr/min/cnt_reg[1]
  -------------------------------------------------------------------
                         required time                         -1.680    
                         arrival time                           1.892    
  -------------------------------------------------------------------
                         slack                                  0.212    

Slack (MET) :             0.218ns  (arrival time - required time)
  Source:                 im/set_reg/C
                            (rising edge-triggered cell FDRE clocked by sys_clk_pin  {rise@0.000ns fall@5.000ns period=10.000ns})
  Destination:            cr/min/cnt_reg[0]/D
                            (rising edge-triggered cell FDRE clocked by sys_clk_pin  {rise@0.000ns fall@5.000ns period=10.000ns})
  Path Group:             sys_clk_pin
  Path Type:              Hold (Min at Fast Process Corner)
  Requirement:            0.000ns  (sys_clk_pin rise@0.000ns - sys_clk_pin rise@0.000ns)
  Data Path Delay:        0.378ns  (logic 0.186ns (49.212%)  route 0.192ns (50.788%))
  Logic Levels:           1  (LUT3=1)
  Clock Path Skew:        0.039ns (DCD - SCD - CPR)
    Destination Clock Delay (DCD):    2.029ns
    Source Clock Delay      (SCD):    1.510ns
    Clock Pessimism Removal (CPR):    0.479ns

    Location             Delay type                Incr(ns)  Path(ns)    Netlist Resource(s)
  -------------------------------------------------------------------    -------------------
                         (clock sys_clk_pin rise edge)
                                                      0.000     0.000 r  
    E3                                                0.000     0.000 r  CLK100MHZ (IN)
                         net (fo=0)                   0.000     0.000    CLK100MHZ
    E3                   IBUF (Prop_ibuf_I_O)         0.250     0.250 r  CLK100MHZ_IBUF_inst/O
                         net (fo=1, routed)           0.644     0.894    CLK100MHZ_IBUF
    BUFGCTRL_X0Y16       BUFG (Prop_bufg_I_O)         0.026     0.920 r  CLK100MHZ_IBUF_BUFG_inst/O
                         net (fo=108, routed)         0.591     1.510    im/CLK100MHZ_IBUF_BUFG
    SLICE_X5Y117         FDRE                                         r  im/set_reg/C
  -------------------------------------------------------------------    -------------------
    SLICE_X5Y117         FDRE (Prop_fdre_C_Q)         0.141     1.651 r  im/set_reg/Q
                         net (fo=48, routed)          0.192     1.843    im/set_p
    SLICE_X2Y116         LUT3 (Prop_lut3_I2_O)        0.045     1.888 r  im/cnt[0]_i_1__0/O
                         net (fo=1, routed)           0.000     1.888    cr/min/cnt_reg[1]_0[0]
    SLICE_X2Y116         FDRE                                         r  cr/min/cnt_reg[0]/D
  -------------------------------------------------------------------    -------------------

                         (clock sys_clk_pin rise edge)
                                                      0.000     0.000 r  
    E3                                                0.000     0.000 r  CLK100MHZ (IN)
                         net (fo=0)                   0.000     0.000    CLK100MHZ
    E3                   IBUF (Prop_ibuf_I_O)         0.438     0.438 r  CLK100MHZ_IBUF_inst/O
                         net (fo=1, routed)           0.699     1.136    CLK100MHZ_IBUF
    BUFGCTRL_X0Y16       BUFG (Prop_bufg_I_O)         0.029     1.165 r  CLK100MHZ_IBUF_BUFG_inst/O
                         net (fo=108, routed)         0.864     2.029    cr/min/CLK100MHZ_IBUF_BUFG
    SLICE_X2Y116         FDRE                                         r  cr/min/cnt_reg[0]/C
                         clock pessimism             -0.479     1.549    
    SLICE_X2Y116         FDRE (Hold_fdre_C_D)         0.121     1.670    cr/min/cnt_reg[0]
  -------------------------------------------------------------------
                         required time                         -1.670    
                         arrival time                           1.888    
  -------------------------------------------------------------------
                         slack                                  0.218    

Slack (MET) :             0.218ns  (arrival time - required time)
  Source:                 im/set_reg/C
                            (rising edge-triggered cell FDRE clocked by sys_clk_pin  {rise@0.000ns fall@5.000ns period=10.000ns})
  Destination:            cr/sec/cnt_reg[0]/D
                            (rising edge-triggered cell FDRE clocked by sys_clk_pin  {rise@0.000ns fall@5.000ns period=10.000ns})
  Path Group:             sys_clk_pin
  Path Type:              Hold (Min at Fast Process Corner)
  Requirement:            0.000ns  (sys_clk_pin rise@0.000ns - sys_clk_pin rise@0.000ns)
  Data Path Delay:        0.376ns  (logic 0.186ns (49.474%)  route 0.190ns (50.527%))
  Logic Levels:           1  (LUT3=1)
  Clock Path Skew:        0.038ns (DCD - SCD - CPR)
    Destination Clock Delay (DCD):    2.028ns
    Source Clock Delay      (SCD):    1.510ns
    Clock Pessimism Removal (CPR):    0.479ns

    Location             Delay type                Incr(ns)  Path(ns)    Netlist Resource(s)
  -------------------------------------------------------------------    -------------------
                         (clock sys_clk_pin rise edge)
                                                      0.000     0.000 r  
    E3                                                0.000     0.000 r  CLK100MHZ (IN)
                         net (fo=0)                   0.000     0.000    CLK100MHZ
    E3                   IBUF (Prop_ibuf_I_O)         0.250     0.250 r  CLK100MHZ_IBUF_inst/O
                         net (fo=1, routed)           0.644     0.894    CLK100MHZ_IBUF
    BUFGCTRL_X0Y16       BUFG (Prop_bufg_I_O)         0.026     0.920 r  CLK100MHZ_IBUF_BUFG_inst/O
                         net (fo=108, routed)         0.591     1.510    im/CLK100MHZ_IBUF_BUFG
    SLICE_X5Y117         FDRE                                         r  im/set_reg/C
  -------------------------------------------------------------------    -------------------
    SLICE_X5Y117         FDRE (Prop_fdre_C_Q)         0.141     1.651 r  im/set_reg/Q
                         net (fo=48, routed)          0.190     1.841    im/set_p
    SLICE_X2Y117         LUT3 (Prop_lut3_I2_O)        0.045     1.886 r  im/cnt[0]_i_1/O
                         net (fo=1, routed)           0.000     1.886    cr/sec/cnt_reg[1]_0[0]
    SLICE_X2Y117         FDRE                                         r  cr/sec/cnt_reg[0]/D
  -------------------------------------------------------------------    -------------------

                         (clock sys_clk_pin rise edge)
                                                      0.000     0.000 r  
    E3                                                0.000     0.000 r  CLK100MHZ (IN)
                         net (fo=0)                   0.000     0.000    CLK100MHZ
    E3                   IBUF (Prop_ibuf_I_O)         0.438     0.438 r  CLK100MHZ_IBUF_inst/O
                         net (fo=1, routed)           0.699     1.136    CLK100MHZ_IBUF
    BUFGCTRL_X0Y16       BUFG (Prop_bufg_I_O)         0.029     1.165 r  CLK100MHZ_IBUF_BUFG_inst/O
                         net (fo=108, routed)         0.863     2.028    cr/sec/CLK100MHZ_IBUF_BUFG
    SLICE_X2Y117         FDRE                                         r  cr/sec/cnt_reg[0]/C
                         clock pessimism             -0.479     1.548    
    SLICE_X2Y117         FDRE (Hold_fdre_C_D)         0.120     1.668    cr/sec/cnt_reg[0]
  -------------------------------------------------------------------
                         required time                         -1.668    
                         arrival time                           1.886    
  -------------------------------------------------------------------
                         slack                                  0.218    

Slack (MET) :             0.219ns  (arrival time - required time)
  Source:                 im/m_reg_reg[3]/C
                            (rising edge-triggered cell FDRE clocked by sys_clk_pin  {rise@0.000ns fall@5.000ns period=10.000ns})
  Destination:            cr/min/cnt_reg[3]/D
                            (rising edge-triggered cell FDRE clocked by sys_clk_pin  {rise@0.000ns fall@5.000ns period=10.000ns})
  Path Group:             sys_clk_pin
  Path Type:              Hold (Min at Fast Process Corner)
  Requirement:            0.000ns  (sys_clk_pin rise@0.000ns - sys_clk_pin rise@0.000ns)
  Data Path Delay:        0.345ns  (logic 0.186ns (53.910%)  route 0.159ns (46.090%))
  Logic Levels:           1  (LUT5=1)
  Clock Path Skew:        0.034ns (DCD - SCD - CPR)
    Destination Clock Delay (DCD):    2.026ns
    Source Clock Delay      (SCD):    1.512ns
    Clock Pessimism Removal (CPR):    0.479ns

    Location             Delay type                Incr(ns)  Path(ns)    Netlist Resource(s)
  -------------------------------------------------------------------    -------------------
                         (clock sys_clk_pin rise edge)
                                                      0.000     0.000 r  
    E3                                                0.000     0.000 r  CLK100MHZ (IN)
                         net (fo=0)                   0.000     0.000    CLK100MHZ
    E3                   IBUF (Prop_ibuf_I_O)         0.250     0.250 r  CLK100MHZ_IBUF_inst/O
                         net (fo=1, routed)           0.644     0.894    CLK100MHZ_IBUF
    BUFGCTRL_X0Y16       BUFG (Prop_bufg_I_O)         0.026     0.920 r  CLK100MHZ_IBUF_BUFG_inst/O
                         net (fo=108, routed)         0.593     1.512    im/CLK100MHZ_IBUF_BUFG
    SLICE_X1Y116         FDRE                                         r  im/m_reg_reg[3]/C
  -------------------------------------------------------------------    -------------------
    SLICE_X1Y116         FDRE (Prop_fdre_C_Q)         0.141     1.653 r  im/m_reg_reg[3]/Q
                         net (fo=1, routed)           0.159     1.812    cr/min/cnt_reg[5]_0[1]
    SLICE_X4Y116         LUT5 (Prop_lut5_I0_O)        0.045     1.857 r  cr/min/cnt[3]_i_1__1/O
                         net (fo=1, routed)           0.000     1.857    cr/min/cnt[3]_i_1__1_n_0
    SLICE_X4Y116         FDRE                                         r  cr/min/cnt_reg[3]/D
  -------------------------------------------------------------------    -------------------

                         (clock sys_clk_pin rise edge)
                                                      0.000     0.000 r  
    E3                                                0.000     0.000 r  CLK100MHZ (IN)
                         net (fo=0)                   0.000     0.000    CLK100MHZ
    E3                   IBUF (Prop_ibuf_I_O)         0.438     0.438 r  CLK100MHZ_IBUF_inst/O
                         net (fo=1, routed)           0.699     1.136    CLK100MHZ_IBUF
    BUFGCTRL_X0Y16       BUFG (Prop_bufg_I_O)         0.029     1.165 r  CLK100MHZ_IBUF_BUFG_inst/O
                         net (fo=108, routed)         0.860     2.026    cr/min/CLK100MHZ_IBUF_BUFG
    SLICE_X4Y116         FDRE                                         r  cr/min/cnt_reg[3]/C
                         clock pessimism             -0.479     1.546    
    SLICE_X4Y116         FDRE (Hold_fdre_C_D)         0.092     1.638    cr/min/cnt_reg[3]
  -------------------------------------------------------------------
                         required time                         -1.638    
                         arrival time                           1.857    
  -------------------------------------------------------------------
                         slack                                  0.219    

Slack (MET) :             0.220ns  (arrival time - required time)
  Source:                 im/set_reg/C
                            (rising edge-triggered cell FDRE clocked by sys_clk_pin  {rise@0.000ns fall@5.000ns period=10.000ns})
  Destination:            cr/sec/cnt_reg[2]/D
                            (rising edge-triggered cell FDRE clocked by sys_clk_pin  {rise@0.000ns fall@5.000ns period=10.000ns})
  Path Group:             sys_clk_pin
  Path Type:              Hold (Min at Fast Process Corner)
  Requirement:            0.000ns  (sys_clk_pin rise@0.000ns - sys_clk_pin rise@0.000ns)
  Data Path Delay:        0.350ns  (logic 0.186ns (53.176%)  route 0.164ns (46.824%))
  Logic Levels:           1  (LUT6=1)
  Clock Path Skew:        0.038ns (DCD - SCD - CPR)
    Destination Clock Delay (DCD):    2.028ns
    Source Clock Delay      (SCD):    1.510ns
    Clock Pessimism Removal (CPR):    0.479ns

    Location             Delay type                Incr(ns)  Path(ns)    Netlist Resource(s)
  -------------------------------------------------------------------    -------------------
                         (clock sys_clk_pin rise edge)
                                                      0.000     0.000 r  
    E3                                                0.000     0.000 r  CLK100MHZ (IN)
                         net (fo=0)                   0.000     0.000    CLK100MHZ
    E3                   IBUF (Prop_ibuf_I_O)         0.250     0.250 r  CLK100MHZ_IBUF_inst/O
                         net (fo=1, routed)           0.644     0.894    CLK100MHZ_IBUF
    BUFGCTRL_X0Y16       BUFG (Prop_bufg_I_O)         0.026     0.920 r  CLK100MHZ_IBUF_BUFG_inst/O
                         net (fo=108, routed)         0.591     1.510    im/CLK100MHZ_IBUF_BUFG
    SLICE_X5Y117         FDRE                                         r  im/set_reg/C
  -------------------------------------------------------------------    -------------------
    SLICE_X5Y117         FDRE (Prop_fdre_C_Q)         0.141     1.651 r  im/set_reg/Q
                         net (fo=48, routed)          0.164     1.815    cr/sec/set_p
    SLICE_X3Y117         LUT6 (Prop_lut6_I1_O)        0.045     1.860 r  cr/sec/cnt[2]_i_1__0/O
                         net (fo=1, routed)           0.000     1.860    cr/sec/cnt[2]_i_1__0_n_0
    SLICE_X3Y117         FDRE                                         r  cr/sec/cnt_reg[2]/D
  -------------------------------------------------------------------    -------------------

                         (clock sys_clk_pin rise edge)
                                                      0.000     0.000 r  
    E3                                                0.000     0.000 r  CLK100MHZ (IN)
                         net (fo=0)                   0.000     0.000    CLK100MHZ
    E3                   IBUF (Prop_ibuf_I_O)         0.438     0.438 r  CLK100MHZ_IBUF_inst/O
                         net (fo=1, routed)           0.699     1.136    CLK100MHZ_IBUF
    BUFGCTRL_X0Y16       BUFG (Prop_bufg_I_O)         0.029     1.165 r  CLK100MHZ_IBUF_BUFG_inst/O
                         net (fo=108, routed)         0.863     2.028    cr/sec/CLK100MHZ_IBUF_BUFG
    SLICE_X3Y117         FDRE                                         r  cr/sec/cnt_reg[2]/C
                         clock pessimism             -0.479     1.548    
    SLICE_X3Y117         FDRE (Hold_fdre_C_D)         0.092     1.640    cr/sec/cnt_reg[2]
  -------------------------------------------------------------------
                         required time                         -1.640    
                         arrival time                           1.860    
  -------------------------------------------------------------------
                         slack                                  0.220    

Slack (MET) :             0.223ns  (arrival time - required time)
  Source:                 im/set_reg/C
                            (rising edge-triggered cell FDRE clocked by sys_clk_pin  {rise@0.000ns fall@5.000ns period=10.000ns})
  Destination:            cr/sec/cnt_reg[3]/D
                            (rising edge-triggered cell FDRE clocked by sys_clk_pin  {rise@0.000ns fall@5.000ns period=10.000ns})
  Path Group:             sys_clk_pin
  Path Type:              Hold (Min at Fast Process Corner)
  Requirement:            0.000ns  (sys_clk_pin rise@0.000ns - sys_clk_pin rise@0.000ns)
  Data Path Delay:        0.353ns  (logic 0.186ns (52.724%)  route 0.167ns (47.276%))
  Logic Levels:           1  (LUT5=1)
  Clock Path Skew:        0.038ns (DCD - SCD - CPR)
    Destination Clock Delay (DCD):    2.028ns
    Source Clock Delay      (SCD):    1.510ns
    Clock Pessimism Removal (CPR):    0.479ns

    Location             Delay type                Incr(ns)  Path(ns)    Netlist Resource(s)
  -------------------------------------------------------------------    -------------------
                         (clock sys_clk_pin rise edge)
                                                      0.000     0.000 r  
    E3                                                0.000     0.000 r  CLK100MHZ (IN)
                         net (fo=0)                   0.000     0.000    CLK100MHZ
    E3                   IBUF (Prop_ibuf_I_O)         0.250     0.250 r  CLK100MHZ_IBUF_inst/O
                         net (fo=1, routed)           0.644     0.894    CLK100MHZ_IBUF
    BUFGCTRL_X0Y16       BUFG (Prop_bufg_I_O)         0.026     0.920 r  CLK100MHZ_IBUF_BUFG_inst/O
                         net (fo=108, routed)         0.591     1.510    im/CLK100MHZ_IBUF_BUFG
    SLICE_X5Y117         FDRE                                         r  im/set_reg/C
  -------------------------------------------------------------------    -------------------
    SLICE_X5Y117         FDRE (Prop_fdre_C_Q)         0.141     1.651 r  im/set_reg/Q
                         net (fo=48, routed)          0.167     1.818    cr/sec/set_p
    SLICE_X3Y117         LUT5 (Prop_lut5_I1_O)        0.045     1.863 r  cr/sec/cnt[3]_i_1__0/O
                         net (fo=1, routed)           0.000     1.863    cr/sec/cnt[3]_i_1__0_n_0
    SLICE_X3Y117         FDRE                                         r  cr/sec/cnt_reg[3]/D
  -------------------------------------------------------------------    -------------------

                         (clock sys_clk_pin rise edge)
                                                      0.000     0.000 r  
    E3                                                0.000     0.000 r  CLK100MHZ (IN)
                         net (fo=0)                   0.000     0.000    CLK100MHZ
    E3                   IBUF (Prop_ibuf_I_O)         0.438     0.438 r  CLK100MHZ_IBUF_inst/O
                         net (fo=1, routed)           0.699     1.136    CLK100MHZ_IBUF
    BUFGCTRL_X0Y16       BUFG (Prop_bufg_I_O)         0.029     1.165 r  CLK100MHZ_IBUF_BUFG_inst/O
                         net (fo=108, routed)         0.863     2.028    cr/sec/CLK100MHZ_IBUF_BUFG
    SLICE_X3Y117         FDRE                                         r  cr/sec/cnt_reg[3]/C
                         clock pessimism             -0.479     1.548    
    SLICE_X3Y117         FDRE (Hold_fdre_C_D)         0.092     1.640    cr/sec/cnt_reg[3]
  -------------------------------------------------------------------
                         required time                         -1.640    
                         arrival time                           1.863    
  -------------------------------------------------------------------
                         slack                                  0.223    

Slack (MET) :             0.237ns  (arrival time - required time)
  Source:                 cr/ore/cnt_reg[0]/C
                            (rising edge-triggered cell FDRE clocked by sys_clk_pin  {rise@0.000ns fall@5.000ns period=10.000ns})
  Destination:            cr/ore/cnt_reg[1]/D
                            (rising edge-triggered cell FDRE clocked by sys_clk_pin  {rise@0.000ns fall@5.000ns period=10.000ns})
  Path Group:             sys_clk_pin
  Path Type:              Hold (Min at Fast Process Corner)
  Requirement:            0.000ns  (sys_clk_pin rise@0.000ns - sys_clk_pin rise@0.000ns)
  Data Path Delay:        0.368ns  (logic 0.208ns (56.491%)  route 0.160ns (43.509%))
  Logic Levels:           1  (LUT4=1)
  Clock Path Skew:        0.000ns (DCD - SCD - CPR)
    Destination Clock Delay (DCD):    2.030ns
    Source Clock Delay      (SCD):    1.513ns
    Clock Pessimism Removal (CPR):    0.516ns

    Location             Delay type                Incr(ns)  Path(ns)    Netlist Resource(s)
  -------------------------------------------------------------------    -------------------
                         (clock sys_clk_pin rise edge)
                                                      0.000     0.000 r  
    E3                                                0.000     0.000 r  CLK100MHZ (IN)
                         net (fo=0)                   0.000     0.000    CLK100MHZ
    E3                   IBUF (Prop_ibuf_I_O)         0.250     0.250 r  CLK100MHZ_IBUF_inst/O
                         net (fo=1, routed)           0.644     0.894    CLK100MHZ_IBUF
    BUFGCTRL_X0Y16       BUFG (Prop_bufg_I_O)         0.026     0.920 r  CLK100MHZ_IBUF_BUFG_inst/O
                         net (fo=108, routed)         0.594     1.513    cr/ore/CLK100MHZ_IBUF_BUFG
    SLICE_X2Y115         FDRE                                         r  cr/ore/cnt_reg[0]/C
  -------------------------------------------------------------------    -------------------
    SLICE_X2Y115         FDRE (Prop_fdre_C_Q)         0.164     1.677 r  cr/ore/cnt_reg[0]/Q
                         net (fo=5, routed)           0.160     1.838    im/cnt_reg[1]_1[0]
    SLICE_X2Y115         LUT4 (Prop_lut4_I3_O)        0.044     1.882 r  im/cnt[1]_i_1__2/O
                         net (fo=1, routed)           0.000     1.882    cr/ore/cnt_reg[1]_0[1]
    SLICE_X2Y115         FDRE                                         r  cr/ore/cnt_reg[1]/D
  -------------------------------------------------------------------    -------------------

                         (clock sys_clk_pin rise edge)
                                                      0.000     0.000 r  
    E3                                                0.000     0.000 r  CLK100MHZ (IN)
                         net (fo=0)                   0.000     0.000    CLK100MHZ
    E3                   IBUF (Prop_ibuf_I_O)         0.438     0.438 r  CLK100MHZ_IBUF_inst/O
                         net (fo=1, routed)           0.699     1.136    CLK100MHZ_IBUF
    BUFGCTRL_X0Y16       BUFG (Prop_bufg_I_O)         0.029     1.165 r  CLK100MHZ_IBUF_BUFG_inst/O
                         net (fo=108, routed)         0.865     2.030    cr/ore/CLK100MHZ_IBUF_BUFG
    SLICE_X2Y115         FDRE                                         r  cr/ore/cnt_reg[1]/C
                         clock pessimism             -0.516     1.513    
    SLICE_X2Y115         FDRE (Hold_fdre_C_D)         0.131     1.644    cr/ore/cnt_reg[1]
  -------------------------------------------------------------------
                         required time                         -1.644    
                         arrival time                           1.882    
  -------------------------------------------------------------------
                         slack                                  0.237    

Slack (MET) :             0.248ns  (arrival time - required time)
  Source:                 cr/ore/cnt_reg[0]/C
                            (rising edge-triggered cell FDRE clocked by sys_clk_pin  {rise@0.000ns fall@5.000ns period=10.000ns})
  Destination:            cr/ore/cnt_reg[0]/D
                            (rising edge-triggered cell FDRE clocked by sys_clk_pin  {rise@0.000ns fall@5.000ns period=10.000ns})
  Path Group:             sys_clk_pin
  Path Type:              Hold (Min at Fast Process Corner)
  Requirement:            0.000ns  (sys_clk_pin rise@0.000ns - sys_clk_pin rise@0.000ns)
  Data Path Delay:        0.369ns  (logic 0.209ns (56.609%)  route 0.160ns (43.391%))
  Logic Levels:           1  (LUT3=1)
  Clock Path Skew:        0.000ns (DCD - SCD - CPR)
    Destination Clock Delay (DCD):    2.030ns
    Source Clock Delay      (SCD):    1.513ns
    Clock Pessimism Removal (CPR):    0.516ns

    Location             Delay type                Incr(ns)  Path(ns)    Netlist Resource(s)
  -------------------------------------------------------------------    -------------------
                         (clock sys_clk_pin rise edge)
                                                      0.000     0.000 r  
    E3                                                0.000     0.000 r  CLK100MHZ (IN)
                         net (fo=0)                   0.000     0.000    CLK100MHZ
    E3                   IBUF (Prop_ibuf_I_O)         0.250     0.250 r  CLK100MHZ_IBUF_inst/O
                         net (fo=1, routed)           0.644     0.894    CLK100MHZ_IBUF
    BUFGCTRL_X0Y16       BUFG (Prop_bufg_I_O)         0.026     0.920 r  CLK100MHZ_IBUF_BUFG_inst/O
                         net (fo=108, routed)         0.594     1.513    cr/ore/CLK100MHZ_IBUF_BUFG
    SLICE_X2Y115         FDRE                                         r  cr/ore/cnt_reg[0]/C
  -------------------------------------------------------------------    -------------------
    SLICE_X2Y115         FDRE (Prop_fdre_C_Q)         0.164     1.677 f  cr/ore/cnt_reg[0]/Q
                         net (fo=5, routed)           0.160     1.838    im/cnt_reg[1]_1[0]
    SLICE_X2Y115         LUT3 (Prop_lut3_I0_O)        0.045     1.883 r  im/cnt[0]_i_1__2/O
                         net (fo=1, routed)           0.000     1.883    cr/ore/cnt_reg[1]_0[0]
    SLICE_X2Y115         FDRE                                         r  cr/ore/cnt_reg[0]/D
  -------------------------------------------------------------------    -------------------

                         (clock sys_clk_pin rise edge)
                                                      0.000     0.000 r  
    E3                                                0.000     0.000 r  CLK100MHZ (IN)
                         net (fo=0)                   0.000     0.000    CLK100MHZ
    E3                   IBUF (Prop_ibuf_I_O)         0.438     0.438 r  CLK100MHZ_IBUF_inst/O
                         net (fo=1, routed)           0.699     1.136    CLK100MHZ_IBUF
    BUFGCTRL_X0Y16       BUFG (Prop_bufg_I_O)         0.029     1.165 r  CLK100MHZ_IBUF_BUFG_inst/O
                         net (fo=108, routed)         0.865     2.030    cr/ore/CLK100MHZ_IBUF_BUFG
    SLICE_X2Y115         FDRE                                         r  cr/ore/cnt_reg[0]/C
                         clock pessimism             -0.516     1.513    
    SLICE_X2Y115         FDRE (Hold_fdre_C_D)         0.121     1.634    cr/ore/cnt_reg[0]
  -------------------------------------------------------------------
                         required time                         -1.634    
                         arrival time                           1.883    
  -------------------------------------------------------------------
                         slack                                  0.248    





Pulse Width Checks
--------------------------------------------------------------------------------------
Clock Name:         sys_clk_pin
Waveform(ns):       { 0.000 5.000 }
Period(ns):         10.000
Sources:            { CLK100MHZ }

Check Type        Corner  Lib Pin  Reference Pin  Required(ns)  Actual(ns)  Slack(ns)  Location        Pin
Min Period        n/a     BUFG/I   n/a            2.155         10.000      7.845      BUFGCTRL_X0Y16  CLK100MHZ_IBUF_BUFG_inst/I
Min Period        n/a     FDRE/C   n/a            1.000         10.000      9.000      SLICE_X2Y116    cr/min/cnt_reg[0]/C
Min Period        n/a     FDRE/C   n/a            1.000         10.000      9.000      SLICE_X2Y116    cr/min/cnt_reg[1]/C
Min Period        n/a     FDRE/C   n/a            1.000         10.000      9.000      SLICE_X2Y116    cr/min/cnt_reg[2]/C
Min Period        n/a     FDRE/C   n/a            1.000         10.000      9.000      SLICE_X4Y116    cr/min/cnt_reg[3]/C
Min Period        n/a     FDRE/C   n/a            1.000         10.000      9.000      SLICE_X4Y116    cr/min/cnt_reg[4]/C
Min Period        n/a     FDRE/C   n/a            1.000         10.000      9.000      SLICE_X4Y116    cr/min/cnt_reg[5]/C
Min Period        n/a     FDRE/C   n/a            1.000         10.000      9.000      SLICE_X2Y115    cr/ore/cnt_reg[0]/C
Min Period        n/a     FDRE/C   n/a            1.000         10.000      9.000      SLICE_X2Y115    cr/ore/cnt_reg[1]/C
Min Period        n/a     FDRE/C   n/a            1.000         10.000      9.000      SLICE_X2Y115    cr/ore/cnt_reg[2]/C
Low Pulse Width   Slow    FDRE/C   n/a            0.500         5.000       4.500      SLICE_X2Y116    cr/min/cnt_reg[0]/C
Low Pulse Width   Fast    FDRE/C   n/a            0.500         5.000       4.500      SLICE_X2Y116    cr/min/cnt_reg[0]/C
Low Pulse Width   Slow    FDRE/C   n/a            0.500         5.000       4.500      SLICE_X2Y116    cr/min/cnt_reg[1]/C
Low Pulse Width   Fast    FDRE/C   n/a            0.500         5.000       4.500      SLICE_X2Y116    cr/min/cnt_reg[1]/C
Low Pulse Width   Slow    FDRE/C   n/a            0.500         5.000       4.500      SLICE_X2Y116    cr/min/cnt_reg[2]/C
Low Pulse Width   Fast    FDRE/C   n/a            0.500         5.000       4.500      SLICE_X2Y116    cr/min/cnt_reg[2]/C
Low Pulse Width   Slow    FDRE/C   n/a            0.500         5.000       4.500      SLICE_X4Y116    cr/min/cnt_reg[3]/C
Low Pulse Width   Fast    FDRE/C   n/a            0.500         5.000       4.500      SLICE_X4Y116    cr/min/cnt_reg[3]/C
Low Pulse Width   Slow    FDRE/C   n/a            0.500         5.000       4.500      SLICE_X4Y116    cr/min/cnt_reg[4]/C
Low Pulse Width   Fast    FDRE/C   n/a            0.500         5.000       4.500      SLICE_X4Y116    cr/min/cnt_reg[4]/C
High Pulse Width  Slow    FDRE/C   n/a            0.500         5.000       4.500      SLICE_X2Y116    cr/min/cnt_reg[0]/C
High Pulse Width  Fast    FDRE/C   n/a            0.500         5.000       4.500      SLICE_X2Y116    cr/min/cnt_reg[0]/C
High Pulse Width  Slow    FDRE/C   n/a            0.500         5.000       4.500      SLICE_X2Y116    cr/min/cnt_reg[1]/C
High Pulse Width  Fast    FDRE/C   n/a            0.500         5.000       4.500      SLICE_X2Y116    cr/min/cnt_reg[1]/C
High Pulse Width  Slow    FDRE/C   n/a            0.500         5.000       4.500      SLICE_X2Y116    cr/min/cnt_reg[2]/C
High Pulse Width  Fast    FDRE/C   n/a            0.500         5.000       4.500      SLICE_X2Y116    cr/min/cnt_reg[2]/C
High Pulse Width  Slow    FDRE/C   n/a            0.500         5.000       4.500      SLICE_X4Y116    cr/min/cnt_reg[3]/C
High Pulse Width  Fast    FDRE/C   n/a            0.500         5.000       4.500      SLICE_X4Y116    cr/min/cnt_reg[3]/C
High Pulse Width  Slow    FDRE/C   n/a            0.500         5.000       4.500      SLICE_X4Y116    cr/min/cnt_reg[4]/C
High Pulse Width  Fast    FDRE/C   n/a            0.500         5.000       4.500      SLICE_X4Y116    cr/min/cnt_reg[4]/C



--------------------------------------------------------------------------------------
Path Group:  (none)
From Clock:  sys_clk_pin
  To Clock:  

Max Delay            17 Endpoints
Min Delay            17 Endpoints
--------------------------------------------------------------------------------------


Max Delay Paths
--------------------------------------------------------------------------------------
Slack:                    inf
  Source:                 disp/sel_cnt/cnt_reg[0]/C
                            (rising edge-triggered cell FDRE clocked by sys_clk_pin  {rise@0.000ns fall@5.000ns period=10.000ns})
  Destination:            CA
                            (output port)
  Path Group:             (none)
  Path Type:              Max at Slow Process Corner
  Data Path Delay:        12.427ns  (logic 4.821ns (38.795%)  route 7.606ns (61.205%))
  Logic Levels:           5  (LUT4=2 LUT6=2 OBUF=1)
  Clock Uncertainty:      0.025ns  ((TSJ^2 + TIJ^2)^1/2 + DJ) / 2 + PE
    Total System Jitter     (TSJ):    0.050ns
    Total Input Jitter      (TIJ):    0.000ns
    Discrete Jitter          (DJ):    0.000ns
    Phase Error              (PE):    0.000ns

    Location             Delay type                Incr(ns)  Path(ns)    Netlist Resource(s)
  -------------------------------------------------------------------    -------------------
                         (clock sys_clk_pin rise edge)
                                                      0.000     0.000 r  
    E3                                                0.000     0.000 r  CLK100MHZ (IN)
                         net (fo=0)                   0.000     0.000    CLK100MHZ
    E3                   IBUF (Prop_ibuf_I_O)         1.482     1.482 r  CLK100MHZ_IBUF_inst/O
                         net (fo=1, routed)           2.025     3.506    CLK100MHZ_IBUF
    BUFGCTRL_X0Y16       BUFG (Prop_bufg_I_O)         0.096     3.602 r  CLK100MHZ_IBUF_BUFG_inst/O
                         net (fo=108, routed)         1.701     5.303    disp/sel_cnt/CLK100MHZ_IBUF_BUFG
    SLICE_X6Y115         FDRE                                         r  disp/sel_cnt/cnt_reg[0]/C
  -------------------------------------------------------------------    -------------------
    SLICE_X6Y115         FDRE (Prop_fdre_C_Q)         0.518     5.821 r  disp/sel_cnt/cnt_reg[0]/Q
                         net (fo=23, routed)          1.293     7.114    cr/sec/sel[0]
    SLICE_X4Y118         LUT4 (Prop_lut4_I3_O)        0.124     7.238 r  cr/sec/CA_OBUF_inst_i_28/O
                         net (fo=1, routed)           0.811     8.049    cr/sec/CA_OBUF_inst_i_28_n_0
    SLICE_X4Y117         LUT6 (Prop_lut6_I0_O)        0.124     8.173 f  cr/sec/CA_OBUF_inst_i_12/O
                         net (fo=1, routed)           0.568     8.741    cr/sec/CA_OBUF_inst_i_12_n_0
    SLICE_X4Y118         LUT6 (Prop_lut6_I2_O)        0.124     8.865 r  cr/sec/CA_OBUF_inst_i_3/O
                         net (fo=7, routed)           0.978     9.843    cr/ore/CC
    SLICE_X0Y118         LUT4 (Prop_lut4_I1_O)        0.152     9.995 r  cr/ore/CA_OBUF_inst_i_1/O
                         net (fo=1, routed)           3.956    13.951    CA_OBUF
    T10                  OBUF (Prop_obuf_I_O)         3.779    17.730 r  CA_OBUF_inst/O
                         net (fo=0)                   0.000    17.730    CA
    T10                                                               r  CA (OUT)
  -------------------------------------------------------------------    -------------------

Slack:                    inf
  Source:                 disp/sel_cnt/cnt_reg[0]/C
                            (rising edge-triggered cell FDRE clocked by sys_clk_pin  {rise@0.000ns fall@5.000ns period=10.000ns})
  Destination:            CB
                            (output port)
  Path Group:             (none)
  Path Type:              Max at Slow Process Corner
  Data Path Delay:        12.175ns  (logic 4.569ns (37.530%)  route 7.606ns (62.470%))
  Logic Levels:           5  (LUT4=2 LUT6=2 OBUF=1)
  Clock Uncertainty:      0.025ns  ((TSJ^2 + TIJ^2)^1/2 + DJ) / 2 + PE
    Total System Jitter     (TSJ):    0.050ns
    Total Input Jitter      (TIJ):    0.000ns
    Discrete Jitter          (DJ):    0.000ns
    Phase Error              (PE):    0.000ns

    Location             Delay type                Incr(ns)  Path(ns)    Netlist Resource(s)
  -------------------------------------------------------------------    -------------------
                         (clock sys_clk_pin rise edge)
                                                      0.000     0.000 r  
    E3                                                0.000     0.000 r  CLK100MHZ (IN)
                         net (fo=0)                   0.000     0.000    CLK100MHZ
    E3                   IBUF (Prop_ibuf_I_O)         1.482     1.482 r  CLK100MHZ_IBUF_inst/O
                         net (fo=1, routed)           2.025     3.506    CLK100MHZ_IBUF
    BUFGCTRL_X0Y16       BUFG (Prop_bufg_I_O)         0.096     3.602 r  CLK100MHZ_IBUF_BUFG_inst/O
                         net (fo=108, routed)         1.701     5.303    disp/sel_cnt/CLK100MHZ_IBUF_BUFG
    SLICE_X6Y115         FDRE                                         r  disp/sel_cnt/cnt_reg[0]/C
  -------------------------------------------------------------------    -------------------
    SLICE_X6Y115         FDRE (Prop_fdre_C_Q)         0.518     5.821 r  disp/sel_cnt/cnt_reg[0]/Q
                         net (fo=23, routed)          1.293     7.114    cr/sec/sel[0]
    SLICE_X4Y118         LUT4 (Prop_lut4_I3_O)        0.124     7.238 r  cr/sec/CA_OBUF_inst_i_28/O
                         net (fo=1, routed)           0.811     8.049    cr/sec/CA_OBUF_inst_i_28_n_0
    SLICE_X4Y117         LUT6 (Prop_lut6_I0_O)        0.124     8.173 f  cr/sec/CA_OBUF_inst_i_12/O
                         net (fo=1, routed)           0.568     8.741    cr/sec/CA_OBUF_inst_i_12_n_0
    SLICE_X4Y118         LUT6 (Prop_lut6_I2_O)        0.124     8.865 r  cr/sec/CA_OBUF_inst_i_3/O
                         net (fo=7, routed)           0.978     9.843    cr/ore/CC
    SLICE_X0Y118         LUT4 (Prop_lut4_I1_O)        0.124     9.967 r  cr/ore/CB_OBUF_inst_i_1/O
                         net (fo=1, routed)           3.957    13.923    CB_OBUF
    R10                  OBUF (Prop_obuf_I_O)         3.555    17.479 r  CB_OBUF_inst/O
                         net (fo=0)                   0.000    17.479    CB
    R10                                                               r  CB (OUT)
  -------------------------------------------------------------------    -------------------

Slack:                    inf
  Source:                 disp/sel_cnt/cnt_reg[0]/C
                            (rising edge-triggered cell FDRE clocked by sys_clk_pin  {rise@0.000ns fall@5.000ns period=10.000ns})
  Destination:            CF
                            (output port)
  Path Group:             (none)
  Path Type:              Max at Slow Process Corner
  Data Path Delay:        11.872ns  (logic 4.811ns (40.521%)  route 7.061ns (59.479%))
  Logic Levels:           5  (LUT2=1 LUT4=1 LUT6=2 OBUF=1)
  Clock Uncertainty:      0.025ns  ((TSJ^2 + TIJ^2)^1/2 + DJ) / 2 + PE
    Total System Jitter     (TSJ):    0.050ns
    Total Input Jitter      (TIJ):    0.000ns
    Discrete Jitter          (DJ):    0.000ns
    Phase Error              (PE):    0.000ns

    Location             Delay type                Incr(ns)  Path(ns)    Netlist Resource(s)
  -------------------------------------------------------------------    -------------------
                         (clock sys_clk_pin rise edge)
                                                      0.000     0.000 r  
    E3                                                0.000     0.000 r  CLK100MHZ (IN)
                         net (fo=0)                   0.000     0.000    CLK100MHZ
    E3                   IBUF (Prop_ibuf_I_O)         1.482     1.482 r  CLK100MHZ_IBUF_inst/O
                         net (fo=1, routed)           2.025     3.506    CLK100MHZ_IBUF
    BUFGCTRL_X0Y16       BUFG (Prop_bufg_I_O)         0.096     3.602 r  CLK100MHZ_IBUF_BUFG_inst/O
                         net (fo=108, routed)         1.701     5.303    disp/sel_cnt/CLK100MHZ_IBUF_BUFG
    SLICE_X6Y115         FDRE                                         r  disp/sel_cnt/cnt_reg[0]/C
  -------------------------------------------------------------------    -------------------
    SLICE_X6Y115         FDRE (Prop_fdre_C_Q)         0.518     5.821 r  disp/sel_cnt/cnt_reg[0]/Q
                         net (fo=23, routed)          1.134     6.956    disp/sel_cnt/cnt_reg[0]_0
    SLICE_X3Y118         LUT2 (Prop_lut2_I0_O)        0.152     7.108 r  disp/sel_cnt/CA_OBUF_inst_i_27/O
                         net (fo=3, routed)           0.296     7.404    cr/sec/CA_OBUF_inst_i_2
    SLICE_X3Y118         LUT6 (Prop_lut6_I5_O)        0.332     7.736 f  cr/sec/CA_OBUF_inst_i_9/O
                         net (fo=1, routed)           1.032     8.767    cr/ore/CC_OBUF_inst_i_1_2
    SLICE_X5Y117         LUT6 (Prop_lut6_I5_O)        0.124     8.891 r  cr/ore/CA_OBUF_inst_i_2/O
                         net (fo=7, routed)           1.017     9.908    cr/ore/CA_OBUF_inst_i_2_n_0
    SLICE_X0Y118         LUT4 (Prop_lut4_I0_O)        0.124    10.032 r  cr/ore/CF_OBUF_inst_i_1/O
                         net (fo=1, routed)           3.583    13.615    CF_OBUF
    T11                  OBUF (Prop_obuf_I_O)         3.561    17.175 r  CF_OBUF_inst/O
                         net (fo=0)                   0.000    17.175    CF
    T11                                                               r  CF (OUT)
  -------------------------------------------------------------------    -------------------

Slack:                    inf
  Source:                 disp/sel_cnt/cnt_reg[0]/C
                            (rising edge-triggered cell FDRE clocked by sys_clk_pin  {rise@0.000ns fall@5.000ns period=10.000ns})
  Destination:            CE
                            (output port)
  Path Group:             (none)
  Path Type:              Max at Slow Process Corner
  Data Path Delay:        11.597ns  (logic 4.784ns (41.249%)  route 6.813ns (58.751%))
  Logic Levels:           5  (LUT2=1 LUT3=1 LUT6=2 OBUF=1)
  Clock Uncertainty:      0.025ns  ((TSJ^2 + TIJ^2)^1/2 + DJ) / 2 + PE
    Total System Jitter     (TSJ):    0.050ns
    Total Input Jitter      (TIJ):    0.000ns
    Discrete Jitter          (DJ):    0.000ns
    Phase Error              (PE):    0.000ns

    Location             Delay type                Incr(ns)  Path(ns)    Netlist Resource(s)
  -------------------------------------------------------------------    -------------------
                         (clock sys_clk_pin rise edge)
                                                      0.000     0.000 r  
    E3                                                0.000     0.000 r  CLK100MHZ (IN)
                         net (fo=0)                   0.000     0.000    CLK100MHZ
    E3                   IBUF (Prop_ibuf_I_O)         1.482     1.482 r  CLK100MHZ_IBUF_inst/O
                         net (fo=1, routed)           2.025     3.506    CLK100MHZ_IBUF
    BUFGCTRL_X0Y16       BUFG (Prop_bufg_I_O)         0.096     3.602 r  CLK100MHZ_IBUF_BUFG_inst/O
                         net (fo=108, routed)         1.701     5.303    disp/sel_cnt/CLK100MHZ_IBUF_BUFG
    SLICE_X6Y115         FDRE                                         r  disp/sel_cnt/cnt_reg[0]/C
  -------------------------------------------------------------------    -------------------
    SLICE_X6Y115         FDRE (Prop_fdre_C_Q)         0.518     5.821 f  disp/sel_cnt/cnt_reg[0]/Q
                         net (fo=23, routed)          1.134     6.956    disp/sel_cnt/cnt_reg[0]_0
    SLICE_X3Y118         LUT2 (Prop_lut2_I0_O)        0.152     7.108 f  disp/sel_cnt/CA_OBUF_inst_i_27/O
                         net (fo=3, routed)           0.296     7.404    cr/sec/CA_OBUF_inst_i_2
    SLICE_X3Y118         LUT6 (Prop_lut6_I5_O)        0.332     7.736 r  cr/sec/CA_OBUF_inst_i_9/O
                         net (fo=1, routed)           1.032     8.767    cr/ore/CC_OBUF_inst_i_1_2
    SLICE_X5Y117         LUT6 (Prop_lut6_I5_O)        0.124     8.891 f  cr/ore/CA_OBUF_inst_i_2/O
                         net (fo=7, routed)           1.010     9.901    cr/ore/CA_OBUF_inst_i_2_n_0
    SLICE_X0Y118         LUT3 (Prop_lut3_I1_O)        0.124    10.025 r  cr/ore/CE_OBUF_inst_i_1/O
                         net (fo=1, routed)           3.341    13.366    CE_OBUF
    P15                  OBUF (Prop_obuf_I_O)         3.534    16.900 r  CE_OBUF_inst/O
                         net (fo=0)                   0.000    16.900    CE
    P15                                                               r  CE (OUT)
  -------------------------------------------------------------------    -------------------

Slack:                    inf
  Source:                 disp/sel_cnt/cnt_reg[0]/C
                            (rising edge-triggered cell FDRE clocked by sys_clk_pin  {rise@0.000ns fall@5.000ns period=10.000ns})
  Destination:            CG
                            (output port)
  Path Group:             (none)
  Path Type:              Max at Slow Process Corner
  Data Path Delay:        10.996ns  (logic 5.019ns (45.648%)  route 5.976ns (54.352%))
  Logic Levels:           5  (LUT2=1 LUT4=1 LUT6=2 OBUF=1)
  Clock Uncertainty:      0.025ns  ((TSJ^2 + TIJ^2)^1/2 + DJ) / 2 + PE
    Total System Jitter     (TSJ):    0.050ns
    Total Input Jitter      (TIJ):    0.000ns
    Discrete Jitter          (DJ):    0.000ns
    Phase Error              (PE):    0.000ns

    Location             Delay type                Incr(ns)  Path(ns)    Netlist Resource(s)
  -------------------------------------------------------------------    -------------------
                         (clock sys_clk_pin rise edge)
                                                      0.000     0.000 r  
    E3                                                0.000     0.000 r  CLK100MHZ (IN)
                         net (fo=0)                   0.000     0.000    CLK100MHZ
    E3                   IBUF (Prop_ibuf_I_O)         1.482     1.482 r  CLK100MHZ_IBUF_inst/O
                         net (fo=1, routed)           2.025     3.506    CLK100MHZ_IBUF
    BUFGCTRL_X0Y16       BUFG (Prop_bufg_I_O)         0.096     3.602 r  CLK100MHZ_IBUF_BUFG_inst/O
                         net (fo=108, routed)         1.701     5.303    disp/sel_cnt/CLK100MHZ_IBUF_BUFG
    SLICE_X6Y115         FDRE                                         r  disp/sel_cnt/cnt_reg[0]/C
  -------------------------------------------------------------------    -------------------
    SLICE_X6Y115         FDRE (Prop_fdre_C_Q)         0.518     5.821 r  disp/sel_cnt/cnt_reg[0]/Q
                         net (fo=23, routed)          1.134     6.956    disp/sel_cnt/cnt_reg[0]_0
    SLICE_X3Y118         LUT2 (Prop_lut2_I0_O)        0.152     7.108 r  disp/sel_cnt/CA_OBUF_inst_i_27/O
                         net (fo=3, routed)           0.296     7.404    cr/sec/CA_OBUF_inst_i_2
    SLICE_X3Y118         LUT6 (Prop_lut6_I5_O)        0.332     7.736 f  cr/sec/CA_OBUF_inst_i_9/O
                         net (fo=1, routed)           1.032     8.767    cr/ore/CC_OBUF_inst_i_1_2
    SLICE_X5Y117         LUT6 (Prop_lut6_I5_O)        0.124     8.891 r  cr/ore/CA_OBUF_inst_i_2/O
                         net (fo=7, routed)           1.017     9.908    cr/ore/CA_OBUF_inst_i_2_n_0
    SLICE_X0Y118         LUT4 (Prop_lut4_I2_O)        0.153    10.061 r  cr/ore/CG_OBUF_inst_i_1/O
                         net (fo=1, routed)           2.498    12.559    CG_OBUF
    L18                  OBUF (Prop_obuf_I_O)         3.740    16.299 r  CG_OBUF_inst/O
                         net (fo=0)                   0.000    16.299    CG
    L18                                                               r  CG (OUT)
  -------------------------------------------------------------------    -------------------

Slack:                    inf
  Source:                 disp/sel_cnt/cnt_reg[0]/C
                            (rising edge-triggered cell FDRE clocked by sys_clk_pin  {rise@0.000ns fall@5.000ns period=10.000ns})
  Destination:            CC
                            (output port)
  Path Group:             (none)
  Path Type:              Max at Slow Process Corner
  Data Path Delay:        10.286ns  (logic 4.507ns (43.818%)  route 5.779ns (56.182%))
  Logic Levels:           5  (LUT4=2 LUT6=2 OBUF=1)
  Clock Uncertainty:      0.025ns  ((TSJ^2 + TIJ^2)^1/2 + DJ) / 2 + PE
    Total System Jitter     (TSJ):    0.050ns
    Total Input Jitter      (TIJ):    0.000ns
    Discrete Jitter          (DJ):    0.000ns
    Phase Error              (PE):    0.000ns

    Location             Delay type                Incr(ns)  Path(ns)    Netlist Resource(s)
  -------------------------------------------------------------------    -------------------
                         (clock sys_clk_pin rise edge)
                                                      0.000     0.000 r  
    E3                                                0.000     0.000 r  CLK100MHZ (IN)
                         net (fo=0)                   0.000     0.000    CLK100MHZ
    E3                   IBUF (Prop_ibuf_I_O)         1.482     1.482 r  CLK100MHZ_IBUF_inst/O
                         net (fo=1, routed)           2.025     3.506    CLK100MHZ_IBUF
    BUFGCTRL_X0Y16       BUFG (Prop_bufg_I_O)         0.096     3.602 r  CLK100MHZ_IBUF_BUFG_inst/O
                         net (fo=108, routed)         1.701     5.303    disp/sel_cnt/CLK100MHZ_IBUF_BUFG
    SLICE_X6Y115         FDRE                                         r  disp/sel_cnt/cnt_reg[0]/C
  -------------------------------------------------------------------    -------------------
    SLICE_X6Y115         FDRE (Prop_fdre_C_Q)         0.518     5.821 f  disp/sel_cnt/cnt_reg[0]/Q
                         net (fo=23, routed)          1.293     7.114    cr/sec/sel[0]
    SLICE_X4Y118         LUT4 (Prop_lut4_I3_O)        0.124     7.238 f  cr/sec/CA_OBUF_inst_i_28/O
                         net (fo=1, routed)           0.811     8.049    cr/sec/CA_OBUF_inst_i_28_n_0
    SLICE_X4Y117         LUT6 (Prop_lut6_I0_O)        0.124     8.173 r  cr/sec/CA_OBUF_inst_i_12/O
                         net (fo=1, routed)           0.568     8.741    cr/sec/CA_OBUF_inst_i_12_n_0
    SLICE_X4Y118         LUT6 (Prop_lut6_I2_O)        0.124     8.865 f  cr/sec/CA_OBUF_inst_i_3/O
                         net (fo=7, routed)           0.980     9.845    cr/ore/CC
    SLICE_X0Y118         LUT4 (Prop_lut4_I1_O)        0.124     9.969 r  cr/ore/CC_OBUF_inst_i_1/O
                         net (fo=1, routed)           2.127    12.096    CC_OBUF
    K16                  OBUF (Prop_obuf_I_O)         3.493    15.589 r  CC_OBUF_inst/O
                         net (fo=0)                   0.000    15.589    CC
    K16                                                               r  CC (OUT)
  -------------------------------------------------------------------    -------------------

Slack:                    inf
  Source:                 disp/sel_cnt/cnt_reg[0]/C
                            (rising edge-triggered cell FDRE clocked by sys_clk_pin  {rise@0.000ns fall@5.000ns period=10.000ns})
  Destination:            CD
                            (output port)
  Path Group:             (none)
  Path Type:              Max at Slow Process Corner
  Data Path Delay:        10.273ns  (logic 4.800ns (46.729%)  route 5.472ns (53.271%))
  Logic Levels:           5  (LUT4=2 LUT6=2 OBUF=1)
  Clock Uncertainty:      0.025ns  ((TSJ^2 + TIJ^2)^1/2 + DJ) / 2 + PE
    Total System Jitter     (TSJ):    0.050ns
    Total Input Jitter      (TIJ):    0.000ns
    Discrete Jitter          (DJ):    0.000ns
    Phase Error              (PE):    0.000ns

    Location             Delay type                Incr(ns)  Path(ns)    Netlist Resource(s)
  -------------------------------------------------------------------    -------------------
                         (clock sys_clk_pin rise edge)
                                                      0.000     0.000 r  
    E3                                                0.000     0.000 r  CLK100MHZ (IN)
                         net (fo=0)                   0.000     0.000    CLK100MHZ
    E3                   IBUF (Prop_ibuf_I_O)         1.482     1.482 r  CLK100MHZ_IBUF_inst/O
                         net (fo=1, routed)           2.025     3.506    CLK100MHZ_IBUF
    BUFGCTRL_X0Y16       BUFG (Prop_bufg_I_O)         0.096     3.602 r  CLK100MHZ_IBUF_BUFG_inst/O
                         net (fo=108, routed)         1.701     5.303    disp/sel_cnt/CLK100MHZ_IBUF_BUFG
    SLICE_X6Y115         FDRE                                         r  disp/sel_cnt/cnt_reg[0]/C
  -------------------------------------------------------------------    -------------------
    SLICE_X6Y115         FDRE (Prop_fdre_C_Q)         0.518     5.821 r  disp/sel_cnt/cnt_reg[0]/Q
                         net (fo=23, routed)          1.293     7.114    cr/sec/sel[0]
    SLICE_X4Y118         LUT4 (Prop_lut4_I3_O)        0.124     7.238 r  cr/sec/CA_OBUF_inst_i_28/O
                         net (fo=1, routed)           0.811     8.049    cr/sec/CA_OBUF_inst_i_28_n_0
    SLICE_X4Y117         LUT6 (Prop_lut6_I0_O)        0.124     8.173 f  cr/sec/CA_OBUF_inst_i_12/O
                         net (fo=1, routed)           0.568     8.741    cr/sec/CA_OBUF_inst_i_12_n_0
    SLICE_X4Y118         LUT6 (Prop_lut6_I2_O)        0.124     8.865 r  cr/sec/CA_OBUF_inst_i_3/O
                         net (fo=7, routed)           0.980     9.845    cr/ore/CC
    SLICE_X0Y118         LUT4 (Prop_lut4_I3_O)        0.152     9.997 r  cr/ore/CD_OBUF_inst_i_1/O
                         net (fo=1, routed)           1.820    11.818    CD_OBUF
    K13                  OBUF (Prop_obuf_I_O)         3.758    15.576 r  CD_OBUF_inst/O
                         net (fo=0)                   0.000    15.576    CD
    K13                                                               r  CD (OUT)
  -------------------------------------------------------------------    -------------------

Slack:                    inf
  Source:                 disp/sel_cnt/cnt_reg[2]/C
                            (rising edge-triggered cell FDRE clocked by sys_clk_pin  {rise@0.000ns fall@5.000ns period=10.000ns})
  Destination:            AN[2]
                            (output port)
  Path Group:             (none)
  Path Type:              Max at Slow Process Corner
  Data Path Delay:        8.856ns  (logic 4.289ns (48.436%)  route 4.566ns (51.564%))
  Logic Levels:           2  (LUT3=1 OBUF=1)
  Clock Uncertainty:      0.025ns  ((TSJ^2 + TIJ^2)^1/2 + DJ) / 2 + PE
    Total System Jitter     (TSJ):    0.050ns
    Total Input Jitter      (TIJ):    0.000ns
    Discrete Jitter          (DJ):    0.000ns
    Phase Error              (PE):    0.000ns

    Location             Delay type                Incr(ns)  Path(ns)    Netlist Resource(s)
  -------------------------------------------------------------------    -------------------
                         (clock sys_clk_pin rise edge)
                                                      0.000     0.000 r  
    E3                                                0.000     0.000 r  CLK100MHZ (IN)
                         net (fo=0)                   0.000     0.000    CLK100MHZ
    E3                   IBUF (Prop_ibuf_I_O)         1.482     1.482 r  CLK100MHZ_IBUF_inst/O
                         net (fo=1, routed)           2.025     3.506    CLK100MHZ_IBUF
    BUFGCTRL_X0Y16       BUFG (Prop_bufg_I_O)         0.096     3.602 r  CLK100MHZ_IBUF_BUFG_inst/O
                         net (fo=108, routed)         1.702     5.304    disp/sel_cnt/CLK100MHZ_IBUF_BUFG
    SLICE_X3Y115         FDRE                                         r  disp/sel_cnt/cnt_reg[2]/C
  -------------------------------------------------------------------    -------------------
    SLICE_X3Y115         FDRE (Prop_fdre_C_Q)         0.419     5.723 r  disp/sel_cnt/cnt_reg[2]/Q
                         net (fo=19, routed)          0.774     6.497    disp/sel_cnt/cnt_reg[2]_0
    SLICE_X2Y114         LUT3 (Prop_lut3_I0_O)        0.296     6.793 r  disp/sel_cnt/AN_OBUF[2]_inst_i_1/O
                         net (fo=1, routed)           3.793    10.586    AN_OBUF[2]
    T9                   OBUF (Prop_obuf_I_O)         3.574    14.160 r  AN_OBUF[2]_inst/O
                         net (fo=0)                   0.000    14.160    AN[2]
    T9                                                                r  AN[2] (OUT)
  -------------------------------------------------------------------    -------------------

Slack:                    inf
  Source:                 disp/sel_cnt/cnt_reg[2]/C
                            (rising edge-triggered cell FDRE clocked by sys_clk_pin  {rise@0.000ns fall@5.000ns period=10.000ns})
  Destination:            AN[5]
                            (output port)
  Path Group:             (none)
  Path Type:              Max at Slow Process Corner
  Data Path Delay:        8.641ns  (logic 4.517ns (52.272%)  route 4.124ns (47.729%))
  Logic Levels:           2  (LUT3=1 OBUF=1)
  Clock Uncertainty:      0.025ns  ((TSJ^2 + TIJ^2)^1/2 + DJ) / 2 + PE
    Total System Jitter     (TSJ):    0.050ns
    Total Input Jitter      (TIJ):    0.000ns
    Discrete Jitter          (DJ):    0.000ns
    Phase Error              (PE):    0.000ns

    Location             Delay type                Incr(ns)  Path(ns)    Netlist Resource(s)
  -------------------------------------------------------------------    -------------------
                         (clock sys_clk_pin rise edge)
                                                      0.000     0.000 r  
    E3                                                0.000     0.000 r  CLK100MHZ (IN)
                         net (fo=0)                   0.000     0.000    CLK100MHZ
    E3                   IBUF (Prop_ibuf_I_O)         1.482     1.482 r  CLK100MHZ_IBUF_inst/O
                         net (fo=1, routed)           2.025     3.506    CLK100MHZ_IBUF
    BUFGCTRL_X0Y16       BUFG (Prop_bufg_I_O)         0.096     3.602 r  CLK100MHZ_IBUF_BUFG_inst/O
                         net (fo=108, routed)         1.702     5.304    disp/sel_cnt/CLK100MHZ_IBUF_BUFG
    SLICE_X3Y115         FDRE                                         r  disp/sel_cnt/cnt_reg[2]/C
  -------------------------------------------------------------------    -------------------
    SLICE_X3Y115         FDRE (Prop_fdre_C_Q)         0.419     5.723 f  disp/sel_cnt/cnt_reg[2]/Q
                         net (fo=19, routed)          0.938     6.661    disp/sel_cnt/cnt_reg[2]_0
    SLICE_X2Y116         LUT3 (Prop_lut3_I2_O)        0.322     6.983 r  disp/sel_cnt/AN_OBUF[5]_inst_i_1/O
                         net (fo=1, routed)           3.186    10.169    AN_OBUF[5]
    T14                  OBUF (Prop_obuf_I_O)         3.776    13.945 r  AN_OBUF[5]_inst/O
                         net (fo=0)                   0.000    13.945    AN[5]
    T14                                                               r  AN[5] (OUT)
  -------------------------------------------------------------------    -------------------

Slack:                    inf
  Source:                 disp/sel_cnt/cnt_reg[0]/C
                            (rising edge-triggered cell FDRE clocked by sys_clk_pin  {rise@0.000ns fall@5.000ns period=10.000ns})
  Destination:            AN[4]
                            (output port)
  Path Group:             (none)
  Path Type:              Max at Slow Process Corner
  Data Path Delay:        8.356ns  (logic 4.442ns (53.159%)  route 3.914ns (46.841%))
  Logic Levels:           2  (LUT3=1 OBUF=1)
  Clock Uncertainty:      0.025ns  ((TSJ^2 + TIJ^2)^1/2 + DJ) / 2 + PE
    Total System Jitter     (TSJ):    0.050ns
    Total Input Jitter      (TIJ):    0.000ns
    Discrete Jitter          (DJ):    0.000ns
    Phase Error              (PE):    0.000ns

    Location             Delay type                Incr(ns)  Path(ns)    Netlist Resource(s)
  -------------------------------------------------------------------    -------------------
                         (clock sys_clk_pin rise edge)
                                                      0.000     0.000 r  
    E3                                                0.000     0.000 r  CLK100MHZ (IN)
                         net (fo=0)                   0.000     0.000    CLK100MHZ
    E3                   IBUF (Prop_ibuf_I_O)         1.482     1.482 r  CLK100MHZ_IBUF_inst/O
                         net (fo=1, routed)           2.025     3.506    CLK100MHZ_IBUF
    BUFGCTRL_X0Y16       BUFG (Prop_bufg_I_O)         0.096     3.602 r  CLK100MHZ_IBUF_BUFG_inst/O
                         net (fo=108, routed)         1.701     5.303    disp/sel_cnt/CLK100MHZ_IBUF_BUFG
    SLICE_X6Y115         FDRE                                         r  disp/sel_cnt/cnt_reg[0]/C
  -------------------------------------------------------------------    -------------------
    SLICE_X6Y115         FDRE (Prop_fdre_C_Q)         0.518     5.821 r  disp/sel_cnt/cnt_reg[0]/Q
                         net (fo=23, routed)          1.066     6.887    disp/sel_cnt/cnt_reg[0]_0
    SLICE_X2Y114         LUT3 (Prop_lut3_I0_O)        0.150     7.037 r  disp/sel_cnt/AN_OBUF[4]_inst_i_1/O
                         net (fo=1, routed)           2.848     9.885    AN_OBUF[4]
    P14                  OBUF (Prop_obuf_I_O)         3.774    13.659 r  AN_OBUF[4]_inst/O
                         net (fo=0)                   0.000    13.659    AN[4]
    P14                                                               r  AN[4] (OUT)
  -------------------------------------------------------------------    -------------------





Min Delay Paths
--------------------------------------------------------------------------------------
Slack:                    inf
  Source:                 im/FSM_onehot_current_state_reg[0]/C
                            (rising edge-triggered cell FDSE clocked by sys_clk_pin  {rise@0.000ns fall@5.000ns period=10.000ns})
  Destination:            LED[2]
                            (output port)
  Path Group:             (none)
  Path Type:              Min at Fast Process Corner
  Data Path Delay:        1.810ns  (logic 1.394ns (77.044%)  route 0.415ns (22.956%))
  Logic Levels:           1  (OBUF=1)
  Clock Uncertainty:      0.025ns  ((TSJ^2 + TIJ^2)^1/2 + DJ) / 2 + PE
    Total System Jitter     (TSJ):    0.050ns
    Total Input Jitter      (TIJ):    0.000ns
    Discrete Jitter          (DJ):    0.000ns
    Phase Error              (PE):    0.000ns

    Location             Delay type                Incr(ns)  Path(ns)    Netlist Resource(s)
  -------------------------------------------------------------------    -------------------
                         (clock sys_clk_pin rise edge)
                                                      0.000     0.000 r  
    E3                                                0.000     0.000 r  CLK100MHZ (IN)
                         net (fo=0)                   0.000     0.000    CLK100MHZ
    E3                   IBUF (Prop_ibuf_I_O)         0.250     0.250 r  CLK100MHZ_IBUF_inst/O
                         net (fo=1, routed)           0.644     0.894    CLK100MHZ_IBUF
    BUFGCTRL_X0Y16       BUFG (Prop_bufg_I_O)         0.026     0.920 r  CLK100MHZ_IBUF_BUFG_inst/O
                         net (fo=108, routed)         0.594     1.513    im/CLK100MHZ_IBUF_BUFG
    SLICE_X1Y113         FDSE                                         r  im/FSM_onehot_current_state_reg[0]/C
  -------------------------------------------------------------------    -------------------
    SLICE_X1Y113         FDSE (Prop_fdse_C_Q)         0.141     1.654 r  im/FSM_onehot_current_state_reg[0]/Q
                         net (fo=6, routed)           0.415     2.070    LED_OBUF[2]
    J13                  OBUF (Prop_obuf_I_O)         1.253     3.323 r  LED_OBUF[2]_inst/O
                         net (fo=0)                   0.000     3.323    LED[2]
    J13                                                               r  LED[2] (OUT)
  -------------------------------------------------------------------    -------------------

Slack:                    inf
  Source:                 im/FSM_onehot_current_state_reg[1]/C
                            (rising edge-triggered cell FDRE clocked by sys_clk_pin  {rise@0.000ns fall@5.000ns period=10.000ns})
  Destination:            LED[0]
                            (output port)
  Path Group:             (none)
  Path Type:              Min at Fast Process Corner
  Data Path Delay:        1.916ns  (logic 1.407ns (73.453%)  route 0.509ns (26.547%))
  Logic Levels:           2  (LUT2=1 OBUF=1)
  Clock Uncertainty:      0.025ns  ((TSJ^2 + TIJ^2)^1/2 + DJ) / 2 + PE
    Total System Jitter     (TSJ):    0.050ns
    Total Input Jitter      (TIJ):    0.000ns
    Discrete Jitter          (DJ):    0.000ns
    Phase Error              (PE):    0.000ns

    Location             Delay type                Incr(ns)  Path(ns)    Netlist Resource(s)
  -------------------------------------------------------------------    -------------------
                         (clock sys_clk_pin rise edge)
                                                      0.000     0.000 r  
    E3                                                0.000     0.000 r  CLK100MHZ (IN)
                         net (fo=0)                   0.000     0.000    CLK100MHZ
    E3                   IBUF (Prop_ibuf_I_O)         0.250     0.250 r  CLK100MHZ_IBUF_inst/O
                         net (fo=1, routed)           0.644     0.894    CLK100MHZ_IBUF
    BUFGCTRL_X0Y16       BUFG (Prop_bufg_I_O)         0.026     0.920 r  CLK100MHZ_IBUF_BUFG_inst/O
                         net (fo=108, routed)         0.594     1.513    im/CLK100MHZ_IBUF_BUFG
    SLICE_X1Y113         FDRE                                         r  im/FSM_onehot_current_state_reg[1]/C
  -------------------------------------------------------------------    -------------------
    SLICE_X1Y113         FDRE (Prop_fdre_C_Q)         0.141     1.654 f  im/FSM_onehot_current_state_reg[1]/Q
                         net (fo=5, routed)           0.164     1.819    im/m_reg
    SLICE_X1Y113         LUT2 (Prop_lut2_I1_O)        0.045     1.864 r  im/LED_OBUF[0]_inst_i_1/O
                         net (fo=1, routed)           0.345     2.208    LED_OBUF[0]
    H17                  OBUF (Prop_obuf_I_O)         1.221     3.429 r  LED_OBUF[0]_inst/O
                         net (fo=0)                   0.000     3.429    LED[0]
    H17                                                               r  LED[0] (OUT)
  -------------------------------------------------------------------    -------------------

Slack:                    inf
  Source:                 im/FSM_onehot_current_state_reg[0]/C
                            (rising edge-triggered cell FDSE clocked by sys_clk_pin  {rise@0.000ns fall@5.000ns period=10.000ns})
  Destination:            LED[1]
                            (output port)
  Path Group:             (none)
  Path Type:              Min at Fast Process Corner
  Data Path Delay:        2.119ns  (logic 1.422ns (67.123%)  route 0.697ns (32.877%))
  Logic Levels:           2  (LUT2=1 OBUF=1)
  Clock Uncertainty:      0.025ns  ((TSJ^2 + TIJ^2)^1/2 + DJ) / 2 + PE
    Total System Jitter     (TSJ):    0.050ns
    Total Input Jitter      (TIJ):    0.000ns
    Discrete Jitter          (DJ):    0.000ns
    Phase Error              (PE):    0.000ns

    Location             Delay type                Incr(ns)  Path(ns)    Netlist Resource(s)
  -------------------------------------------------------------------    -------------------
                         (clock sys_clk_pin rise edge)
                                                      0.000     0.000 r  
    E3                                                0.000     0.000 r  CLK100MHZ (IN)
                         net (fo=0)                   0.000     0.000    CLK100MHZ
    E3                   IBUF (Prop_ibuf_I_O)         0.250     0.250 r  CLK100MHZ_IBUF_inst/O
                         net (fo=1, routed)           0.644     0.894    CLK100MHZ_IBUF
    BUFGCTRL_X0Y16       BUFG (Prop_bufg_I_O)         0.026     0.920 r  CLK100MHZ_IBUF_BUFG_inst/O
                         net (fo=108, routed)         0.594     1.513    im/CLK100MHZ_IBUF_BUFG
    SLICE_X1Y113         FDSE                                         r  im/FSM_onehot_current_state_reg[0]/C
  -------------------------------------------------------------------    -------------------
    SLICE_X1Y113         FDSE (Prop_fdse_C_Q)         0.141     1.654 f  im/FSM_onehot_current_state_reg[0]/Q
                         net (fo=6, routed)           0.253     1.908    im/LED_OBUF[2]
    SLICE_X1Y113         LUT2 (Prop_lut2_I1_O)        0.045     1.953 r  im/LED_OBUF[1]_inst_i_1/O
                         net (fo=1, routed)           0.443     2.396    LED_OBUF[1]
    K15                  OBUF (Prop_obuf_I_O)         1.236     3.632 r  LED_OBUF[1]_inst/O
                         net (fo=0)                   0.000     3.632    LED[1]
    K15                                                               r  LED[1] (OUT)
  -------------------------------------------------------------------    -------------------

Slack:                    inf
  Source:                 disp/sel_cnt/cnt_reg[0]/C
                            (rising edge-triggered cell FDRE clocked by sys_clk_pin  {rise@0.000ns fall@5.000ns period=10.000ns})
  Destination:            DP
                            (output port)
  Path Group:             (none)
  Path Type:              Min at Fast Process Corner
  Data Path Delay:        2.129ns  (logic 1.508ns (70.809%)  route 0.622ns (29.191%))
  Logic Levels:           2  (LUT3=1 OBUF=1)
  Clock Uncertainty:      0.025ns  ((TSJ^2 + TIJ^2)^1/2 + DJ) / 2 + PE
    Total System Jitter     (TSJ):    0.050ns
    Total Input Jitter      (TIJ):    0.000ns
    Discrete Jitter          (DJ):    0.000ns
    Phase Error              (PE):    0.000ns

    Location             Delay type                Incr(ns)  Path(ns)    Netlist Resource(s)
  -------------------------------------------------------------------    -------------------
                         (clock sys_clk_pin rise edge)
                                                      0.000     0.000 r  
    E3                                                0.000     0.000 r  CLK100MHZ (IN)
                         net (fo=0)                   0.000     0.000    CLK100MHZ
    E3                   IBUF (Prop_ibuf_I_O)         0.250     0.250 r  CLK100MHZ_IBUF_inst/O
                         net (fo=1, routed)           0.644     0.894    CLK100MHZ_IBUF
    BUFGCTRL_X0Y16       BUFG (Prop_bufg_I_O)         0.026     0.920 r  CLK100MHZ_IBUF_BUFG_inst/O
                         net (fo=108, routed)         0.593     1.512    disp/sel_cnt/CLK100MHZ_IBUF_BUFG
    SLICE_X6Y115         FDRE                                         r  disp/sel_cnt/cnt_reg[0]/C
  -------------------------------------------------------------------    -------------------
    SLICE_X6Y115         FDRE (Prop_fdre_C_Q)         0.164     1.676 r  disp/sel_cnt/cnt_reg[0]/Q
                         net (fo=23, routed)          0.212     1.888    disp/sel_cnt/cnt_reg[0]_0
    SLICE_X5Y116         LUT3 (Prop_lut3_I0_O)        0.042     1.930 r  disp/sel_cnt/DP_OBUF_inst_i_1/O
                         net (fo=1, routed)           0.410     2.340    DP_OBUF
    H15                  OBUF (Prop_obuf_I_O)         1.302     3.642 r  DP_OBUF_inst/O
                         net (fo=0)                   0.000     3.642    DP
    H15                                                               r  DP (OUT)
  -------------------------------------------------------------------    -------------------

Slack:                    inf
  Source:                 disp/sel_cnt/cnt_reg[0]/C
                            (rising edge-triggered cell FDRE clocked by sys_clk_pin  {rise@0.000ns fall@5.000ns period=10.000ns})
  Destination:            AN[3]
                            (output port)
  Path Group:             (none)
  Path Type:              Min at Fast Process Corner
  Data Path Delay:        2.209ns  (logic 1.534ns (69.423%)  route 0.676ns (30.577%))
  Logic Levels:           2  (LUT3=1 OBUF=1)
  Clock Uncertainty:      0.025ns  ((TSJ^2 + TIJ^2)^1/2 + DJ) / 2 + PE
    Total System Jitter     (TSJ):    0.050ns
    Total Input Jitter      (TIJ):    0.000ns
    Discrete Jitter          (DJ):    0.000ns
    Phase Error              (PE):    0.000ns

    Location             Delay type                Incr(ns)  Path(ns)    Netlist Resource(s)
  -------------------------------------------------------------------    -------------------
                         (clock sys_clk_pin rise edge)
                                                      0.000     0.000 r  
    E3                                                0.000     0.000 r  CLK100MHZ (IN)
                         net (fo=0)                   0.000     0.000    CLK100MHZ
    E3                   IBUF (Prop_ibuf_I_O)         0.250     0.250 r  CLK100MHZ_IBUF_inst/O
                         net (fo=1, routed)           0.644     0.894    CLK100MHZ_IBUF
    BUFGCTRL_X0Y16       BUFG (Prop_bufg_I_O)         0.026     0.920 r  CLK100MHZ_IBUF_BUFG_inst/O
                         net (fo=108, routed)         0.593     1.512    disp/sel_cnt/CLK100MHZ_IBUF_BUFG
    SLICE_X6Y115         FDRE                                         r  disp/sel_cnt/cnt_reg[0]/C
  -------------------------------------------------------------------    -------------------
    SLICE_X6Y115         FDRE (Prop_fdre_C_Q)         0.164     1.676 f  disp/sel_cnt/cnt_reg[0]/Q
                         net (fo=23, routed)          0.293     1.969    disp/sel_cnt/cnt_reg[0]_0
    SLICE_X2Y114         LUT3 (Prop_lut3_I2_O)        0.049     2.018 r  disp/sel_cnt/AN_OBUF[3]_inst_i_1/O
                         net (fo=1, routed)           0.383     2.401    AN_OBUF[3]
    J14                  OBUF (Prop_obuf_I_O)         1.321     3.722 r  AN_OBUF[3]_inst/O
                         net (fo=0)                   0.000     3.722    AN[3]
    J14                                                               r  AN[3] (OUT)
  -------------------------------------------------------------------    -------------------

Slack:                    inf
  Source:                 disp/sel_cnt/cnt_reg[1]/C
                            (rising edge-triggered cell FDRE clocked by sys_clk_pin  {rise@0.000ns fall@5.000ns period=10.000ns})
  Destination:            AN[1]
                            (output port)
  Path Group:             (none)
  Path Type:              Min at Fast Process Corner
  Data Path Delay:        2.248ns  (logic 1.422ns (63.264%)  route 0.826ns (36.736%))
  Logic Levels:           2  (LUT3=1 OBUF=1)
  Clock Uncertainty:      0.025ns  ((TSJ^2 + TIJ^2)^1/2 + DJ) / 2 + PE
    Total System Jitter     (TSJ):    0.050ns
    Total Input Jitter      (TIJ):    0.000ns
    Discrete Jitter          (DJ):    0.000ns
    Phase Error              (PE):    0.000ns

    Location             Delay type                Incr(ns)  Path(ns)    Netlist Resource(s)
  -------------------------------------------------------------------    -------------------
                         (clock sys_clk_pin rise edge)
                                                      0.000     0.000 r  
    E3                                                0.000     0.000 r  CLK100MHZ (IN)
                         net (fo=0)                   0.000     0.000    CLK100MHZ
    E3                   IBUF (Prop_ibuf_I_O)         0.250     0.250 r  CLK100MHZ_IBUF_inst/O
                         net (fo=1, routed)           0.644     0.894    CLK100MHZ_IBUF
    BUFGCTRL_X0Y16       BUFG (Prop_bufg_I_O)         0.026     0.920 r  CLK100MHZ_IBUF_BUFG_inst/O
                         net (fo=108, routed)         0.594     1.513    disp/sel_cnt/CLK100MHZ_IBUF_BUFG
    SLICE_X3Y115         FDRE                                         r  disp/sel_cnt/cnt_reg[1]/C
  -------------------------------------------------------------------    -------------------
    SLICE_X3Y115         FDRE (Prop_fdre_C_Q)         0.141     1.654 r  disp/sel_cnt/cnt_reg[1]/Q
                         net (fo=24, routed)          0.338     1.992    disp/sel_cnt/cnt_reg[1]_0
    SLICE_X3Y114         LUT3 (Prop_lut3_I1_O)        0.045     2.037 r  disp/sel_cnt/AN_OBUF[1]_inst_i_1/O
                         net (fo=1, routed)           0.488     2.525    AN_OBUF[1]
    J18                  OBUF (Prop_obuf_I_O)         1.236     3.762 r  AN_OBUF[1]_inst/O
                         net (fo=0)                   0.000     3.762    AN[1]
    J18                                                               r  AN[1] (OUT)
  -------------------------------------------------------------------    -------------------

Slack:                    inf
  Source:                 disp/sel_cnt/cnt_reg[0]/C
                            (rising edge-triggered cell FDRE clocked by sys_clk_pin  {rise@0.000ns fall@5.000ns period=10.000ns})
  Destination:            AN[0]
                            (output port)
  Path Group:             (none)
  Path Type:              Min at Fast Process Corner
  Data Path Delay:        2.304ns  (logic 1.445ns (62.744%)  route 0.858ns (37.256%))
  Logic Levels:           2  (LUT3=1 OBUF=1)
  Clock Uncertainty:      0.025ns  ((TSJ^2 + TIJ^2)^1/2 + DJ) / 2 + PE
    Total System Jitter     (TSJ):    0.050ns
    Total Input Jitter      (TIJ):    0.000ns
    Discrete Jitter          (DJ):    0.000ns
    Phase Error              (PE):    0.000ns

    Location             Delay type                Incr(ns)  Path(ns)    Netlist Resource(s)
  -------------------------------------------------------------------    -------------------
                         (clock sys_clk_pin rise edge)
                                                      0.000     0.000 r  
    E3                                                0.000     0.000 r  CLK100MHZ (IN)
                         net (fo=0)                   0.000     0.000    CLK100MHZ
    E3                   IBUF (Prop_ibuf_I_O)         0.250     0.250 r  CLK100MHZ_IBUF_inst/O
                         net (fo=1, routed)           0.644     0.894    CLK100MHZ_IBUF
    BUFGCTRL_X0Y16       BUFG (Prop_bufg_I_O)         0.026     0.920 r  CLK100MHZ_IBUF_BUFG_inst/O
                         net (fo=108, routed)         0.593     1.512    disp/sel_cnt/CLK100MHZ_IBUF_BUFG
    SLICE_X6Y115         FDRE                                         r  disp/sel_cnt/cnt_reg[0]/C
  -------------------------------------------------------------------    -------------------
    SLICE_X6Y115         FDRE (Prop_fdre_C_Q)         0.164     1.676 r  disp/sel_cnt/cnt_reg[0]/Q
                         net (fo=23, routed)          0.401     2.077    disp/sel_cnt/cnt_reg[0]_0
    SLICE_X2Y114         LUT3 (Prop_lut3_I2_O)        0.045     2.122 r  disp/sel_cnt/AN_OBUF[0]_inst_i_1/O
                         net (fo=1, routed)           0.457     2.580    AN_OBUF[0]
    J17                  OBUF (Prop_obuf_I_O)         1.236     3.816 r  AN_OBUF[0]_inst/O
                         net (fo=0)                   0.000     3.816    AN[0]
    J17                                                               r  AN[0] (OUT)
  -------------------------------------------------------------------    -------------------

Slack:                    inf
  Source:                 disp/sel_cnt/cnt_reg[1]/C
                            (rising edge-triggered cell FDRE clocked by sys_clk_pin  {rise@0.000ns fall@5.000ns period=10.000ns})
  Destination:            CD
                            (output port)
  Path Group:             (none)
  Path Type:              Min at Fast Process Corner
  Data Path Delay:        2.491ns  (logic 1.549ns (62.179%)  route 0.942ns (37.821%))
  Logic Levels:           3  (LUT4=1 LUT5=1 OBUF=1)
  Clock Uncertainty:      0.025ns  ((TSJ^2 + TIJ^2)^1/2 + DJ) / 2 + PE
    Total System Jitter     (TSJ):    0.050ns
    Total Input Jitter      (TIJ):    0.000ns
    Discrete Jitter          (DJ):    0.000ns
    Phase Error              (PE):    0.000ns

    Location             Delay type                Incr(ns)  Path(ns)    Netlist Resource(s)
  -------------------------------------------------------------------    -------------------
                         (clock sys_clk_pin rise edge)
                                                      0.000     0.000 r  
    E3                                                0.000     0.000 r  CLK100MHZ (IN)
                         net (fo=0)                   0.000     0.000    CLK100MHZ
    E3                   IBUF (Prop_ibuf_I_O)         0.250     0.250 r  CLK100MHZ_IBUF_inst/O
                         net (fo=1, routed)           0.644     0.894    CLK100MHZ_IBUF
    BUFGCTRL_X0Y16       BUFG (Prop_bufg_I_O)         0.026     0.920 r  CLK100MHZ_IBUF_BUFG_inst/O
                         net (fo=108, routed)         0.594     1.513    disp/sel_cnt/CLK100MHZ_IBUF_BUFG
    SLICE_X3Y115         FDRE                                         r  disp/sel_cnt/cnt_reg[1]/C
  -------------------------------------------------------------------    -------------------
    SLICE_X3Y115         FDRE (Prop_fdre_C_Q)         0.141     1.654 f  disp/sel_cnt/cnt_reg[1]/Q
                         net (fo=24, routed)          0.193     1.848    cr/ore/sel[1]
    SLICE_X3Y116         LUT5 (Prop_lut5_I4_O)        0.045     1.893 r  cr/ore/CA_OBUF_inst_i_5/O
                         net (fo=6, routed)           0.343     2.235    cr/ore/CA_OBUF_inst_i_5_n_0
    SLICE_X0Y118         LUT4 (Prop_lut4_I1_O)        0.045     2.280 r  cr/ore/CD_OBUF_inst_i_1/O
                         net (fo=1, routed)           0.406     2.687    CD_OBUF
    K13                  OBUF (Prop_obuf_I_O)         1.318     4.005 r  CD_OBUF_inst/O
                         net (fo=0)                   0.000     4.005    CD
    K13                                                               r  CD (OUT)
  -------------------------------------------------------------------    -------------------

Slack:                    inf
  Source:                 disp/sel_cnt/cnt_reg[1]/C
                            (rising edge-triggered cell FDRE clocked by sys_clk_pin  {rise@0.000ns fall@5.000ns period=10.000ns})
  Destination:            CC
                            (output port)
  Path Group:             (none)
  Path Type:              Min at Fast Process Corner
  Data Path Delay:        2.497ns  (logic 1.425ns (57.085%)  route 1.071ns (42.915%))
  Logic Levels:           3  (LUT4=1 LUT5=1 OBUF=1)
  Clock Uncertainty:      0.025ns  ((TSJ^2 + TIJ^2)^1/2 + DJ) / 2 + PE
    Total System Jitter     (TSJ):    0.050ns
    Total Input Jitter      (TIJ):    0.000ns
    Discrete Jitter          (DJ):    0.000ns
    Phase Error              (PE):    0.000ns

    Location             Delay type                Incr(ns)  Path(ns)    Netlist Resource(s)
  -------------------------------------------------------------------    -------------------
                         (clock sys_clk_pin rise edge)
                                                      0.000     0.000 r  
    E3                                                0.000     0.000 r  CLK100MHZ (IN)
                         net (fo=0)                   0.000     0.000    CLK100MHZ
    E3                   IBUF (Prop_ibuf_I_O)         0.250     0.250 r  CLK100MHZ_IBUF_inst/O
                         net (fo=1, routed)           0.644     0.894    CLK100MHZ_IBUF
    BUFGCTRL_X0Y16       BUFG (Prop_bufg_I_O)         0.026     0.920 r  CLK100MHZ_IBUF_BUFG_inst/O
                         net (fo=108, routed)         0.594     1.513    disp/sel_cnt/CLK100MHZ_IBUF_BUFG
    SLICE_X3Y115         FDRE                                         r  disp/sel_cnt/cnt_reg[1]/C
  -------------------------------------------------------------------    -------------------
    SLICE_X3Y115         FDRE (Prop_fdre_C_Q)         0.141     1.654 r  disp/sel_cnt/cnt_reg[1]/Q
                         net (fo=24, routed)          0.193     1.848    cr/ore/sel[1]
    SLICE_X3Y116         LUT5 (Prop_lut5_I4_O)        0.045     1.893 f  cr/ore/CA_OBUF_inst_i_5/O
                         net (fo=6, routed)           0.343     2.235    cr/ore/CA_OBUF_inst_i_5_n_0
    SLICE_X0Y118         LUT4 (Prop_lut4_I0_O)        0.045     2.280 r  cr/ore/CC_OBUF_inst_i_1/O
                         net (fo=1, routed)           0.536     2.816    CC_OBUF
    K16                  OBUF (Prop_obuf_I_O)         1.194     4.010 r  CC_OBUF_inst/O
                         net (fo=0)                   0.000     4.010    CC
    K16                                                               r  CC (OUT)
  -------------------------------------------------------------------    -------------------

Slack:                    inf
  Source:                 cr/sec/cnt_reg[5]/C
                            (rising edge-triggered cell FDRE clocked by sys_clk_pin  {rise@0.000ns fall@5.000ns period=10.000ns})
  Destination:            CG
                            (output port)
  Path Group:             (none)
  Path Type:              Min at Fast Process Corner
  Data Path Delay:        2.750ns  (logic 1.585ns (57.652%)  route 1.164ns (42.348%))
  Logic Levels:           4  (LUT4=1 LUT6=2 OBUF=1)
  Clock Uncertainty:      0.025ns  ((TSJ^2 + TIJ^2)^1/2 + DJ) / 2 + PE
    Total System Jitter     (TSJ):    0.050ns
    Total Input Jitter      (TIJ):    0.000ns
    Discrete Jitter          (DJ):    0.000ns
    Phase Error              (PE):    0.000ns

    Location             Delay type                Incr(ns)  Path(ns)    Netlist Resource(s)
  -------------------------------------------------------------------    -------------------
                         (clock sys_clk_pin rise edge)
                                                      0.000     0.000 r  
    E3                                                0.000     0.000 r  CLK100MHZ (IN)
                         net (fo=0)                   0.000     0.000    CLK100MHZ
    E3                   IBUF (Prop_ibuf_I_O)         0.250     0.250 r  CLK100MHZ_IBUF_inst/O
                         net (fo=1, routed)           0.644     0.894    CLK100MHZ_IBUF
    BUFGCTRL_X0Y16       BUFG (Prop_bufg_I_O)         0.026     0.920 r  CLK100MHZ_IBUF_BUFG_inst/O
                         net (fo=108, routed)         0.592     1.511    cr/sec/CLK100MHZ_IBUF_BUFG
    SLICE_X3Y117         FDRE                                         r  cr/sec/cnt_reg[5]/C
  -------------------------------------------------------------------    -------------------
    SLICE_X3Y117         FDRE (Prop_fdre_C_Q)         0.141     1.652 r  cr/sec/cnt_reg[5]/Q
                         net (fo=9, routed)           0.234     1.886    cr/sec/s[5]
    SLICE_X4Y118         LUT6 (Prop_lut6_I2_O)        0.045     1.931 f  cr/sec/CA_OBUF_inst_i_13/O
                         net (fo=1, routed)           0.059     1.991    cr/sec/CA_OBUF_inst_i_13_n_0
    SLICE_X4Y118         LUT6 (Prop_lut6_I3_O)        0.045     2.036 r  cr/sec/CA_OBUF_inst_i_3/O
                         net (fo=7, routed)           0.180     2.216    cr/ore/CC
    SLICE_X0Y118         LUT4 (Prop_lut4_I3_O)        0.051     2.267 r  cr/ore/CG_OBUF_inst_i_1/O
                         net (fo=1, routed)           0.691     2.958    CG_OBUF
    L18                  OBUF (Prop_obuf_I_O)         1.303     4.261 r  CG_OBUF_inst/O
                         net (fo=0)                   0.000     4.261    CG
    L18                                                               r  CG (OUT)
  -------------------------------------------------------------------    -------------------





--------------------------------------------------------------------------------------
Path Group:  (none)
From Clock:  
  To Clock:  sys_clk_pin

Max Delay           172 Endpoints
Min Delay           172 Endpoints
--------------------------------------------------------------------------------------


Max Delay Paths
--------------------------------------------------------------------------------------
Slack:                    inf
  Source:                 BTND
                            (input port)
  Destination:            deb/count_reg[0]/R
                            (rising edge-triggered cell FDRE clocked by sys_clk_pin  {rise@0.000ns fall@5.000ns period=10.000ns})
  Path Group:             (none)
  Path Type:              Setup (Max at Slow Process Corner)
  Data Path Delay:        7.127ns  (logic 1.604ns (22.504%)  route 5.523ns (77.496%))
  Logic Levels:           2  (IBUF=1 LUT3=1)
  Clock Path Skew:        5.006ns (DCD - SCD + CPR)
    Destination Clock Delay (DCD):    5.006ns
    Source Clock Delay      (SCD):    0.000ns
    Clock Pessimism Removal (CPR):    0.000ns
  Clock Uncertainty:      0.025ns  ((TSJ^2 + TIJ^2)^1/2 + DJ) / 2 + PE
    Total System Jitter     (TSJ):    0.050ns
    Total Input Jitter      (TIJ):    0.000ns
    Discrete Jitter          (DJ):    0.000ns
    Phase Error              (PE):    0.000ns

    Location             Delay type                Incr(ns)  Path(ns)    Netlist Resource(s)
  -------------------------------------------------------------------    -------------------
    P18                                               0.000     0.000 r  BTND (IN)
                         net (fo=0)                   0.000     0.000    BTND
    P18                  IBUF (Prop_ibuf_I_O)         1.480     1.480 r  BTND_IBUF_inst/O
                         net (fo=89, routed)          4.355     5.835    deb/BTND_IBUF
    SLICE_X1Y115         LUT3 (Prop_lut3_I1_O)        0.124     5.959 r  deb/count[0]_i_1/O
                         net (fo=20, routed)          1.169     7.127    deb/count[0]_i_1_n_0
    SLICE_X0Y113         FDRE                                         r  deb/count_reg[0]/R
  -------------------------------------------------------------------    -------------------

                         (clock sys_clk_pin rise edge)
                                                      0.000     0.000 r  
    E3                                                0.000     0.000 r  CLK100MHZ (IN)
                         net (fo=0)                   0.000     0.000    CLK100MHZ
    E3                   IBUF (Prop_ibuf_I_O)         1.411     1.411 r  CLK100MHZ_IBUF_inst/O
                         net (fo=1, routed)           1.920     3.331    CLK100MHZ_IBUF
    BUFGCTRL_X0Y16       BUFG (Prop_bufg_I_O)         0.091     3.422 r  CLK100MHZ_IBUF_BUFG_inst/O
                         net (fo=108, routed)         1.584     5.006    deb/CLK100MHZ_IBUF_BUFG
    SLICE_X0Y113         FDRE                                         r  deb/count_reg[0]/C

Slack:                    inf
  Source:                 BTND
                            (input port)
  Destination:            deb/count_reg[1]/R
                            (rising edge-triggered cell FDRE clocked by sys_clk_pin  {rise@0.000ns fall@5.000ns period=10.000ns})
  Path Group:             (none)
  Path Type:              Setup (Max at Slow Process Corner)
  Data Path Delay:        7.127ns  (logic 1.604ns (22.504%)  route 5.523ns (77.496%))
  Logic Levels:           2  (IBUF=1 LUT3=1)
  Clock Path Skew:        5.006ns (DCD - SCD + CPR)
    Destination Clock Delay (DCD):    5.006ns
    Source Clock Delay      (SCD):    0.000ns
    Clock Pessimism Removal (CPR):    0.000ns
  Clock Uncertainty:      0.025ns  ((TSJ^2 + TIJ^2)^1/2 + DJ) / 2 + PE
    Total System Jitter     (TSJ):    0.050ns
    Total Input Jitter      (TIJ):    0.000ns
    Discrete Jitter          (DJ):    0.000ns
    Phase Error              (PE):    0.000ns

    Location             Delay type                Incr(ns)  Path(ns)    Netlist Resource(s)
  -------------------------------------------------------------------    -------------------
    P18                                               0.000     0.000 r  BTND (IN)
                         net (fo=0)                   0.000     0.000    BTND
    P18                  IBUF (Prop_ibuf_I_O)         1.480     1.480 r  BTND_IBUF_inst/O
                         net (fo=89, routed)          4.355     5.835    deb/BTND_IBUF
    SLICE_X1Y115         LUT3 (Prop_lut3_I1_O)        0.124     5.959 r  deb/count[0]_i_1/O
                         net (fo=20, routed)          1.169     7.127    deb/count[0]_i_1_n_0
    SLICE_X0Y113         FDRE                                         r  deb/count_reg[1]/R
  -------------------------------------------------------------------    -------------------

                         (clock sys_clk_pin rise edge)
                                                      0.000     0.000 r  
    E3                                                0.000     0.000 r  CLK100MHZ (IN)
                         net (fo=0)                   0.000     0.000    CLK100MHZ
    E3                   IBUF (Prop_ibuf_I_O)         1.411     1.411 r  CLK100MHZ_IBUF_inst/O
                         net (fo=1, routed)           1.920     3.331    CLK100MHZ_IBUF
    BUFGCTRL_X0Y16       BUFG (Prop_bufg_I_O)         0.091     3.422 r  CLK100MHZ_IBUF_BUFG_inst/O
                         net (fo=108, routed)         1.584     5.006    deb/CLK100MHZ_IBUF_BUFG
    SLICE_X0Y113         FDRE                                         r  deb/count_reg[1]/C

Slack:                    inf
  Source:                 BTND
                            (input port)
  Destination:            deb/count_reg[2]/R
                            (rising edge-triggered cell FDRE clocked by sys_clk_pin  {rise@0.000ns fall@5.000ns period=10.000ns})
  Path Group:             (none)
  Path Type:              Setup (Max at Slow Process Corner)
  Data Path Delay:        7.127ns  (logic 1.604ns (22.504%)  route 5.523ns (77.496%))
  Logic Levels:           2  (IBUF=1 LUT3=1)
  Clock Path Skew:        5.006ns (DCD - SCD + CPR)
    Destination Clock Delay (DCD):    5.006ns
    Source Clock Delay      (SCD):    0.000ns
    Clock Pessimism Removal (CPR):    0.000ns
  Clock Uncertainty:      0.025ns  ((TSJ^2 + TIJ^2)^1/2 + DJ) / 2 + PE
    Total System Jitter     (TSJ):    0.050ns
    Total Input Jitter      (TIJ):    0.000ns
    Discrete Jitter          (DJ):    0.000ns
    Phase Error              (PE):    0.000ns

    Location             Delay type                Incr(ns)  Path(ns)    Netlist Resource(s)
  -------------------------------------------------------------------    -------------------
    P18                                               0.000     0.000 r  BTND (IN)
                         net (fo=0)                   0.000     0.000    BTND
    P18                  IBUF (Prop_ibuf_I_O)         1.480     1.480 r  BTND_IBUF_inst/O
                         net (fo=89, routed)          4.355     5.835    deb/BTND_IBUF
    SLICE_X1Y115         LUT3 (Prop_lut3_I1_O)        0.124     5.959 r  deb/count[0]_i_1/O
                         net (fo=20, routed)          1.169     7.127    deb/count[0]_i_1_n_0
    SLICE_X0Y113         FDRE                                         r  deb/count_reg[2]/R
  -------------------------------------------------------------------    -------------------

                         (clock sys_clk_pin rise edge)
                                                      0.000     0.000 r  
    E3                                                0.000     0.000 r  CLK100MHZ (IN)
                         net (fo=0)                   0.000     0.000    CLK100MHZ
    E3                   IBUF (Prop_ibuf_I_O)         1.411     1.411 r  CLK100MHZ_IBUF_inst/O
                         net (fo=1, routed)           1.920     3.331    CLK100MHZ_IBUF
    BUFGCTRL_X0Y16       BUFG (Prop_bufg_I_O)         0.091     3.422 r  CLK100MHZ_IBUF_BUFG_inst/O
                         net (fo=108, routed)         1.584     5.006    deb/CLK100MHZ_IBUF_BUFG
    SLICE_X0Y113         FDRE                                         r  deb/count_reg[2]/C

Slack:                    inf
  Source:                 BTND
                            (input port)
  Destination:            deb/count_reg[3]/R
                            (rising edge-triggered cell FDRE clocked by sys_clk_pin  {rise@0.000ns fall@5.000ns period=10.000ns})
  Path Group:             (none)
  Path Type:              Setup (Max at Slow Process Corner)
  Data Path Delay:        7.127ns  (logic 1.604ns (22.504%)  route 5.523ns (77.496%))
  Logic Levels:           2  (IBUF=1 LUT3=1)
  Clock Path Skew:        5.006ns (DCD - SCD + CPR)
    Destination Clock Delay (DCD):    5.006ns
    Source Clock Delay      (SCD):    0.000ns
    Clock Pessimism Removal (CPR):    0.000ns
  Clock Uncertainty:      0.025ns  ((TSJ^2 + TIJ^2)^1/2 + DJ) / 2 + PE
    Total System Jitter     (TSJ):    0.050ns
    Total Input Jitter      (TIJ):    0.000ns
    Discrete Jitter          (DJ):    0.000ns
    Phase Error              (PE):    0.000ns

    Location             Delay type                Incr(ns)  Path(ns)    Netlist Resource(s)
  -------------------------------------------------------------------    -------------------
    P18                                               0.000     0.000 r  BTND (IN)
                         net (fo=0)                   0.000     0.000    BTND
    P18                  IBUF (Prop_ibuf_I_O)         1.480     1.480 r  BTND_IBUF_inst/O
                         net (fo=89, routed)          4.355     5.835    deb/BTND_IBUF
    SLICE_X1Y115         LUT3 (Prop_lut3_I1_O)        0.124     5.959 r  deb/count[0]_i_1/O
                         net (fo=20, routed)          1.169     7.127    deb/count[0]_i_1_n_0
    SLICE_X0Y113         FDRE                                         r  deb/count_reg[3]/R
  -------------------------------------------------------------------    -------------------

                         (clock sys_clk_pin rise edge)
                                                      0.000     0.000 r  
    E3                                                0.000     0.000 r  CLK100MHZ (IN)
                         net (fo=0)                   0.000     0.000    CLK100MHZ
    E3                   IBUF (Prop_ibuf_I_O)         1.411     1.411 r  CLK100MHZ_IBUF_inst/O
                         net (fo=1, routed)           1.920     3.331    CLK100MHZ_IBUF
    BUFGCTRL_X0Y16       BUFG (Prop_bufg_I_O)         0.091     3.422 r  CLK100MHZ_IBUF_BUFG_inst/O
                         net (fo=108, routed)         1.584     5.006    deb/CLK100MHZ_IBUF_BUFG
    SLICE_X0Y113         FDRE                                         r  deb/count_reg[3]/C

Slack:                    inf
  Source:                 BTND
                            (input port)
  Destination:            deb/count_reg[16]/R
                            (rising edge-triggered cell FDRE clocked by sys_clk_pin  {rise@0.000ns fall@5.000ns period=10.000ns})
  Path Group:             (none)
  Path Type:              Setup (Max at Slow Process Corner)
  Data Path Delay:        6.979ns  (logic 1.604ns (22.984%)  route 5.375ns (77.016%))
  Logic Levels:           2  (IBUF=1 LUT3=1)
  Clock Path Skew:        5.003ns (DCD - SCD + CPR)
    Destination Clock Delay (DCD):    5.003ns
    Source Clock Delay      (SCD):    0.000ns
    Clock Pessimism Removal (CPR):    0.000ns
  Clock Uncertainty:      0.025ns  ((TSJ^2 + TIJ^2)^1/2 + DJ) / 2 + PE
    Total System Jitter     (TSJ):    0.050ns
    Total Input Jitter      (TIJ):    0.000ns
    Discrete Jitter          (DJ):    0.000ns
    Phase Error              (PE):    0.000ns

    Location             Delay type                Incr(ns)  Path(ns)    Netlist Resource(s)
  -------------------------------------------------------------------    -------------------
    P18                                               0.000     0.000 r  BTND (IN)
                         net (fo=0)                   0.000     0.000    BTND
    P18                  IBUF (Prop_ibuf_I_O)         1.480     1.480 r  BTND_IBUF_inst/O
                         net (fo=89, routed)          4.355     5.835    deb/BTND_IBUF
    SLICE_X1Y115         LUT3 (Prop_lut3_I1_O)        0.124     5.959 r  deb/count[0]_i_1/O
                         net (fo=20, routed)          1.020     6.979    deb/count[0]_i_1_n_0
    SLICE_X0Y117         FDRE                                         r  deb/count_reg[16]/R
  -------------------------------------------------------------------    -------------------

                         (clock sys_clk_pin rise edge)
                                                      0.000     0.000 r  
    E3                                                0.000     0.000 r  CLK100MHZ (IN)
                         net (fo=0)                   0.000     0.000    CLK100MHZ
    E3                   IBUF (Prop_ibuf_I_O)         1.411     1.411 r  CLK100MHZ_IBUF_inst/O
                         net (fo=1, routed)           1.920     3.331    CLK100MHZ_IBUF
    BUFGCTRL_X0Y16       BUFG (Prop_bufg_I_O)         0.091     3.422 r  CLK100MHZ_IBUF_BUFG_inst/O
                         net (fo=108, routed)         1.581     5.003    deb/CLK100MHZ_IBUF_BUFG
    SLICE_X0Y117         FDRE                                         r  deb/count_reg[16]/C

Slack:                    inf
  Source:                 BTND
                            (input port)
  Destination:            deb/count_reg[17]/R
                            (rising edge-triggered cell FDRE clocked by sys_clk_pin  {rise@0.000ns fall@5.000ns period=10.000ns})
  Path Group:             (none)
  Path Type:              Setup (Max at Slow Process Corner)
  Data Path Delay:        6.979ns  (logic 1.604ns (22.984%)  route 5.375ns (77.016%))
  Logic Levels:           2  (IBUF=1 LUT3=1)
  Clock Path Skew:        5.003ns (DCD - SCD + CPR)
    Destination Clock Delay (DCD):    5.003ns
    Source Clock Delay      (SCD):    0.000ns
    Clock Pessimism Removal (CPR):    0.000ns
  Clock Uncertainty:      0.025ns  ((TSJ^2 + TIJ^2)^1/2 + DJ) / 2 + PE
    Total System Jitter     (TSJ):    0.050ns
    Total Input Jitter      (TIJ):    0.000ns
    Discrete Jitter          (DJ):    0.000ns
    Phase Error              (PE):    0.000ns

    Location             Delay type                Incr(ns)  Path(ns)    Netlist Resource(s)
  -------------------------------------------------------------------    -------------------
    P18                                               0.000     0.000 r  BTND (IN)
                         net (fo=0)                   0.000     0.000    BTND
    P18                  IBUF (Prop_ibuf_I_O)         1.480     1.480 r  BTND_IBUF_inst/O
                         net (fo=89, routed)          4.355     5.835    deb/BTND_IBUF
    SLICE_X1Y115         LUT3 (Prop_lut3_I1_O)        0.124     5.959 r  deb/count[0]_i_1/O
                         net (fo=20, routed)          1.020     6.979    deb/count[0]_i_1_n_0
    SLICE_X0Y117         FDRE                                         r  deb/count_reg[17]/R
  -------------------------------------------------------------------    -------------------

                         (clock sys_clk_pin rise edge)
                                                      0.000     0.000 r  
    E3                                                0.000     0.000 r  CLK100MHZ (IN)
                         net (fo=0)                   0.000     0.000    CLK100MHZ
    E3                   IBUF (Prop_ibuf_I_O)         1.411     1.411 r  CLK100MHZ_IBUF_inst/O
                         net (fo=1, routed)           1.920     3.331    CLK100MHZ_IBUF
    BUFGCTRL_X0Y16       BUFG (Prop_bufg_I_O)         0.091     3.422 r  CLK100MHZ_IBUF_BUFG_inst/O
                         net (fo=108, routed)         1.581     5.003    deb/CLK100MHZ_IBUF_BUFG
    SLICE_X0Y117         FDRE                                         r  deb/count_reg[17]/C

Slack:                    inf
  Source:                 BTND
                            (input port)
  Destination:            deb/count_reg[18]/R
                            (rising edge-triggered cell FDRE clocked by sys_clk_pin  {rise@0.000ns fall@5.000ns period=10.000ns})
  Path Group:             (none)
  Path Type:              Setup (Max at Slow Process Corner)
  Data Path Delay:        6.979ns  (logic 1.604ns (22.984%)  route 5.375ns (77.016%))
  Logic Levels:           2  (IBUF=1 LUT3=1)
  Clock Path Skew:        5.003ns (DCD - SCD + CPR)
    Destination Clock Delay (DCD):    5.003ns
    Source Clock Delay      (SCD):    0.000ns
    Clock Pessimism Removal (CPR):    0.000ns
  Clock Uncertainty:      0.025ns  ((TSJ^2 + TIJ^2)^1/2 + DJ) / 2 + PE
    Total System Jitter     (TSJ):    0.050ns
    Total Input Jitter      (TIJ):    0.000ns
    Discrete Jitter          (DJ):    0.000ns
    Phase Error              (PE):    0.000ns

    Location             Delay type                Incr(ns)  Path(ns)    Netlist Resource(s)
  -------------------------------------------------------------------    -------------------
    P18                                               0.000     0.000 r  BTND (IN)
                         net (fo=0)                   0.000     0.000    BTND
    P18                  IBUF (Prop_ibuf_I_O)         1.480     1.480 r  BTND_IBUF_inst/O
                         net (fo=89, routed)          4.355     5.835    deb/BTND_IBUF
    SLICE_X1Y115         LUT3 (Prop_lut3_I1_O)        0.124     5.959 r  deb/count[0]_i_1/O
                         net (fo=20, routed)          1.020     6.979    deb/count[0]_i_1_n_0
    SLICE_X0Y117         FDRE                                         r  deb/count_reg[18]/R
  -------------------------------------------------------------------    -------------------

                         (clock sys_clk_pin rise edge)
                                                      0.000     0.000 r  
    E3                                                0.000     0.000 r  CLK100MHZ (IN)
                         net (fo=0)                   0.000     0.000    CLK100MHZ
    E3                   IBUF (Prop_ibuf_I_O)         1.411     1.411 r  CLK100MHZ_IBUF_inst/O
                         net (fo=1, routed)           1.920     3.331    CLK100MHZ_IBUF
    BUFGCTRL_X0Y16       BUFG (Prop_bufg_I_O)         0.091     3.422 r  CLK100MHZ_IBUF_BUFG_inst/O
                         net (fo=108, routed)         1.581     5.003    deb/CLK100MHZ_IBUF_BUFG
    SLICE_X0Y117         FDRE                                         r  deb/count_reg[18]/C

Slack:                    inf
  Source:                 BTND
                            (input port)
  Destination:            deb/count_reg[19]/R
                            (rising edge-triggered cell FDRE clocked by sys_clk_pin  {rise@0.000ns fall@5.000ns period=10.000ns})
  Path Group:             (none)
  Path Type:              Setup (Max at Slow Process Corner)
  Data Path Delay:        6.979ns  (logic 1.604ns (22.984%)  route 5.375ns (77.016%))
  Logic Levels:           2  (IBUF=1 LUT3=1)
  Clock Path Skew:        5.003ns (DCD - SCD + CPR)
    Destination Clock Delay (DCD):    5.003ns
    Source Clock Delay      (SCD):    0.000ns
    Clock Pessimism Removal (CPR):    0.000ns
  Clock Uncertainty:      0.025ns  ((TSJ^2 + TIJ^2)^1/2 + DJ) / 2 + PE
    Total System Jitter     (TSJ):    0.050ns
    Total Input Jitter      (TIJ):    0.000ns
    Discrete Jitter          (DJ):    0.000ns
    Phase Error              (PE):    0.000ns

    Location             Delay type                Incr(ns)  Path(ns)    Netlist Resource(s)
  -------------------------------------------------------------------    -------------------
    P18                                               0.000     0.000 r  BTND (IN)
                         net (fo=0)                   0.000     0.000    BTND
    P18                  IBUF (Prop_ibuf_I_O)         1.480     1.480 r  BTND_IBUF_inst/O
                         net (fo=89, routed)          4.355     5.835    deb/BTND_IBUF
    SLICE_X1Y115         LUT3 (Prop_lut3_I1_O)        0.124     5.959 r  deb/count[0]_i_1/O
                         net (fo=20, routed)          1.020     6.979    deb/count[0]_i_1_n_0
    SLICE_X0Y117         FDRE                                         r  deb/count_reg[19]/R
  -------------------------------------------------------------------    -------------------

                         (clock sys_clk_pin rise edge)
                                                      0.000     0.000 r  
    E3                                                0.000     0.000 r  CLK100MHZ (IN)
                         net (fo=0)                   0.000     0.000    CLK100MHZ
    E3                   IBUF (Prop_ibuf_I_O)         1.411     1.411 r  CLK100MHZ_IBUF_inst/O
                         net (fo=1, routed)           1.920     3.331    CLK100MHZ_IBUF
    BUFGCTRL_X0Y16       BUFG (Prop_bufg_I_O)         0.091     3.422 r  CLK100MHZ_IBUF_BUFG_inst/O
                         net (fo=108, routed)         1.581     5.003    deb/CLK100MHZ_IBUF_BUFG
    SLICE_X0Y117         FDRE                                         r  deb/count_reg[19]/C

Slack:                    inf
  Source:                 BTND
                            (input port)
  Destination:            deb/count_reg[4]/R
                            (rising edge-triggered cell FDRE clocked by sys_clk_pin  {rise@0.000ns fall@5.000ns period=10.000ns})
  Path Group:             (none)
  Path Type:              Setup (Max at Slow Process Corner)
  Data Path Delay:        6.848ns  (logic 1.604ns (23.423%)  route 5.244ns (76.577%))
  Logic Levels:           2  (IBUF=1 LUT3=1)
  Clock Path Skew:        5.006ns (DCD - SCD + CPR)
    Destination Clock Delay (DCD):    5.006ns
    Source Clock Delay      (SCD):    0.000ns
    Clock Pessimism Removal (CPR):    0.000ns
  Clock Uncertainty:      0.025ns  ((TSJ^2 + TIJ^2)^1/2 + DJ) / 2 + PE
    Total System Jitter     (TSJ):    0.050ns
    Total Input Jitter      (TIJ):    0.000ns
    Discrete Jitter          (DJ):    0.000ns
    Phase Error              (PE):    0.000ns

    Location             Delay type                Incr(ns)  Path(ns)    Netlist Resource(s)
  -------------------------------------------------------------------    -------------------
    P18                                               0.000     0.000 r  BTND (IN)
                         net (fo=0)                   0.000     0.000    BTND
    P18                  IBUF (Prop_ibuf_I_O)         1.480     1.480 r  BTND_IBUF_inst/O
                         net (fo=89, routed)          4.355     5.835    deb/BTND_IBUF
    SLICE_X1Y115         LUT3 (Prop_lut3_I1_O)        0.124     5.959 r  deb/count[0]_i_1/O
                         net (fo=20, routed)          0.889     6.848    deb/count[0]_i_1_n_0
    SLICE_X0Y114         FDRE                                         r  deb/count_reg[4]/R
  -------------------------------------------------------------------    -------------------

                         (clock sys_clk_pin rise edge)
                                                      0.000     0.000 r  
    E3                                                0.000     0.000 r  CLK100MHZ (IN)
                         net (fo=0)                   0.000     0.000    CLK100MHZ
    E3                   IBUF (Prop_ibuf_I_O)         1.411     1.411 r  CLK100MHZ_IBUF_inst/O
                         net (fo=1, routed)           1.920     3.331    CLK100MHZ_IBUF
    BUFGCTRL_X0Y16       BUFG (Prop_bufg_I_O)         0.091     3.422 r  CLK100MHZ_IBUF_BUFG_inst/O
                         net (fo=108, routed)         1.584     5.006    deb/CLK100MHZ_IBUF_BUFG
    SLICE_X0Y114         FDRE                                         r  deb/count_reg[4]/C

Slack:                    inf
  Source:                 BTND
                            (input port)
  Destination:            deb/count_reg[5]/R
                            (rising edge-triggered cell FDRE clocked by sys_clk_pin  {rise@0.000ns fall@5.000ns period=10.000ns})
  Path Group:             (none)
  Path Type:              Setup (Max at Slow Process Corner)
  Data Path Delay:        6.848ns  (logic 1.604ns (23.423%)  route 5.244ns (76.577%))
  Logic Levels:           2  (IBUF=1 LUT3=1)
  Clock Path Skew:        5.006ns (DCD - SCD + CPR)
    Destination Clock Delay (DCD):    5.006ns
    Source Clock Delay      (SCD):    0.000ns
    Clock Pessimism Removal (CPR):    0.000ns
  Clock Uncertainty:      0.025ns  ((TSJ^2 + TIJ^2)^1/2 + DJ) / 2 + PE
    Total System Jitter     (TSJ):    0.050ns
    Total Input Jitter      (TIJ):    0.000ns
    Discrete Jitter          (DJ):    0.000ns
    Phase Error              (PE):    0.000ns

    Location             Delay type                Incr(ns)  Path(ns)    Netlist Resource(s)
  -------------------------------------------------------------------    -------------------
    P18                                               0.000     0.000 r  BTND (IN)
                         net (fo=0)                   0.000     0.000    BTND
    P18                  IBUF (Prop_ibuf_I_O)         1.480     1.480 r  BTND_IBUF_inst/O
                         net (fo=89, routed)          4.355     5.835    deb/BTND_IBUF
    SLICE_X1Y115         LUT3 (Prop_lut3_I1_O)        0.124     5.959 r  deb/count[0]_i_1/O
                         net (fo=20, routed)          0.889     6.848    deb/count[0]_i_1_n_0
    SLICE_X0Y114         FDRE                                         r  deb/count_reg[5]/R
  -------------------------------------------------------------------    -------------------

                         (clock sys_clk_pin rise edge)
                                                      0.000     0.000 r  
    E3                                                0.000     0.000 r  CLK100MHZ (IN)
                         net (fo=0)                   0.000     0.000    CLK100MHZ
    E3                   IBUF (Prop_ibuf_I_O)         1.411     1.411 r  CLK100MHZ_IBUF_inst/O
                         net (fo=1, routed)           1.920     3.331    CLK100MHZ_IBUF
    BUFGCTRL_X0Y16       BUFG (Prop_bufg_I_O)         0.091     3.422 r  CLK100MHZ_IBUF_BUFG_inst/O
                         net (fo=108, routed)         1.584     5.006    deb/CLK100MHZ_IBUF_BUFG
    SLICE_X0Y114         FDRE                                         r  deb/count_reg[5]/C





Min Delay Paths
--------------------------------------------------------------------------------------
Slack:                    inf
  Source:                 SW[0]
                            (input port)
  Destination:            im/h_reg_reg[0]/D
                            (rising edge-triggered cell FDRE clocked by sys_clk_pin  {rise@0.000ns fall@5.000ns period=10.000ns})
  Path Group:             (none)
  Path Type:              Hold (Min at Fast Process Corner)
  Data Path Delay:        0.787ns  (logic 0.245ns (31.177%)  route 0.542ns (68.823%))
  Logic Levels:           1  (IBUF=1)
  Clock Path Skew:        2.031ns (DCD - SCD - CPR)
    Destination Clock Delay (DCD):    2.031ns
    Source Clock Delay      (SCD):    0.000ns
    Clock Pessimism Removal (CPR):    -0.000ns

    Location             Delay type                Incr(ns)  Path(ns)    Netlist Resource(s)
  -------------------------------------------------------------------    -------------------
    J15                                               0.000     0.000 r  SW[0] (IN)
                         net (fo=0)                   0.000     0.000    SW[0]
    J15                  IBUF (Prop_ibuf_I_O)         0.245     0.245 r  SW_IBUF[0]_inst/O
                         net (fo=3, routed)           0.542     0.787    im/SW_IBUF[0]
    SLICE_X1Y114         FDRE                                         r  im/h_reg_reg[0]/D
  -------------------------------------------------------------------    -------------------

                         (clock sys_clk_pin rise edge)
                                                      0.000     0.000 r  
    E3                                                0.000     0.000 r  CLK100MHZ (IN)
                         net (fo=0)                   0.000     0.000    CLK100MHZ
    E3                   IBUF (Prop_ibuf_I_O)         0.438     0.438 r  CLK100MHZ_IBUF_inst/O
                         net (fo=1, routed)           0.699     1.136    CLK100MHZ_IBUF
    BUFGCTRL_X0Y16       BUFG (Prop_bufg_I_O)         0.029     1.165 r  CLK100MHZ_IBUF_BUFG_inst/O
                         net (fo=108, routed)         0.866     2.031    im/CLK100MHZ_IBUF_BUFG
    SLICE_X1Y114         FDRE                                         r  im/h_reg_reg[0]/C

Slack:                    inf
  Source:                 SW[0]
                            (input port)
  Destination:            im/m_reg_reg[0]/D
                            (rising edge-triggered cell FDRE clocked by sys_clk_pin  {rise@0.000ns fall@5.000ns period=10.000ns})
  Path Group:             (none)
  Path Type:              Hold (Min at Fast Process Corner)
  Data Path Delay:        0.846ns  (logic 0.245ns (29.002%)  route 0.601ns (70.998%))
  Logic Levels:           1  (IBUF=1)
  Clock Path Skew:        2.029ns (DCD - SCD - CPR)
    Destination Clock Delay (DCD):    2.029ns
    Source Clock Delay      (SCD):    0.000ns
    Clock Pessimism Removal (CPR):    -0.000ns

    Location             Delay type                Incr(ns)  Path(ns)    Netlist Resource(s)
  -------------------------------------------------------------------    -------------------
    J15                                               0.000     0.000 r  SW[0] (IN)
                         net (fo=0)                   0.000     0.000    SW[0]
    J15                  IBUF (Prop_ibuf_I_O)         0.245     0.245 r  SW_IBUF[0]_inst/O
                         net (fo=3, routed)           0.601     0.846    im/SW_IBUF[0]
    SLICE_X1Y116         FDRE                                         r  im/m_reg_reg[0]/D
  -------------------------------------------------------------------    -------------------

                         (clock sys_clk_pin rise edge)
                                                      0.000     0.000 r  
    E3                                                0.000     0.000 r  CLK100MHZ (IN)
                         net (fo=0)                   0.000     0.000    CLK100MHZ
    E3                   IBUF (Prop_ibuf_I_O)         0.438     0.438 r  CLK100MHZ_IBUF_inst/O
                         net (fo=1, routed)           0.699     1.136    CLK100MHZ_IBUF
    BUFGCTRL_X0Y16       BUFG (Prop_bufg_I_O)         0.029     1.165 r  CLK100MHZ_IBUF_BUFG_inst/O
                         net (fo=108, routed)         0.864     2.029    im/CLK100MHZ_IBUF_BUFG
    SLICE_X1Y116         FDRE                                         r  im/m_reg_reg[0]/C

Slack:                    inf
  Source:                 SW[0]
                            (input port)
  Destination:            im/s_reg_reg[0]/D
                            (rising edge-triggered cell FDRE clocked by sys_clk_pin  {rise@0.000ns fall@5.000ns period=10.000ns})
  Path Group:             (none)
  Path Type:              Hold (Min at Fast Process Corner)
  Data Path Delay:        0.895ns  (logic 0.245ns (27.424%)  route 0.650ns (72.576%))
  Logic Levels:           1  (IBUF=1)
  Clock Path Skew:        2.028ns (DCD - SCD - CPR)
    Destination Clock Delay (DCD):    2.028ns
    Source Clock Delay      (SCD):    0.000ns
    Clock Pessimism Removal (CPR):    -0.000ns

    Location             Delay type                Incr(ns)  Path(ns)    Netlist Resource(s)
  -------------------------------------------------------------------    -------------------
    J15                                               0.000     0.000 r  SW[0] (IN)
                         net (fo=0)                   0.000     0.000    SW[0]
    J15                  IBUF (Prop_ibuf_I_O)         0.245     0.245 r  SW_IBUF[0]_inst/O
                         net (fo=3, routed)           0.650     0.895    im/SW_IBUF[0]
    SLICE_X1Y117         FDRE                                         r  im/s_reg_reg[0]/D
  -------------------------------------------------------------------    -------------------

                         (clock sys_clk_pin rise edge)
                                                      0.000     0.000 r  
    E3                                                0.000     0.000 r  CLK100MHZ (IN)
                         net (fo=0)                   0.000     0.000    CLK100MHZ
    E3                   IBUF (Prop_ibuf_I_O)         0.438     0.438 r  CLK100MHZ_IBUF_inst/O
                         net (fo=1, routed)           0.699     1.136    CLK100MHZ_IBUF
    BUFGCTRL_X0Y16       BUFG (Prop_bufg_I_O)         0.029     1.165 r  CLK100MHZ_IBUF_BUFG_inst/O
                         net (fo=108, routed)         0.863     2.028    im/CLK100MHZ_IBUF_BUFG
    SLICE_X1Y117         FDRE                                         r  im/s_reg_reg[0]/C

Slack:                    inf
  Source:                 SW[2]
                            (input port)
  Destination:            im/m_reg_reg[2]/D
                            (rising edge-triggered cell FDRE clocked by sys_clk_pin  {rise@0.000ns fall@5.000ns period=10.000ns})
  Path Group:             (none)
  Path Type:              Hold (Min at Fast Process Corner)
  Data Path Delay:        0.912ns  (logic 0.253ns (27.720%)  route 0.660ns (72.280%))
  Logic Levels:           1  (IBUF=1)
  Clock Path Skew:        2.029ns (DCD - SCD - CPR)
    Destination Clock Delay (DCD):    2.029ns
    Source Clock Delay      (SCD):    0.000ns
    Clock Pessimism Removal (CPR):    -0.000ns

    Location             Delay type                Incr(ns)  Path(ns)    Netlist Resource(s)
  -------------------------------------------------------------------    -------------------
    M13                                               0.000     0.000 r  SW[2] (IN)
                         net (fo=0)                   0.000     0.000    SW[2]
    M13                  IBUF (Prop_ibuf_I_O)         0.253     0.253 r  SW_IBUF[2]_inst/O
                         net (fo=3, routed)           0.660     0.912    im/SW_IBUF[2]
    SLICE_X1Y116         FDRE                                         r  im/m_reg_reg[2]/D
  -------------------------------------------------------------------    -------------------

                         (clock sys_clk_pin rise edge)
                                                      0.000     0.000 r  
    E3                                                0.000     0.000 r  CLK100MHZ (IN)
                         net (fo=0)                   0.000     0.000    CLK100MHZ
    E3                   IBUF (Prop_ibuf_I_O)         0.438     0.438 r  CLK100MHZ_IBUF_inst/O
                         net (fo=1, routed)           0.699     1.136    CLK100MHZ_IBUF
    BUFGCTRL_X0Y16       BUFG (Prop_bufg_I_O)         0.029     1.165 r  CLK100MHZ_IBUF_BUFG_inst/O
                         net (fo=108, routed)         0.864     2.029    im/CLK100MHZ_IBUF_BUFG
    SLICE_X1Y116         FDRE                                         r  im/m_reg_reg[2]/C

Slack:                    inf
  Source:                 SW[2]
                            (input port)
  Destination:            im/s_reg_reg[2]/D
                            (rising edge-triggered cell FDRE clocked by sys_clk_pin  {rise@0.000ns fall@5.000ns period=10.000ns})
  Path Group:             (none)
  Path Type:              Hold (Min at Fast Process Corner)
  Data Path Delay:        0.927ns  (logic 0.253ns (27.276%)  route 0.674ns (72.724%))
  Logic Levels:           1  (IBUF=1)
  Clock Path Skew:        2.028ns (DCD - SCD - CPR)
    Destination Clock Delay (DCD):    2.028ns
    Source Clock Delay      (SCD):    0.000ns
    Clock Pessimism Removal (CPR):    -0.000ns

    Location             Delay type                Incr(ns)  Path(ns)    Netlist Resource(s)
  -------------------------------------------------------------------    -------------------
    M13                                               0.000     0.000 r  SW[2] (IN)
                         net (fo=0)                   0.000     0.000    SW[2]
    M13                  IBUF (Prop_ibuf_I_O)         0.253     0.253 r  SW_IBUF[2]_inst/O
                         net (fo=3, routed)           0.674     0.927    im/SW_IBUF[2]
    SLICE_X1Y117         FDRE                                         r  im/s_reg_reg[2]/D
  -------------------------------------------------------------------    -------------------

                         (clock sys_clk_pin rise edge)
                                                      0.000     0.000 r  
    E3                                                0.000     0.000 r  CLK100MHZ (IN)
                         net (fo=0)                   0.000     0.000    CLK100MHZ
    E3                   IBUF (Prop_ibuf_I_O)         0.438     0.438 r  CLK100MHZ_IBUF_inst/O
                         net (fo=1, routed)           0.699     1.136    CLK100MHZ_IBUF
    BUFGCTRL_X0Y16       BUFG (Prop_bufg_I_O)         0.029     1.165 r  CLK100MHZ_IBUF_BUFG_inst/O
                         net (fo=108, routed)         0.863     2.028    im/CLK100MHZ_IBUF_BUFG
    SLICE_X1Y117         FDRE                                         r  im/s_reg_reg[2]/C

Slack:                    inf
  Source:                 SW[1]
                            (input port)
  Destination:            im/h_reg_reg[1]/D
                            (rising edge-triggered cell FDRE clocked by sys_clk_pin  {rise@0.000ns fall@5.000ns period=10.000ns})
  Path Group:             (none)
  Path Type:              Hold (Min at Fast Process Corner)
  Data Path Delay:        0.929ns  (logic 0.247ns (26.645%)  route 0.681ns (73.355%))
  Logic Levels:           1  (IBUF=1)
  Clock Path Skew:        2.031ns (DCD - SCD - CPR)
    Destination Clock Delay (DCD):    2.031ns
    Source Clock Delay      (SCD):    0.000ns
    Clock Pessimism Removal (CPR):    -0.000ns

    Location             Delay type                Incr(ns)  Path(ns)    Netlist Resource(s)
  -------------------------------------------------------------------    -------------------
    L16                                               0.000     0.000 r  SW[1] (IN)
                         net (fo=0)                   0.000     0.000    SW[1]
    L16                  IBUF (Prop_ibuf_I_O)         0.247     0.247 r  SW_IBUF[1]_inst/O
                         net (fo=3, routed)           0.681     0.929    im/SW_IBUF[1]
    SLICE_X1Y114         FDRE                                         r  im/h_reg_reg[1]/D
  -------------------------------------------------------------------    -------------------

                         (clock sys_clk_pin rise edge)
                                                      0.000     0.000 r  
    E3                                                0.000     0.000 r  CLK100MHZ (IN)
                         net (fo=0)                   0.000     0.000    CLK100MHZ
    E3                   IBUF (Prop_ibuf_I_O)         0.438     0.438 r  CLK100MHZ_IBUF_inst/O
                         net (fo=1, routed)           0.699     1.136    CLK100MHZ_IBUF
    BUFGCTRL_X0Y16       BUFG (Prop_bufg_I_O)         0.029     1.165 r  CLK100MHZ_IBUF_BUFG_inst/O
                         net (fo=108, routed)         0.866     2.031    im/CLK100MHZ_IBUF_BUFG
    SLICE_X1Y114         FDRE                                         r  im/h_reg_reg[1]/C

Slack:                    inf
  Source:                 BTND
                            (input port)
  Destination:            cr/presc/cnt_reg[4]/R
                            (rising edge-triggered cell FDRE clocked by sys_clk_pin  {rise@0.000ns fall@5.000ns period=10.000ns})
  Path Group:             (none)
  Path Type:              Hold (Min at Fast Process Corner)
  Data Path Delay:        0.971ns  (logic 0.248ns (25.520%)  route 0.723ns (74.480%))
  Logic Levels:           1  (IBUF=1)
  Clock Path Skew:        2.031ns (DCD - SCD - CPR)
    Destination Clock Delay (DCD):    2.031ns
    Source Clock Delay      (SCD):    0.000ns
    Clock Pessimism Removal (CPR):    -0.000ns

    Location             Delay type                Incr(ns)  Path(ns)    Netlist Resource(s)
  -------------------------------------------------------------------    -------------------
    P18                                               0.000     0.000 r  BTND (IN)
                         net (fo=0)                   0.000     0.000    BTND
    P18                  IBUF (Prop_ibuf_I_O)         0.248     0.248 r  BTND_IBUF_inst/O
                         net (fo=89, routed)          0.723     0.971    cr/presc/BTND_IBUF
    SLICE_X6Y110         FDRE                                         r  cr/presc/cnt_reg[4]/R
  -------------------------------------------------------------------    -------------------

                         (clock sys_clk_pin rise edge)
                                                      0.000     0.000 r  
    E3                                                0.000     0.000 r  CLK100MHZ (IN)
                         net (fo=0)                   0.000     0.000    CLK100MHZ
    E3                   IBUF (Prop_ibuf_I_O)         0.438     0.438 r  CLK100MHZ_IBUF_inst/O
                         net (fo=1, routed)           0.699     1.136    CLK100MHZ_IBUF
    BUFGCTRL_X0Y16       BUFG (Prop_bufg_I_O)         0.029     1.165 r  CLK100MHZ_IBUF_BUFG_inst/O
                         net (fo=108, routed)         0.866     2.031    cr/presc/CLK100MHZ_IBUF_BUFG
    SLICE_X6Y110         FDRE                                         r  cr/presc/cnt_reg[4]/C

Slack:                    inf
  Source:                 SW[5]
                            (input port)
  Destination:            im/s_reg_reg[5]/D
                            (rising edge-triggered cell FDRE clocked by sys_clk_pin  {rise@0.000ns fall@5.000ns period=10.000ns})
  Path Group:             (none)
  Path Type:              Hold (Min at Fast Process Corner)
  Data Path Delay:        0.976ns  (logic 0.265ns (27.166%)  route 0.711ns (72.834%))
  Logic Levels:           1  (IBUF=1)
  Clock Path Skew:        2.028ns (DCD - SCD - CPR)
    Destination Clock Delay (DCD):    2.028ns
    Source Clock Delay      (SCD):    0.000ns
    Clock Pessimism Removal (CPR):    -0.000ns

    Location             Delay type                Incr(ns)  Path(ns)    Netlist Resource(s)
  -------------------------------------------------------------------    -------------------
    T18                                               0.000     0.000 r  SW[5] (IN)
                         net (fo=0)                   0.000     0.000    SW[5]
    T18                  IBUF (Prop_ibuf_I_O)         0.265     0.265 r  SW_IBUF[5]_inst/O
                         net (fo=2, routed)           0.711     0.976    im/SW_IBUF[5]
    SLICE_X1Y117         FDRE                                         r  im/s_reg_reg[5]/D
  -------------------------------------------------------------------    -------------------

                         (clock sys_clk_pin rise edge)
                                                      0.000     0.000 r  
    E3                                                0.000     0.000 r  CLK100MHZ (IN)
                         net (fo=0)                   0.000     0.000    CLK100MHZ
    E3                   IBUF (Prop_ibuf_I_O)         0.438     0.438 r  CLK100MHZ_IBUF_inst/O
                         net (fo=1, routed)           0.699     1.136    CLK100MHZ_IBUF
    BUFGCTRL_X0Y16       BUFG (Prop_bufg_I_O)         0.029     1.165 r  CLK100MHZ_IBUF_BUFG_inst/O
                         net (fo=108, routed)         0.863     2.028    im/CLK100MHZ_IBUF_BUFG
    SLICE_X1Y117         FDRE                                         r  im/s_reg_reg[5]/C

Slack:                    inf
  Source:                 BTND
                            (input port)
  Destination:            disp/refresh/cnt_reg[1]/R
                            (rising edge-triggered cell FDRE clocked by sys_clk_pin  {rise@0.000ns fall@5.000ns period=10.000ns})
  Path Group:             (none)
  Path Type:              Hold (Min at Fast Process Corner)
  Data Path Delay:        0.988ns  (logic 0.248ns (25.096%)  route 0.740ns (74.904%))
  Logic Levels:           1  (IBUF=1)
  Clock Path Skew:        2.031ns (DCD - SCD - CPR)
    Destination Clock Delay (DCD):    2.031ns
    Source Clock Delay      (SCD):    0.000ns
    Clock Pessimism Removal (CPR):    -0.000ns

    Location             Delay type                Incr(ns)  Path(ns)    Netlist Resource(s)
  -------------------------------------------------------------------    -------------------
    P18                                               0.000     0.000 r  BTND (IN)
                         net (fo=0)                   0.000     0.000    BTND
    P18                  IBUF (Prop_ibuf_I_O)         0.248     0.248 r  BTND_IBUF_inst/O
                         net (fo=89, routed)          0.740     0.988    disp/refresh/BTND_IBUF
    SLICE_X5Y111         FDRE                                         r  disp/refresh/cnt_reg[1]/R
  -------------------------------------------------------------------    -------------------

                         (clock sys_clk_pin rise edge)
                                                      0.000     0.000 r  
    E3                                                0.000     0.000 r  CLK100MHZ (IN)
                         net (fo=0)                   0.000     0.000    CLK100MHZ
    E3                   IBUF (Prop_ibuf_I_O)         0.438     0.438 r  CLK100MHZ_IBUF_inst/O
                         net (fo=1, routed)           0.699     1.136    CLK100MHZ_IBUF
    BUFGCTRL_X0Y16       BUFG (Prop_bufg_I_O)         0.029     1.165 r  CLK100MHZ_IBUF_BUFG_inst/O
                         net (fo=108, routed)         0.866     2.031    disp/refresh/CLK100MHZ_IBUF_BUFG
    SLICE_X5Y111         FDRE                                         r  disp/refresh/cnt_reg[1]/C

Slack:                    inf
  Source:                 BTND
                            (input port)
  Destination:            disp/refresh/cnt_reg[2]/R
                            (rising edge-triggered cell FDRE clocked by sys_clk_pin  {rise@0.000ns fall@5.000ns period=10.000ns})
  Path Group:             (none)
  Path Type:              Hold (Min at Fast Process Corner)
  Data Path Delay:        0.988ns  (logic 0.248ns (25.096%)  route 0.740ns (74.904%))
  Logic Levels:           1  (IBUF=1)
  Clock Path Skew:        2.031ns (DCD - SCD - CPR)
    Destination Clock Delay (DCD):    2.031ns
    Source Clock Delay      (SCD):    0.000ns
    Clock Pessimism Removal (CPR):    -0.000ns

    Location             Delay type                Incr(ns)  Path(ns)    Netlist Resource(s)
  -------------------------------------------------------------------    -------------------
    P18                                               0.000     0.000 r  BTND (IN)
                         net (fo=0)                   0.000     0.000    BTND
    P18                  IBUF (Prop_ibuf_I_O)         0.248     0.248 r  BTND_IBUF_inst/O
                         net (fo=89, routed)          0.740     0.988    disp/refresh/BTND_IBUF
    SLICE_X5Y111         FDRE                                         r  disp/refresh/cnt_reg[2]/R
  -------------------------------------------------------------------    -------------------

                         (clock sys_clk_pin rise edge)
                                                      0.000     0.000 r  
    E3                                                0.000     0.000 r  CLK100MHZ (IN)
                         net (fo=0)                   0.000     0.000    CLK100MHZ
    E3                   IBUF (Prop_ibuf_I_O)         0.438     0.438 r  CLK100MHZ_IBUF_inst/O
                         net (fo=1, routed)           0.699     1.136    CLK100MHZ_IBUF
    BUFGCTRL_X0Y16       BUFG (Prop_bufg_I_O)         0.029     1.165 r  CLK100MHZ_IBUF_BUFG_inst/O
                         net (fo=108, routed)         0.866     2.031    disp/refresh/CLK100MHZ_IBUF_BUFG
    SLICE_X5Y111         FDRE                                         r  disp/refresh/cnt_reg[2]/C





