Copyright 1986-2022 Xilinx, Inc. All Rights Reserved. Copyright 2022-2023 Advanced Micro Devices, Inc. All Rights Reserved.
------------------------------------------------------------------------------------------------------------------------------------------------------------------------------------------------------------------------------------------
| Tool Version : Vivado v.2023.1 (win64) Build 3865809 Sun May  7 15:05:29 MDT 2023
| Date         : Thu Oct  1 00:08:29 2026
| Host         : MAGI-SYSTEM running 64-bit major release  (build 9200)
| Command      : report_timing_summary -max_paths 10 -report_unconstrained -file fsm_sequence_tl_timing_summary_routed.rpt -pb fsm_sequence_tl_timing_summary_routed.pb -rpx fsm_sequence_tl_timing_summary_routed.rpx -warn_on_violation
| Design       : fsm_sequence_tl
| Device       : 7a100t-csg324
| Speed File   : -1  PRODUCTION 1.23 2018-06-13
| Design State : Routed
------------------------------------------------------------------------------------------------------------------------------------------------------------------------------------------------------------------------------------------

Timing Summary Report

------------------------------------------------------------------------------------------------
| Timer Settings
| --------------
------------------------------------------------------------------------------------------------

  Enable Multi Corner Analysis               :  Yes
  Enable Pessimism Removal                   :  Yes
  Pessimism Removal Resolution               :  Nearest Common Node
  Enable Input Delay Default Clock           :  No
  Enable Preset / Clear Arcs                 :  No
  Disable Flight Delays                      :  No
  Ignore I/O Paths                           :  No
  Timing Early Launch at Borrowing Latches   :  No
  Borrow Time for Max Delay Exceptions       :  Yes
  Merge Timing Exceptions                    :  Yes

  Corner  Analyze    Analyze    
  Name    Max Paths  Min Paths  
  ------  ---------  ---------  
  Slow    Yes        Yes        
  Fast    Yes        Yes        


------------------------------------------------------------------------------------------------
| Report Methodology
| ------------------
------------------------------------------------------------------------------------------------

Rule       Severity  Description                    Violations  
---------  --------  -----------------------------  ----------  
TIMING-18  Warning   Missing input or output delay  8           

Note: This report is based on the most recent report_methodology run and may not be up-to-date. Run report_methodology on the current design for the latest report.



check_timing report

Table of Contents
-----------------
1. checking no_clock (0)
2. checking constant_clock (0)
3. checking pulse_width_clock (0)
4. checking unconstrained_internal_endpoints (0)
5. checking no_input_delay (5)
6. checking no_output_delay (3)
7. checking multiple_clock (0)
8. checking generated_clocks (0)
9. checking loops (0)
10. checking partial_input_delay (0)
11. checking partial_output_delay (0)
12. checking latch_loops (0)

1. checking no_clock (0)
------------------------
 There are 0 register/latch pins with no clock.


2. checking constant_clock (0)
------------------------------
 There are 0 register/latch pins with constant_clock.


3. checking pulse_width_clock (0)
---------------------------------
 There are 0 register/latch pins which need pulse_width check


4. checking unconstrained_internal_endpoints (0)
------------------------------------------------
 There are 0 pins that are not constrained for maximum delay.

 There are 0 pins that are not constrained for maximum delay due to constant clock.


5. checking no_input_delay (5)
------------------------------
 There are 5 input ports with no input delay specified. (HIGH)

 There are 0 input ports with no input delay but user has a false path constraint.


6. checking no_output_delay (3)
-------------------------------
 There are 3 ports with no output delay specified. (HIGH)

 There are 0 ports with no output delay but user has a false path constraint

 There are 0 ports with no output delay but with a timing clock defined on it or propagating through it


7. checking multiple_clock (0)
------------------------------
 There are 0 register/latch pins with multiple clocks.


8. checking generated_clocks (0)
--------------------------------
 There are 0 generated clocks that are not connected to a clock source.


9. checking loops (0)
---------------------
 There are 0 combinational loops in the design.


10. checking partial_input_delay (0)
------------------------------------
 There are 0 input ports with partial input delay specified.


11. checking partial_output_delay (0)
-------------------------------------
 There are 0 ports with partial output delay specified.


12. checking latch_loops (0)
----------------------------
 There are 0 combinational latch loops in the design through latch input



------------------------------------------------------------------------------------------------
| Design Timing Summary
| ---------------------
------------------------------------------------------------------------------------------------

    WNS(ns)      TNS(ns)  TNS Failing Endpoints  TNS Total Endpoints      WHS(ns)      THS(ns)  THS Failing Endpoints  THS Total Endpoints     WPWS(ns)     TPWS(ns)  TPWS Failing Endpoints  TPWS Total Endpoints  
    -------      -------  ---------------------  -------------------      -------      -------  ---------------------  -------------------     --------     --------  ----------------------  --------------------  
      6.174        0.000                      0                   94        0.131        0.000                      0                   94        4.500        0.000                       0                    54  


All user specified timing constraints are met.


------------------------------------------------------------------------------------------------
| Clock Summary
| -------------
------------------------------------------------------------------------------------------------

Clock        Waveform(ns)       Period(ns)      Frequency(MHz)
-----        ------------       ----------      --------------
sys_clk_pin  {0.000 5.000}      10.000          100.000         


------------------------------------------------------------------------------------------------
| Intra Clock Table
| -----------------
------------------------------------------------------------------------------------------------

Clock             WNS(ns)      TNS(ns)  TNS Failing Endpoints  TNS Total Endpoints      WHS(ns)      THS(ns)  THS Failing Endpoints  THS Total Endpoints     WPWS(ns)     TPWS(ns)  TPWS Failing Endpoints  TPWS Total Endpoints  
-----             -------      -------  ---------------------  -------------------      -------      -------  ---------------------  -------------------     --------     --------  ----------------------  --------------------  
sys_clk_pin         6.174        0.000                      0                   94        0.131        0.000                      0                   94        4.500        0.000                       0                    54  


------------------------------------------------------------------------------------------------
| Inter Clock Table
| -----------------
------------------------------------------------------------------------------------------------

From Clock    To Clock          WNS(ns)      TNS(ns)  TNS Failing Endpoints  TNS Total Endpoints      WHS(ns)      THS(ns)  THS Failing Endpoints  THS Total Endpoints  
----------    --------          -------      -------  ---------------------  -------------------      -------      -------  ---------------------  -------------------  


------------------------------------------------------------------------------------------------
| Other Path Groups Table
| -----------------------
------------------------------------------------------------------------------------------------

Path Group    From Clock    To Clock          WNS(ns)      TNS(ns)  TNS Failing Endpoints  TNS Total Endpoints      WHS(ns)      THS(ns)  THS Failing Endpoints  THS Total Endpoints  
----------    ----------    --------          -------      -------  ---------------------  -------------------      -------      -------  ---------------------  -------------------  


------------------------------------------------------------------------------------------------
| User Ignored Path Table
| -----------------------
------------------------------------------------------------------------------------------------

Path Group    From Clock    To Clock    
----------    ----------    --------    


------------------------------------------------------------------------------------------------
| Unconstrained Path Table
| ------------------------
------------------------------------------------------------------------------------------------

Path Group    From Clock    To Clock    
----------    ----------    --------    
(none)        sys_clk_pin                 
(none)                      sys_clk_pin   


------------------------------------------------------------------------------------------------
| Timing Details
| --------------
------------------------------------------------------------------------------------------------


---------------------------------------------------------------------------------------------------
From Clock:  sys_clk_pin
  To Clock:  sys_clk_pin

Setup :            0  Failing Endpoints,  Worst Slack        6.174ns,  Total Violation        0.000ns
Hold  :            0  Failing Endpoints,  Worst Slack        0.131ns,  Total Violation        0.000ns
PW    :            0  Failing Endpoints,  Worst Slack        4.500ns,  Total Violation        0.000ns
---------------------------------------------------------------------------------------------------


Max Delay Paths
--------------------------------------------------------------------------------------
Slack (MET) :             6.174ns  (required time - arrival time)
  Source:                 u_db_m/count_reg[15]/C
                            (rising edge-triggered cell FDRE clocked by sys_clk_pin  {rise@0.000ns fall@5.000ns period=10.000ns})
  Destination:            u_db_m/FSM_onehot_current_state_reg[1]/D
                            (rising edge-triggered cell FDRE clocked by sys_clk_pin  {rise@0.000ns fall@5.000ns period=10.000ns})
  Path Group:             sys_clk_pin
  Path Type:              Setup (Max at Slow Process Corner)
  Requirement:            10.000ns  (sys_clk_pin rise@10.000ns - sys_clk_pin rise@0.000ns)
  Data Path Delay:        3.720ns  (logic 0.828ns (22.258%)  route 2.892ns (77.742%))
  Logic Levels:           3  (LUT3=1 LUT5=1 LUT6=1)
  Clock Path Skew:        -0.024ns (DCD - SCD + CPR)
    Destination Clock Delay (DCD):    5.009ns = ( 15.009 - 10.000 ) 
    Source Clock Delay      (SCD):    5.309ns
    Clock Pessimism Removal (CPR):    0.276ns
  Clock Uncertainty:      0.035ns  ((TSJ^2 + TIJ^2)^1/2 + DJ) / 2 + PE
    Total System Jitter     (TSJ):    0.071ns
    Total Input Jitter      (TIJ):    0.000ns
    Discrete Jitter          (DJ):    0.000ns
    Phase Error              (PE):    0.000ns

    Location             Delay type                Incr(ns)  Path(ns)    Netlist Resource(s)
  -------------------------------------------------------------------    -------------------
                         (clock sys_clk_pin rise edge)
                                                      0.000     0.000 r  
    E3                                                0.000     0.000 r  CLK100MHZ (IN)
                         net (fo=0)                   0.000     0.000    CLK100MHZ
    E3                   IBUF (Prop_ibuf_I_O)         1.482     1.482 r  CLK100MHZ_IBUF_inst/O
                         net (fo=1, routed)           2.025     3.506    CLK100MHZ_IBUF
    BUFGCTRL_X0Y16       BUFG (Prop_bufg_I_O)         0.096     3.602 r  CLK100MHZ_IBUF_BUFG_inst/O
                         net (fo=53, routed)          1.707     5.309    u_db_m/CLK100MHZ_IBUF_BUFG
    SLICE_X5Y107         FDRE                                         r  u_db_m/count_reg[15]/C
  -------------------------------------------------------------------    -------------------
    SLICE_X5Y107         FDRE (Prop_fdre_C_Q)         0.456     5.765 f  u_db_m/count_reg[15]/Q
                         net (fo=2, routed)           0.828     6.593    u_db_m/count_reg[15]
    SLICE_X4Y108         LUT6 (Prop_lut6_I3_O)        0.124     6.717 r  u_db_m/FSM_onehot_current_state[2]_i_4__0/O
                         net (fo=1, routed)           1.012     7.729    u_db_m/FSM_onehot_current_state[2]_i_4__0_n_0
    SLICE_X4Y106         LUT5 (Prop_lut5_I1_O)        0.124     7.853 r  u_db_m/FSM_onehot_current_state[2]_i_2__0/O
                         net (fo=3, routed)           0.574     8.427    u_db_m/FSM_onehot_current_state[2]_i_2__0_n_0
    SLICE_X3Y106         LUT3 (Prop_lut3_I1_O)        0.124     8.551 r  u_db_m/FSM_onehot_current_state[1]_i_1__0/O
                         net (fo=1, routed)           0.478     9.029    u_db_m/FSM_onehot_current_state[1]_i_1__0_n_0
    SLICE_X4Y106         FDRE                                         r  u_db_m/FSM_onehot_current_state_reg[1]/D
  -------------------------------------------------------------------    -------------------

                         (clock sys_clk_pin rise edge)
                                                     10.000    10.000 r  
    E3                                                0.000    10.000 r  CLK100MHZ (IN)
                         net (fo=0)                   0.000    10.000    CLK100MHZ
    E3                   IBUF (Prop_ibuf_I_O)         1.411    11.411 r  CLK100MHZ_IBUF_inst/O
                         net (fo=1, routed)           1.920    13.331    CLK100MHZ_IBUF
    BUFGCTRL_X0Y16       BUFG (Prop_bufg_I_O)         0.091    13.422 r  CLK100MHZ_IBUF_BUFG_inst/O
                         net (fo=53, routed)          1.587    15.009    u_db_m/CLK100MHZ_IBUF_BUFG
    SLICE_X4Y106         FDRE                                         r  u_db_m/FSM_onehot_current_state_reg[1]/C
                         clock pessimism              0.276    15.285    
                         clock uncertainty           -0.035    15.250    
    SLICE_X4Y106         FDRE (Setup_fdre_C_D)       -0.047    15.203    u_db_m/FSM_onehot_current_state_reg[1]
  -------------------------------------------------------------------
                         required time                         15.203    
                         arrival time                          -9.029    
  -------------------------------------------------------------------
                         slack                                  6.174    

Slack (MET) :             6.182ns  (required time - arrival time)
  Source:                 u_db_i/FSM_onehot_current_state_reg[1]/C
                            (rising edge-triggered cell FDRE clocked by sys_clk_pin  {rise@0.000ns fall@5.000ns period=10.000ns})
  Destination:            u_db_i/FSM_onehot_current_state_reg[1]/D
                            (rising edge-triggered cell FDRE clocked by sys_clk_pin  {rise@0.000ns fall@5.000ns period=10.000ns})
  Path Group:             sys_clk_pin
  Path Type:              Setup (Max at Slow Process Corner)
  Requirement:            10.000ns  (sys_clk_pin rise@10.000ns - sys_clk_pin rise@0.000ns)
  Data Path Delay:        3.875ns  (logic 0.916ns (23.640%)  route 2.959ns (76.360%))
  Logic Levels:           3  (LUT3=2 LUT5=1)
  Clock Path Skew:        0.000ns (DCD - SCD + CPR)
    Destination Clock Delay (DCD):    5.011ns = ( 15.011 - 10.000 ) 
    Source Clock Delay      (SCD):    5.311ns
    Clock Pessimism Removal (CPR):    0.300ns
  Clock Uncertainty:      0.035ns  ((TSJ^2 + TIJ^2)^1/2 + DJ) / 2 + PE
    Total System Jitter     (TSJ):    0.071ns
    Total Input Jitter      (TIJ):    0.000ns
    Discrete Jitter          (DJ):    0.000ns
    Phase Error              (PE):    0.000ns

    Location             Delay type                Incr(ns)  Path(ns)    Netlist Resource(s)
  -------------------------------------------------------------------    -------------------
                         (clock sys_clk_pin rise edge)
                                                      0.000     0.000 r  
    E3                                                0.000     0.000 r  CLK100MHZ (IN)
                         net (fo=0)                   0.000     0.000    CLK100MHZ
    E3                   IBUF (Prop_ibuf_I_O)         1.482     1.482 r  CLK100MHZ_IBUF_inst/O
                         net (fo=1, routed)           2.025     3.506    CLK100MHZ_IBUF
    BUFGCTRL_X0Y16       BUFG (Prop_bufg_I_O)         0.096     3.602 r  CLK100MHZ_IBUF_BUFG_inst/O
                         net (fo=53, routed)          1.709     5.311    u_db_i/CLK100MHZ_IBUF_BUFG
    SLICE_X2Y106         FDRE                                         r  u_db_i/FSM_onehot_current_state_reg[1]/C
  -------------------------------------------------------------------    -------------------
    SLICE_X2Y106         FDRE (Prop_fdre_C_Q)         0.518     5.829 r  u_db_i/FSM_onehot_current_state_reg[1]/Q
                         net (fo=5, routed)           1.040     6.870    u_db_i/load_next
    SLICE_X2Y106         LUT3 (Prop_lut3_I2_O)        0.124     6.994 r  u_db_i/FSM_onehot_current_state[2]_i_4/O
                         net (fo=1, routed)           1.085     8.078    u_db_i/FSM_onehot_current_state[2]_i_4_n_0
    SLICE_X0Y106         LUT5 (Prop_lut5_I0_O)        0.124     8.202 r  u_db_i/FSM_onehot_current_state[2]_i_3/O
                         net (fo=3, routed)           0.834     9.036    u_db_i/FSM_onehot_current_state[2]_i_3_n_0
    SLICE_X2Y106         LUT3 (Prop_lut3_I1_O)        0.150     9.186 r  u_db_i/FSM_onehot_current_state[1]_i_1/O
                         net (fo=1, routed)           0.000     9.186    u_db_i/FSM_onehot_current_state[1]_i_1_n_0
    SLICE_X2Y106         FDRE                                         r  u_db_i/FSM_onehot_current_state_reg[1]/D
  -------------------------------------------------------------------    -------------------

                         (clock sys_clk_pin rise edge)
                                                     10.000    10.000 r  
    E3                                                0.000    10.000 r  CLK100MHZ (IN)
                         net (fo=0)                   0.000    10.000    CLK100MHZ
    E3                   IBUF (Prop_ibuf_I_O)         1.411    11.411 r  CLK100MHZ_IBUF_inst/O
                         net (fo=1, routed)           1.920    13.331    CLK100MHZ_IBUF
    BUFGCTRL_X0Y16       BUFG (Prop_bufg_I_O)         0.091    13.422 r  CLK100MHZ_IBUF_BUFG_inst/O
                         net (fo=53, routed)          1.589    15.011    u_db_i/CLK100MHZ_IBUF_BUFG
    SLICE_X2Y106         FDRE                                         r  u_db_i/FSM_onehot_current_state_reg[1]/C
                         clock pessimism              0.300    15.311    
                         clock uncertainty           -0.035    15.276    
    SLICE_X2Y106         FDRE (Setup_fdre_C_D)        0.092    15.368    u_db_i/FSM_onehot_current_state_reg[1]
  -------------------------------------------------------------------
                         required time                         15.368    
                         arrival time                          -9.186    
  -------------------------------------------------------------------
                         slack                                  6.182    

Slack (MET) :             6.566ns  (required time - arrival time)
  Source:                 u_db_i/FSM_onehot_current_state_reg[1]/C
                            (rising edge-triggered cell FDRE clocked by sys_clk_pin  {rise@0.000ns fall@5.000ns period=10.000ns})
  Destination:            u_db_i/FSM_onehot_current_state_reg[0]/D
                            (rising edge-triggered cell FDSE clocked by sys_clk_pin  {rise@0.000ns fall@5.000ns period=10.000ns})
  Path Group:             sys_clk_pin
  Path Type:              Setup (Max at Slow Process Corner)
  Requirement:            10.000ns  (sys_clk_pin rise@10.000ns - sys_clk_pin rise@0.000ns)
  Data Path Delay:        3.480ns  (logic 0.890ns (25.576%)  route 2.590ns (74.424%))
  Logic Levels:           3  (LUT3=2 LUT5=1)
  Clock Path Skew:        0.000ns (DCD - SCD + CPR)
    Destination Clock Delay (DCD):    5.011ns = ( 15.011 - 10.000 ) 
    Source Clock Delay      (SCD):    5.311ns
    Clock Pessimism Removal (CPR):    0.300ns
  Clock Uncertainty:      0.035ns  ((TSJ^2 + TIJ^2)^1/2 + DJ) / 2 + PE
    Total System Jitter     (TSJ):    0.071ns
    Total Input Jitter      (TIJ):    0.000ns
    Discrete Jitter          (DJ):    0.000ns
    Phase Error              (PE):    0.000ns

    Location             Delay type                Incr(ns)  Path(ns)    Netlist Resource(s)
  -------------------------------------------------------------------    -------------------
                         (clock sys_clk_pin rise edge)
                                                      0.000     0.000 r  
    E3                                                0.000     0.000 r  CLK100MHZ (IN)
                         net (fo=0)                   0.000     0.000    CLK100MHZ
    E3                   IBUF (Prop_ibuf_I_O)         1.482     1.482 r  CLK100MHZ_IBUF_inst/O
                         net (fo=1, routed)           2.025     3.506    CLK100MHZ_IBUF
    BUFGCTRL_X0Y16       BUFG (Prop_bufg_I_O)         0.096     3.602 r  CLK100MHZ_IBUF_BUFG_inst/O
                         net (fo=53, routed)          1.709     5.311    u_db_i/CLK100MHZ_IBUF_BUFG
    SLICE_X2Y106         FDRE                                         r  u_db_i/FSM_onehot_current_state_reg[1]/C
  -------------------------------------------------------------------    -------------------
    SLICE_X2Y106         FDRE (Prop_fdre_C_Q)         0.518     5.829 r  u_db_i/FSM_onehot_current_state_reg[1]/Q
                         net (fo=5, routed)           1.040     6.870    u_db_i/load_next
    SLICE_X2Y106         LUT3 (Prop_lut3_I2_O)        0.124     6.994 r  u_db_i/FSM_onehot_current_state[2]_i_4/O
                         net (fo=1, routed)           1.085     8.078    u_db_i/FSM_onehot_current_state[2]_i_4_n_0
    SLICE_X0Y106         LUT5 (Prop_lut5_I0_O)        0.124     8.202 r  u_db_i/FSM_onehot_current_state[2]_i_3/O
                         net (fo=3, routed)           0.465     8.667    u_db_i/FSM_onehot_current_state[2]_i_3_n_0
    SLICE_X2Y106         LUT3 (Prop_lut3_I1_O)        0.124     8.791 r  u_db_i/FSM_onehot_current_state[0]_i_1/O
                         net (fo=1, routed)           0.000     8.791    u_db_i/FSM_onehot_current_state[0]_i_1_n_0
    SLICE_X2Y106         FDSE                                         r  u_db_i/FSM_onehot_current_state_reg[0]/D
  -------------------------------------------------------------------    -------------------

                         (clock sys_clk_pin rise edge)
                                                     10.000    10.000 r  
    E3                                                0.000    10.000 r  CLK100MHZ (IN)
                         net (fo=0)                   0.000    10.000    CLK100MHZ
    E3                   IBUF (Prop_ibuf_I_O)         1.411    11.411 r  CLK100MHZ_IBUF_inst/O
                         net (fo=1, routed)           1.920    13.331    CLK100MHZ_IBUF
    BUFGCTRL_X0Y16       BUFG (Prop_bufg_I_O)         0.091    13.422 r  CLK100MHZ_IBUF_BUFG_inst/O
                         net (fo=53, routed)          1.589    15.011    u_db_i/CLK100MHZ_IBUF_BUFG
    SLICE_X2Y106         FDSE                                         r  u_db_i/FSM_onehot_current_state_reg[0]/C
                         clock pessimism              0.300    15.311    
                         clock uncertainty           -0.035    15.276    
    SLICE_X2Y106         FDSE (Setup_fdse_C_D)        0.081    15.357    u_db_i/FSM_onehot_current_state_reg[0]
  -------------------------------------------------------------------
                         required time                         15.357    
                         arrival time                          -8.791    
  -------------------------------------------------------------------
                         slack                                  6.566    

Slack (MET) :             6.593ns  (required time - arrival time)
  Source:                 u_db_i/FSM_onehot_current_state_reg[1]/C
                            (rising edge-triggered cell FDRE clocked by sys_clk_pin  {rise@0.000ns fall@5.000ns period=10.000ns})
  Destination:            u_db_i/FSM_onehot_current_state_reg[2]/D
                            (rising edge-triggered cell FDRE clocked by sys_clk_pin  {rise@0.000ns fall@5.000ns period=10.000ns})
  Path Group:             sys_clk_pin
  Path Type:              Setup (Max at Slow Process Corner)
  Requirement:            10.000ns  (sys_clk_pin rise@10.000ns - sys_clk_pin rise@0.000ns)
  Data Path Delay:        3.451ns  (logic 0.890ns (25.791%)  route 2.561ns (74.209%))
  Logic Levels:           3  (LUT3=2 LUT5=1)
  Clock Path Skew:        0.000ns (DCD - SCD + CPR)
    Destination Clock Delay (DCD):    5.011ns = ( 15.011 - 10.000 ) 
    Source Clock Delay      (SCD):    5.311ns
    Clock Pessimism Removal (CPR):    0.300ns
  Clock Uncertainty:      0.035ns  ((TSJ^2 + TIJ^2)^1/2 + DJ) / 2 + PE
    Total System Jitter     (TSJ):    0.071ns
    Total Input Jitter      (TIJ):    0.000ns
    Discrete Jitter          (DJ):    0.000ns
    Phase Error              (PE):    0.000ns

    Location             Delay type                Incr(ns)  Path(ns)    Netlist Resource(s)
  -------------------------------------------------------------------    -------------------
                         (clock sys_clk_pin rise edge)
                                                      0.000     0.000 r  
    E3                                                0.000     0.000 r  CLK100MHZ (IN)
                         net (fo=0)                   0.000     0.000    CLK100MHZ
    E3                   IBUF (Prop_ibuf_I_O)         1.482     1.482 r  CLK100MHZ_IBUF_inst/O
                         net (fo=1, routed)           2.025     3.506    CLK100MHZ_IBUF
    BUFGCTRL_X0Y16       BUFG (Prop_bufg_I_O)         0.096     3.602 r  CLK100MHZ_IBUF_BUFG_inst/O
                         net (fo=53, routed)          1.709     5.311    u_db_i/CLK100MHZ_IBUF_BUFG
    SLICE_X2Y106         FDRE                                         r  u_db_i/FSM_onehot_current_state_reg[1]/C
  -------------------------------------------------------------------    -------------------
    SLICE_X2Y106         FDRE (Prop_fdre_C_Q)         0.518     5.829 r  u_db_i/FSM_onehot_current_state_reg[1]/Q
                         net (fo=5, routed)           1.040     6.870    u_db_i/load_next
    SLICE_X2Y106         LUT3 (Prop_lut3_I2_O)        0.124     6.994 r  u_db_i/FSM_onehot_current_state[2]_i_4/O
                         net (fo=1, routed)           1.085     8.078    u_db_i/FSM_onehot_current_state[2]_i_4_n_0
    SLICE_X0Y106         LUT5 (Prop_lut5_I0_O)        0.124     8.202 r  u_db_i/FSM_onehot_current_state[2]_i_3/O
                         net (fo=3, routed)           0.436     8.638    u_db_i/FSM_onehot_current_state[2]_i_3_n_0
    SLICE_X2Y106         LUT3 (Prop_lut3_I1_O)        0.124     8.762 r  u_db_i/FSM_onehot_current_state[2]_i_2/O
                         net (fo=1, routed)           0.000     8.762    u_db_i/FSM_onehot_current_state[2]_i_2_n_0
    SLICE_X2Y106         FDRE                                         r  u_db_i/FSM_onehot_current_state_reg[2]/D
  -------------------------------------------------------------------    -------------------

                         (clock sys_clk_pin rise edge)
                                                     10.000    10.000 r  
    E3                                                0.000    10.000 r  CLK100MHZ (IN)
                         net (fo=0)                   0.000    10.000    CLK100MHZ
    E3                   IBUF (Prop_ibuf_I_O)         1.411    11.411 r  CLK100MHZ_IBUF_inst/O
                         net (fo=1, routed)           1.920    13.331    CLK100MHZ_IBUF
    BUFGCTRL_X0Y16       BUFG (Prop_bufg_I_O)         0.091    13.422 r  CLK100MHZ_IBUF_BUFG_inst/O
                         net (fo=53, routed)          1.589    15.011    u_db_i/CLK100MHZ_IBUF_BUFG
    SLICE_X2Y106         FDRE                                         r  u_db_i/FSM_onehot_current_state_reg[2]/C
                         clock pessimism              0.300    15.311    
                         clock uncertainty           -0.035    15.276    
    SLICE_X2Y106         FDRE (Setup_fdre_C_D)        0.079    15.355    u_db_i/FSM_onehot_current_state_reg[2]
  -------------------------------------------------------------------
                         required time                         15.355    
                         arrival time                          -8.762    
  -------------------------------------------------------------------
                         slack                                  6.593    

Slack (MET) :             6.605ns  (required time - arrival time)
  Source:                 u_db_m/count_reg[15]/C
                            (rising edge-triggered cell FDRE clocked by sys_clk_pin  {rise@0.000ns fall@5.000ns period=10.000ns})
  Destination:            u_db_m/FSM_onehot_current_state_reg[0]/D
                            (rising edge-triggered cell FDSE clocked by sys_clk_pin  {rise@0.000ns fall@5.000ns period=10.000ns})
  Path Group:             sys_clk_pin
  Path Type:              Setup (Max at Slow Process Corner)
  Requirement:            10.000ns  (sys_clk_pin rise@10.000ns - sys_clk_pin rise@0.000ns)
  Data Path Delay:        3.365ns  (logic 0.828ns (24.609%)  route 2.537ns (75.391%))
  Logic Levels:           3  (LUT3=1 LUT5=1 LUT6=1)
  Clock Path Skew:        -0.024ns (DCD - SCD + CPR)
    Destination Clock Delay (DCD):    5.009ns = ( 15.009 - 10.000 ) 
    Source Clock Delay      (SCD):    5.309ns
    Clock Pessimism Removal (CPR):    0.276ns
  Clock Uncertainty:      0.035ns  ((TSJ^2 + TIJ^2)^1/2 + DJ) / 2 + PE
    Total System Jitter     (TSJ):    0.071ns
    Total Input Jitter      (TIJ):    0.000ns
    Discrete Jitter          (DJ):    0.000ns
    Phase Error              (PE):    0.000ns

    Location             Delay type                Incr(ns)  Path(ns)    Netlist Resource(s)
  -------------------------------------------------------------------    -------------------
                         (clock sys_clk_pin rise edge)
                                                      0.000     0.000 r  
    E3                                                0.000     0.000 r  CLK100MHZ (IN)
                         net (fo=0)                   0.000     0.000    CLK100MHZ
    E3                   IBUF (Prop_ibuf_I_O)         1.482     1.482 r  CLK100MHZ_IBUF_inst/O
                         net (fo=1, routed)           2.025     3.506    CLK100MHZ_IBUF
    BUFGCTRL_X0Y16       BUFG (Prop_bufg_I_O)         0.096     3.602 r  CLK100MHZ_IBUF_BUFG_inst/O
                         net (fo=53, routed)          1.707     5.309    u_db_m/CLK100MHZ_IBUF_BUFG
    SLICE_X5Y107         FDRE                                         r  u_db_m/count_reg[15]/C
  -------------------------------------------------------------------    -------------------
    SLICE_X5Y107         FDRE (Prop_fdre_C_Q)         0.456     5.765 f  u_db_m/count_reg[15]/Q
                         net (fo=2, routed)           0.828     6.593    u_db_m/count_reg[15]
    SLICE_X4Y108         LUT6 (Prop_lut6_I3_O)        0.124     6.717 r  u_db_m/FSM_onehot_current_state[2]_i_4__0/O
                         net (fo=1, routed)           1.012     7.729    u_db_m/FSM_onehot_current_state[2]_i_4__0_n_0
    SLICE_X4Y106         LUT5 (Prop_lut5_I1_O)        0.124     7.853 r  u_db_m/FSM_onehot_current_state[2]_i_2__0/O
                         net (fo=3, routed)           0.697     8.550    u_db_m/FSM_onehot_current_state[2]_i_2__0_n_0
    SLICE_X4Y106         LUT3 (Prop_lut3_I1_O)        0.124     8.674 r  u_db_m/FSM_onehot_current_state[0]_i_1__0/O
                         net (fo=1, routed)           0.000     8.674    u_db_m/FSM_onehot_current_state[0]_i_1__0_n_0
    SLICE_X4Y106         FDSE                                         r  u_db_m/FSM_onehot_current_state_reg[0]/D
  -------------------------------------------------------------------    -------------------

                         (clock sys_clk_pin rise edge)
                                                     10.000    10.000 r  
    E3                                                0.000    10.000 r  CLK100MHZ (IN)
                         net (fo=0)                   0.000    10.000    CLK100MHZ
    E3                   IBUF (Prop_ibuf_I_O)         1.411    11.411 r  CLK100MHZ_IBUF_inst/O
                         net (fo=1, routed)           1.920    13.331    CLK100MHZ_IBUF
    BUFGCTRL_X0Y16       BUFG (Prop_bufg_I_O)         0.091    13.422 r  CLK100MHZ_IBUF_BUFG_inst/O
                         net (fo=53, routed)          1.587    15.009    u_db_m/CLK100MHZ_IBUF_BUFG
    SLICE_X4Y106         FDSE                                         r  u_db_m/FSM_onehot_current_state_reg[0]/C
                         clock pessimism              0.276    15.285    
                         clock uncertainty           -0.035    15.250    
    SLICE_X4Y106         FDSE (Setup_fdse_C_D)        0.029    15.279    u_db_m/FSM_onehot_current_state_reg[0]
  -------------------------------------------------------------------
                         required time                         15.279    
                         arrival time                          -8.674    
  -------------------------------------------------------------------
                         slack                                  6.605    

Slack (MET) :             6.614ns  (required time - arrival time)
  Source:                 u_db_m/count_reg[15]/C
                            (rising edge-triggered cell FDRE clocked by sys_clk_pin  {rise@0.000ns fall@5.000ns period=10.000ns})
  Destination:            u_db_m/FSM_onehot_current_state_reg[2]/D
                            (rising edge-triggered cell FDRE clocked by sys_clk_pin  {rise@0.000ns fall@5.000ns period=10.000ns})
  Path Group:             sys_clk_pin
  Path Type:              Setup (Max at Slow Process Corner)
  Requirement:            10.000ns  (sys_clk_pin rise@10.000ns - sys_clk_pin rise@0.000ns)
  Data Path Delay:        3.357ns  (logic 0.828ns (24.662%)  route 2.529ns (75.338%))
  Logic Levels:           3  (LUT3=1 LUT5=1 LUT6=1)
  Clock Path Skew:        -0.024ns (DCD - SCD + CPR)
    Destination Clock Delay (DCD):    5.009ns = ( 15.009 - 10.000 ) 
    Source Clock Delay      (SCD):    5.309ns
    Clock Pessimism Removal (CPR):    0.276ns
  Clock Uncertainty:      0.035ns  ((TSJ^2 + TIJ^2)^1/2 + DJ) / 2 + PE
    Total System Jitter     (TSJ):    0.071ns
    Total Input Jitter      (TIJ):    0.000ns
    Discrete Jitter          (DJ):    0.000ns
    Phase Error              (PE):    0.000ns

    Location             Delay type                Incr(ns)  Path(ns)    Netlist Resource(s)
  -------------------------------------------------------------------    -------------------
                         (clock sys_clk_pin rise edge)
                                                      0.000     0.000 r  
    E3                                                0.000     0.000 r  CLK100MHZ (IN)
                         net (fo=0)                   0.000     0.000    CLK100MHZ
    E3                   IBUF (Prop_ibuf_I_O)         1.482     1.482 r  CLK100MHZ_IBUF_inst/O
                         net (fo=1, routed)           2.025     3.506    CLK100MHZ_IBUF
    BUFGCTRL_X0Y16       BUFG (Prop_bufg_I_O)         0.096     3.602 r  CLK100MHZ_IBUF_BUFG_inst/O
                         net (fo=53, routed)          1.707     5.309    u_db_m/CLK100MHZ_IBUF_BUFG
    SLICE_X5Y107         FDRE                                         r  u_db_m/count_reg[15]/C
  -------------------------------------------------------------------    -------------------
    SLICE_X5Y107         FDRE (Prop_fdre_C_Q)         0.456     5.765 f  u_db_m/count_reg[15]/Q
                         net (fo=2, routed)           0.828     6.593    u_db_m/count_reg[15]
    SLICE_X4Y108         LUT6 (Prop_lut6_I3_O)        0.124     6.717 r  u_db_m/FSM_onehot_current_state[2]_i_4__0/O
                         net (fo=1, routed)           1.012     7.729    u_db_m/FSM_onehot_current_state[2]_i_4__0_n_0
    SLICE_X4Y106         LUT5 (Prop_lut5_I1_O)        0.124     7.853 r  u_db_m/FSM_onehot_current_state[2]_i_2__0/O
                         net (fo=3, routed)           0.690     8.543    u_db_m/FSM_onehot_current_state[2]_i_2__0_n_0
    SLICE_X4Y106         LUT3 (Prop_lut3_I1_O)        0.124     8.667 r  u_db_m/FSM_onehot_current_state[2]_i_1/O
                         net (fo=1, routed)           0.000     8.667    u_db_m/FSM_onehot_current_state[2]_i_1_n_0
    SLICE_X4Y106         FDRE                                         r  u_db_m/FSM_onehot_current_state_reg[2]/D
  -------------------------------------------------------------------    -------------------

                         (clock sys_clk_pin rise edge)
                                                     10.000    10.000 r  
    E3                                                0.000    10.000 r  CLK100MHZ (IN)
                         net (fo=0)                   0.000    10.000    CLK100MHZ
    E3                   IBUF (Prop_ibuf_I_O)         1.411    11.411 r  CLK100MHZ_IBUF_inst/O
                         net (fo=1, routed)           1.920    13.331    CLK100MHZ_IBUF
    BUFGCTRL_X0Y16       BUFG (Prop_bufg_I_O)         0.091    13.422 r  CLK100MHZ_IBUF_BUFG_inst/O
                         net (fo=53, routed)          1.587    15.009    u_db_m/CLK100MHZ_IBUF_BUFG
    SLICE_X4Y106         FDRE                                         r  u_db_m/FSM_onehot_current_state_reg[2]/C
                         clock pessimism              0.276    15.285    
                         clock uncertainty           -0.035    15.250    
    SLICE_X4Y106         FDRE (Setup_fdre_C_D)        0.031    15.281    u_db_m/FSM_onehot_current_state_reg[2]
  -------------------------------------------------------------------
                         required time                         15.281    
                         arrival time                          -8.667    
  -------------------------------------------------------------------
                         slack                                  6.614    

Slack (MET) :             6.788ns  (required time - arrival time)
  Source:                 u_db_i/FSM_onehot_current_state_reg[2]/C
                            (rising edge-triggered cell FDRE clocked by sys_clk_pin  {rise@0.000ns fall@5.000ns period=10.000ns})
  Destination:            u_db_i/count_reg[16]/R
                            (rising edge-triggered cell FDRE clocked by sys_clk_pin  {rise@0.000ns fall@5.000ns period=10.000ns})
  Path Group:             sys_clk_pin
  Path Type:              Setup (Max at Slow Process Corner)
  Requirement:            10.000ns  (sys_clk_pin rise@10.000ns - sys_clk_pin rise@0.000ns)
  Data Path Delay:        2.722ns  (logic 0.642ns (23.589%)  route 2.080ns (76.411%))
  Logic Levels:           1  (LUT3=1)
  Clock Path Skew:        -0.026ns (DCD - SCD + CPR)
    Destination Clock Delay (DCD):    5.010ns = ( 15.010 - 10.000 ) 
    Source Clock Delay      (SCD):    5.311ns
    Clock Pessimism Removal (CPR):    0.275ns
  Clock Uncertainty:      0.035ns  ((TSJ^2 + TIJ^2)^1/2 + DJ) / 2 + PE
    Total System Jitter     (TSJ):    0.071ns
    Total Input Jitter      (TIJ):    0.000ns
    Discrete Jitter          (DJ):    0.000ns
    Phase Error              (PE):    0.000ns

    Location             Delay type                Incr(ns)  Path(ns)    Netlist Resource(s)
  -------------------------------------------------------------------    -------------------
                         (clock sys_clk_pin rise edge)
                                                      0.000     0.000 r  
    E3                                                0.000     0.000 r  CLK100MHZ (IN)
                         net (fo=0)                   0.000     0.000    CLK100MHZ
    E3                   IBUF (Prop_ibuf_I_O)         1.482     1.482 r  CLK100MHZ_IBUF_inst/O
                         net (fo=1, routed)           2.025     3.506    CLK100MHZ_IBUF
    BUFGCTRL_X0Y16       BUFG (Prop_bufg_I_O)         0.096     3.602 r  CLK100MHZ_IBUF_BUFG_inst/O
                         net (fo=53, routed)          1.709     5.311    u_db_i/CLK100MHZ_IBUF_BUFG
    SLICE_X2Y106         FDRE                                         r  u_db_i/FSM_onehot_current_state_reg[2]/C
  -------------------------------------------------------------------    -------------------
    SLICE_X2Y106         FDRE (Prop_fdre_C_Q)         0.518     5.829 f  u_db_i/FSM_onehot_current_state_reg[2]/Q
                         net (fo=4, routed)           0.839     6.669    u_db_i/FSM_onehot_current_state_reg_n_0_[2]
    SLICE_X0Y106         LUT3 (Prop_lut3_I0_O)        0.124     6.793 r  u_db_i/count[0]_i_1/O
                         net (fo=20, routed)          1.240     8.033    u_db_i/count[0]_i_1_n_0
    SLICE_X1Y108         FDRE                                         r  u_db_i/count_reg[16]/R
  -------------------------------------------------------------------    -------------------

                         (clock sys_clk_pin rise edge)
                                                     10.000    10.000 r  
    E3                                                0.000    10.000 r  CLK100MHZ (IN)
                         net (fo=0)                   0.000    10.000    CLK100MHZ
    E3                   IBUF (Prop_ibuf_I_O)         1.411    11.411 r  CLK100MHZ_IBUF_inst/O
                         net (fo=1, routed)           1.920    13.331    CLK100MHZ_IBUF
    BUFGCTRL_X0Y16       BUFG (Prop_bufg_I_O)         0.091    13.422 r  CLK100MHZ_IBUF_BUFG_inst/O
                         net (fo=53, routed)          1.588    15.010    u_db_i/CLK100MHZ_IBUF_BUFG
    SLICE_X1Y108         FDRE                                         r  u_db_i/count_reg[16]/C
                         clock pessimism              0.275    15.285    
                         clock uncertainty           -0.035    15.250    
    SLICE_X1Y108         FDRE (Setup_fdre_C_R)       -0.429    14.821    u_db_i/count_reg[16]
  -------------------------------------------------------------------
                         required time                         14.821    
                         arrival time                          -8.033    
  -------------------------------------------------------------------
                         slack                                  6.788    

Slack (MET) :             6.788ns  (required time - arrival time)
  Source:                 u_db_i/FSM_onehot_current_state_reg[2]/C
                            (rising edge-triggered cell FDRE clocked by sys_clk_pin  {rise@0.000ns fall@5.000ns period=10.000ns})
  Destination:            u_db_i/count_reg[17]/R
                            (rising edge-triggered cell FDRE clocked by sys_clk_pin  {rise@0.000ns fall@5.000ns period=10.000ns})
  Path Group:             sys_clk_pin
  Path Type:              Setup (Max at Slow Process Corner)
  Requirement:            10.000ns  (sys_clk_pin rise@10.000ns - sys_clk_pin rise@0.000ns)
  Data Path Delay:        2.722ns  (logic 0.642ns (23.589%)  route 2.080ns (76.411%))
  Logic Levels:           1  (LUT3=1)
  Clock Path Skew:        -0.026ns (DCD - SCD + CPR)
    Destination Clock Delay (DCD):    5.010ns = ( 15.010 - 10.000 ) 
    Source Clock Delay      (SCD):    5.311ns
    Clock Pessimism Removal (CPR):    0.275ns
  Clock Uncertainty:      0.035ns  ((TSJ^2 + TIJ^2)^1/2 + DJ) / 2 + PE
    Total System Jitter     (TSJ):    0.071ns
    Total Input Jitter      (TIJ):    0.000ns
    Discrete Jitter          (DJ):    0.000ns
    Phase Error              (PE):    0.000ns

    Location             Delay type                Incr(ns)  Path(ns)    Netlist Resource(s)
  -------------------------------------------------------------------    -------------------
                         (clock sys_clk_pin rise edge)
                                                      0.000     0.000 r  
    E3                                                0.000     0.000 r  CLK100MHZ (IN)
                         net (fo=0)                   0.000     0.000    CLK100MHZ
    E3                   IBUF (Prop_ibuf_I_O)         1.482     1.482 r  CLK100MHZ_IBUF_inst/O
                         net (fo=1, routed)           2.025     3.506    CLK100MHZ_IBUF
    BUFGCTRL_X0Y16       BUFG (Prop_bufg_I_O)         0.096     3.602 r  CLK100MHZ_IBUF_BUFG_inst/O
                         net (fo=53, routed)          1.709     5.311    u_db_i/CLK100MHZ_IBUF_BUFG
    SLICE_X2Y106         FDRE                                         r  u_db_i/FSM_onehot_current_state_reg[2]/C
  -------------------------------------------------------------------    -------------------
    SLICE_X2Y106         FDRE (Prop_fdre_C_Q)         0.518     5.829 f  u_db_i/FSM_onehot_current_state_reg[2]/Q
                         net (fo=4, routed)           0.839     6.669    u_db_i/FSM_onehot_current_state_reg_n_0_[2]
    SLICE_X0Y106         LUT3 (Prop_lut3_I0_O)        0.124     6.793 r  u_db_i/count[0]_i_1/O
                         net (fo=20, routed)          1.240     8.033    u_db_i/count[0]_i_1_n_0
    SLICE_X1Y108         FDRE                                         r  u_db_i/count_reg[17]/R
  -------------------------------------------------------------------    -------------------

                         (clock sys_clk_pin rise edge)
                                                     10.000    10.000 r  
    E3                                                0.000    10.000 r  CLK100MHZ (IN)
                         net (fo=0)                   0.000    10.000    CLK100MHZ
    E3                   IBUF (Prop_ibuf_I_O)         1.411    11.411 r  CLK100MHZ_IBUF_inst/O
                         net (fo=1, routed)           1.920    13.331    CLK100MHZ_IBUF
    BUFGCTRL_X0Y16       BUFG (Prop_bufg_I_O)         0.091    13.422 r  CLK100MHZ_IBUF_BUFG_inst/O
                         net (fo=53, routed)          1.588    15.010    u_db_i/CLK100MHZ_IBUF_BUFG
    SLICE_X1Y108         FDRE                                         r  u_db_i/count_reg[17]/C
                         clock pessimism              0.275    15.285    
                         clock uncertainty           -0.035    15.250    
    SLICE_X1Y108         FDRE (Setup_fdre_C_R)       -0.429    14.821    u_db_i/count_reg[17]
  -------------------------------------------------------------------
                         required time                         14.821    
                         arrival time                          -8.033    
  -------------------------------------------------------------------
                         slack                                  6.788    

Slack (MET) :             6.788ns  (required time - arrival time)
  Source:                 u_db_i/FSM_onehot_current_state_reg[2]/C
                            (rising edge-triggered cell FDRE clocked by sys_clk_pin  {rise@0.000ns fall@5.000ns period=10.000ns})
  Destination:            u_db_i/count_reg[18]/R
                            (rising edge-triggered cell FDRE clocked by sys_clk_pin  {rise@0.000ns fall@5.000ns period=10.000ns})
  Path Group:             sys_clk_pin
  Path Type:              Setup (Max at Slow Process Corner)
  Requirement:            10.000ns  (sys_clk_pin rise@10.000ns - sys_clk_pin rise@0.000ns)
  Data Path Delay:        2.722ns  (logic 0.642ns (23.589%)  route 2.080ns (76.411%))
  Logic Levels:           1  (LUT3=1)
  Clock Path Skew:        -0.026ns (DCD - SCD + CPR)
    Destination Clock Delay (DCD):    5.010ns = ( 15.010 - 10.000 ) 
    Source Clock Delay      (SCD):    5.311ns
    Clock Pessimism Removal (CPR):    0.275ns
  Clock Uncertainty:      0.035ns  ((TSJ^2 + TIJ^2)^1/2 + DJ) / 2 + PE
    Total System Jitter     (TSJ):    0.071ns
    Total Input Jitter      (TIJ):    0.000ns
    Discrete Jitter          (DJ):    0.000ns
    Phase Error              (PE):    0.000ns

    Location             Delay type                Incr(ns)  Path(ns)    Netlist Resource(s)
  -------------------------------------------------------------------    -------------------
                         (clock sys_clk_pin rise edge)
                                                      0.000     0.000 r  
    E3                                                0.000     0.000 r  CLK100MHZ (IN)
                         net (fo=0)                   0.000     0.000    CLK100MHZ
    E3                   IBUF (Prop_ibuf_I_O)         1.482     1.482 r  CLK100MHZ_IBUF_inst/O
                         net (fo=1, routed)           2.025     3.506    CLK100MHZ_IBUF
    BUFGCTRL_X0Y16       BUFG (Prop_bufg_I_O)         0.096     3.602 r  CLK100MHZ_IBUF_BUFG_inst/O
                         net (fo=53, routed)          1.709     5.311    u_db_i/CLK100MHZ_IBUF_BUFG
    SLICE_X2Y106         FDRE                                         r  u_db_i/FSM_onehot_current_state_reg[2]/C
  -------------------------------------------------------------------    -------------------
    SLICE_X2Y106         FDRE (Prop_fdre_C_Q)         0.518     5.829 f  u_db_i/FSM_onehot_current_state_reg[2]/Q
                         net (fo=4, routed)           0.839     6.669    u_db_i/FSM_onehot_current_state_reg_n_0_[2]
    SLICE_X0Y106         LUT3 (Prop_lut3_I0_O)        0.124     6.793 r  u_db_i/count[0]_i_1/O
                         net (fo=20, routed)          1.240     8.033    u_db_i/count[0]_i_1_n_0
    SLICE_X1Y108         FDRE                                         r  u_db_i/count_reg[18]/R
  -------------------------------------------------------------------    -------------------

                         (clock sys_clk_pin rise edge)
                                                     10.000    10.000 r  
    E3                                                0.000    10.000 r  CLK100MHZ (IN)
                         net (fo=0)                   0.000    10.000    CLK100MHZ
    E3                   IBUF (Prop_ibuf_I_O)         1.411    11.411 r  CLK100MHZ_IBUF_inst/O
                         net (fo=1, routed)           1.920    13.331    CLK100MHZ_IBUF
    BUFGCTRL_X0Y16       BUFG (Prop_bufg_I_O)         0.091    13.422 r  CLK100MHZ_IBUF_BUFG_inst/O
                         net (fo=53, routed)          1.588    15.010    u_db_i/CLK100MHZ_IBUF_BUFG
    SLICE_X1Y108         FDRE                                         r  u_db_i/count_reg[18]/C
                         clock pessimism              0.275    15.285    
                         clock uncertainty           -0.035    15.250    
    SLICE_X1Y108         FDRE (Setup_fdre_C_R)       -0.429    14.821    u_db_i/count_reg[18]
  -------------------------------------------------------------------
                         required time                         14.821    
                         arrival time                          -8.033    
  -------------------------------------------------------------------
                         slack                                  6.788    

Slack (MET) :             6.788ns  (required time - arrival time)
  Source:                 u_db_i/FSM_onehot_current_state_reg[2]/C
                            (rising edge-triggered cell FDRE clocked by sys_clk_pin  {rise@0.000ns fall@5.000ns period=10.000ns})
  Destination:            u_db_i/count_reg[19]/R
                            (rising edge-triggered cell FDRE clocked by sys_clk_pin  {rise@0.000ns fall@5.000ns period=10.000ns})
  Path Group:             sys_clk_pin
  Path Type:              Setup (Max at Slow Process Corner)
  Requirement:            10.000ns  (sys_clk_pin rise@10.000ns - sys_clk_pin rise@0.000ns)
  Data Path Delay:        2.722ns  (logic 0.642ns (23.589%)  route 2.080ns (76.411%))
  Logic Levels:           1  (LUT3=1)
  Clock Path Skew:        -0.026ns (DCD - SCD + CPR)
    Destination Clock Delay (DCD):    5.010ns = ( 15.010 - 10.000 ) 
    Source Clock Delay      (SCD):    5.311ns
    Clock Pessimism Removal (CPR):    0.275ns
  Clock Uncertainty:      0.035ns  ((TSJ^2 + TIJ^2)^1/2 + DJ) / 2 + PE
    Total System Jitter     (TSJ):    0.071ns
    Total Input Jitter      (TIJ):    0.000ns
    Discrete Jitter          (DJ):    0.000ns
    Phase Error              (PE):    0.000ns

    Location             Delay type                Incr(ns)  Path(ns)    Netlist Resource(s)
  -------------------------------------------------------------------    -------------------
                         (clock sys_clk_pin rise edge)
                                                      0.000     0.000 r  
    E3                                                0.000     0.000 r  CLK100MHZ (IN)
                         net (fo=0)                   0.000     0.000    CLK100MHZ
    E3                   IBUF (Prop_ibuf_I_O)         1.482     1.482 r  CLK100MHZ_IBUF_inst/O
                         net (fo=1, routed)           2.025     3.506    CLK100MHZ_IBUF
    BUFGCTRL_X0Y16       BUFG (Prop_bufg_I_O)         0.096     3.602 r  CLK100MHZ_IBUF_BUFG_inst/O
                         net (fo=53, routed)          1.709     5.311    u_db_i/CLK100MHZ_IBUF_BUFG
    SLICE_X2Y106         FDRE                                         r  u_db_i/FSM_onehot_current_state_reg[2]/C
  -------------------------------------------------------------------    -------------------
    SLICE_X2Y106         FDRE (Prop_fdre_C_Q)         0.518     5.829 f  u_db_i/FSM_onehot_current_state_reg[2]/Q
                         net (fo=4, routed)           0.839     6.669    u_db_i/FSM_onehot_current_state_reg_n_0_[2]
    SLICE_X0Y106         LUT3 (Prop_lut3_I0_O)        0.124     6.793 r  u_db_i/count[0]_i_1/O
                         net (fo=20, routed)          1.240     8.033    u_db_i/count[0]_i_1_n_0
    SLICE_X1Y108         FDRE                                         r  u_db_i/count_reg[19]/R
  -------------------------------------------------------------------    -------------------

                         (clock sys_clk_pin rise edge)
                                                     10.000    10.000 r  
    E3                                                0.000    10.000 r  CLK100MHZ (IN)
                         net (fo=0)                   0.000    10.000    CLK100MHZ
    E3                   IBUF (Prop_ibuf_I_O)         1.411    11.411 r  CLK100MHZ_IBUF_inst/O
                         net (fo=1, routed)           1.920    13.331    CLK100MHZ_IBUF
    BUFGCTRL_X0Y16       BUFG (Prop_bufg_I_O)         0.091    13.422 r  CLK100MHZ_IBUF_BUFG_inst/O
                         net (fo=53, routed)          1.588    15.010    u_db_i/CLK100MHZ_IBUF_BUFG
    SLICE_X1Y108         FDRE                                         r  u_db_i/count_reg[19]/C
                         clock pessimism              0.275    15.285    
                         clock uncertainty           -0.035    15.250    
    SLICE_X1Y108         FDRE (Setup_fdre_C_R)       -0.429    14.821    u_db_i/count_reg[19]
  -------------------------------------------------------------------
                         required time                         14.821    
                         arrival time                          -8.033    
  -------------------------------------------------------------------
                         slack                                  6.788    





Min Delay Paths
--------------------------------------------------------------------------------------
Slack (MET) :             0.131ns  (arrival time - required time)
  Source:                 u_fsm/FSM_sequential_current_state_reg[0]/C
                            (rising edge-triggered cell FDRE clocked by sys_clk_pin  {rise@0.000ns fall@5.000ns period=10.000ns})
  Destination:            y_reg_reg/D
                            (rising edge-triggered cell FDRE clocked by sys_clk_pin  {rise@0.000ns fall@5.000ns period=10.000ns})
  Path Group:             sys_clk_pin
  Path Type:              Hold (Min at Fast Process Corner)
  Requirement:            0.000ns  (sys_clk_pin rise@0.000ns - sys_clk_pin rise@0.000ns)
  Data Path Delay:        0.264ns  (logic 0.186ns (70.426%)  route 0.078ns (29.574%))
  Logic Levels:           1  (LUT5=1)
  Clock Path Skew:        0.013ns (DCD - SCD - CPR)
    Destination Clock Delay (DCD):    2.035ns
    Source Clock Delay      (SCD):    1.516ns
    Clock Pessimism Removal (CPR):    0.505ns

    Location             Delay type                Incr(ns)  Path(ns)    Netlist Resource(s)
  -------------------------------------------------------------------    -------------------
                         (clock sys_clk_pin rise edge)
                                                      0.000     0.000 r  
    E3                                                0.000     0.000 r  CLK100MHZ (IN)
                         net (fo=0)                   0.000     0.000    CLK100MHZ
    E3                   IBUF (Prop_ibuf_I_O)         0.250     0.250 r  CLK100MHZ_IBUF_inst/O
                         net (fo=1, routed)           0.644     0.894    CLK100MHZ_IBUF
    BUFGCTRL_X0Y16       BUFG (Prop_bufg_I_O)         0.026     0.920 r  CLK100MHZ_IBUF_BUFG_inst/O
                         net (fo=53, routed)          0.597     1.516    u_fsm/CLK100MHZ_IBUF_BUFG
    SLICE_X3Y107         FDRE                                         r  u_fsm/FSM_sequential_current_state_reg[0]/C
  -------------------------------------------------------------------    -------------------
    SLICE_X3Y107         FDRE (Prop_fdre_C_Q)         0.141     1.657 r  u_fsm/FSM_sequential_current_state_reg[0]/Q
                         net (fo=4, routed)           0.078     1.736    u_fsm/current_state[0]
    SLICE_X2Y107         LUT5 (Prop_lut5_I0_O)        0.045     1.781 r  u_fsm//i_/O
                         net (fo=1, routed)           0.000     1.781    y_fsm
    SLICE_X2Y107         FDRE                                         r  y_reg_reg/D
  -------------------------------------------------------------------    -------------------

                         (clock sys_clk_pin rise edge)
                                                      0.000     0.000 r  
    E3                                                0.000     0.000 r  CLK100MHZ (IN)
                         net (fo=0)                   0.000     0.000    CLK100MHZ
    E3                   IBUF (Prop_ibuf_I_O)         0.438     0.438 r  CLK100MHZ_IBUF_inst/O
                         net (fo=1, routed)           0.699     1.136    CLK100MHZ_IBUF
    BUFGCTRL_X0Y16       BUFG (Prop_bufg_I_O)         0.029     1.165 r  CLK100MHZ_IBUF_BUFG_inst/O
                         net (fo=53, routed)          0.870     2.035    CLK100MHZ_IBUF_BUFG
    SLICE_X2Y107         FDRE                                         r  y_reg_reg/C
                         clock pessimism             -0.505     1.529    
    SLICE_X2Y107         FDRE (Hold_fdre_C_D)         0.120     1.649    y_reg_reg
  -------------------------------------------------------------------
                         required time                         -1.649    
                         arrival time                           1.781    
  -------------------------------------------------------------------
                         slack                                  0.131    

Slack (MET) :             0.212ns  (arrival time - required time)
  Source:                 u_db_m/FSM_onehot_current_state_reg[1]/C
                            (rising edge-triggered cell FDRE clocked by sys_clk_pin  {rise@0.000ns fall@5.000ns period=10.000ns})
  Destination:            u_db_m/FSM_onehot_current_state_reg[2]/D
                            (rising edge-triggered cell FDRE clocked by sys_clk_pin  {rise@0.000ns fall@5.000ns period=10.000ns})
  Path Group:             sys_clk_pin
  Path Type:              Hold (Min at Fast Process Corner)
  Requirement:            0.000ns  (sys_clk_pin rise@0.000ns - sys_clk_pin rise@0.000ns)
  Data Path Delay:        0.304ns  (logic 0.227ns (74.785%)  route 0.077ns (25.215%))
  Logic Levels:           1  (LUT3=1)
  Clock Path Skew:        0.000ns (DCD - SCD - CPR)
    Destination Clock Delay (DCD):    2.033ns
    Source Clock Delay      (SCD):    1.516ns
    Clock Pessimism Removal (CPR):    0.516ns

    Location             Delay type                Incr(ns)  Path(ns)    Netlist Resource(s)
  -------------------------------------------------------------------    -------------------
                         (clock sys_clk_pin rise edge)
                                                      0.000     0.000 r  
    E3                                                0.000     0.000 r  CLK100MHZ (IN)
                         net (fo=0)                   0.000     0.000    CLK100MHZ
    E3                   IBUF (Prop_ibuf_I_O)         0.250     0.250 r  CLK100MHZ_IBUF_inst/O
                         net (fo=1, routed)           0.644     0.894    CLK100MHZ_IBUF
    BUFGCTRL_X0Y16       BUFG (Prop_bufg_I_O)         0.026     0.920 r  CLK100MHZ_IBUF_BUFG_inst/O
                         net (fo=53, routed)          0.597     1.516    u_db_m/CLK100MHZ_IBUF_BUFG
    SLICE_X4Y106         FDRE                                         r  u_db_m/FSM_onehot_current_state_reg[1]/C
  -------------------------------------------------------------------    -------------------
    SLICE_X4Y106         FDRE (Prop_fdre_C_Q)         0.128     1.644 r  u_db_m/FSM_onehot_current_state_reg[1]/Q
                         net (fo=4, routed)           0.077     1.721    u_db_m/change_m
    SLICE_X4Y106         LUT3 (Prop_lut3_I0_O)        0.099     1.820 r  u_db_m/FSM_onehot_current_state[2]_i_1/O
                         net (fo=1, routed)           0.000     1.820    u_db_m/FSM_onehot_current_state[2]_i_1_n_0
    SLICE_X4Y106         FDRE                                         r  u_db_m/FSM_onehot_current_state_reg[2]/D
  -------------------------------------------------------------------    -------------------

                         (clock sys_clk_pin rise edge)
                                                      0.000     0.000 r  
    E3                                                0.000     0.000 r  CLK100MHZ (IN)
                         net (fo=0)                   0.000     0.000    CLK100MHZ
    E3                   IBUF (Prop_ibuf_I_O)         0.438     0.438 r  CLK100MHZ_IBUF_inst/O
                         net (fo=1, routed)           0.699     1.136    CLK100MHZ_IBUF
    BUFGCTRL_X0Y16       BUFG (Prop_bufg_I_O)         0.029     1.165 r  CLK100MHZ_IBUF_BUFG_inst/O
                         net (fo=53, routed)          0.867     2.033    u_db_m/CLK100MHZ_IBUF_BUFG
    SLICE_X4Y106         FDRE                                         r  u_db_m/FSM_onehot_current_state_reg[2]/C
                         clock pessimism             -0.516     1.516    
    SLICE_X4Y106         FDRE (Hold_fdre_C_D)         0.092     1.608    u_db_m/FSM_onehot_current_state_reg[2]
  -------------------------------------------------------------------
                         required time                         -1.608    
                         arrival time                           1.820    
  -------------------------------------------------------------------
                         slack                                  0.212    

Slack (MET) :             0.236ns  (arrival time - required time)
  Source:                 u_in/detect_en_reg/C
                            (rising edge-triggered cell FDRE clocked by sys_clk_pin  {rise@0.000ns fall@5.000ns period=10.000ns})
  Destination:            u_fsm/FSM_sequential_current_state_reg[2]/D
                            (rising edge-triggered cell FDRE clocked by sys_clk_pin  {rise@0.000ns fall@5.000ns period=10.000ns})
  Path Group:             sys_clk_pin
  Path Type:              Hold (Min at Fast Process Corner)
  Requirement:            0.000ns  (sys_clk_pin rise@0.000ns - sys_clk_pin rise@0.000ns)
  Data Path Delay:        0.343ns  (logic 0.186ns (54.215%)  route 0.157ns (45.785%))
  Logic Levels:           1  (LUT6=1)
  Clock Path Skew:        0.015ns (DCD - SCD - CPR)
    Destination Clock Delay (DCD):    2.035ns
    Source Clock Delay      (SCD):    1.517ns
    Clock Pessimism Removal (CPR):    0.502ns

    Location             Delay type                Incr(ns)  Path(ns)    Netlist Resource(s)
  -------------------------------------------------------------------    -------------------
                         (clock sys_clk_pin rise edge)
                                                      0.000     0.000 r  
    E3                                                0.000     0.000 r  CLK100MHZ (IN)
                         net (fo=0)                   0.000     0.000    CLK100MHZ
    E3                   IBUF (Prop_ibuf_I_O)         0.250     0.250 r  CLK100MHZ_IBUF_inst/O
                         net (fo=1, routed)           0.644     0.894    CLK100MHZ_IBUF
    BUFGCTRL_X0Y16       BUFG (Prop_bufg_I_O)         0.026     0.920 r  CLK100MHZ_IBUF_BUFG_inst/O
                         net (fo=53, routed)          0.598     1.517    u_in/CLK100MHZ_IBUF_BUFG
    SLICE_X3Y106         FDRE                                         r  u_in/detect_en_reg/C
  -------------------------------------------------------------------    -------------------
    SLICE_X3Y106         FDRE (Prop_fdre_C_Q)         0.141     1.658 r  u_in/detect_en_reg/Q
                         net (fo=4, routed)           0.157     1.816    u_fsm/step
    SLICE_X3Y107         LUT6 (Prop_lut6_I4_O)        0.045     1.861 r  u_fsm/FSM_sequential_current_state[2]_i_1/O
                         net (fo=1, routed)           0.000     1.861    u_fsm/FSM_sequential_current_state[2]_i_1_n_0
    SLICE_X3Y107         FDRE                                         r  u_fsm/FSM_sequential_current_state_reg[2]/D
  -------------------------------------------------------------------    -------------------

                         (clock sys_clk_pin rise edge)
                                                      0.000     0.000 r  
    E3                                                0.000     0.000 r  CLK100MHZ (IN)
                         net (fo=0)                   0.000     0.000    CLK100MHZ
    E3                   IBUF (Prop_ibuf_I_O)         0.438     0.438 r  CLK100MHZ_IBUF_inst/O
                         net (fo=1, routed)           0.699     1.136    CLK100MHZ_IBUF
    BUFGCTRL_X0Y16       BUFG (Prop_bufg_I_O)         0.029     1.165 r  CLK100MHZ_IBUF_BUFG_inst/O
                         net (fo=53, routed)          0.870     2.035    u_fsm/CLK100MHZ_IBUF_BUFG
    SLICE_X3Y107         FDRE                                         r  u_fsm/FSM_sequential_current_state_reg[2]/C
                         clock pessimism             -0.502     1.532    
    SLICE_X3Y107         FDRE (Hold_fdre_C_D)         0.092     1.624    u_fsm/FSM_sequential_current_state_reg[2]
  -------------------------------------------------------------------
                         required time                         -1.624    
                         arrival time                           1.861    
  -------------------------------------------------------------------
                         slack                                  0.236    

Slack (MET) :             0.240ns  (arrival time - required time)
  Source:                 u_fsm/FSM_sequential_current_state_reg[2]/C
                            (rising edge-triggered cell FDRE clocked by sys_clk_pin  {rise@0.000ns fall@5.000ns period=10.000ns})
  Destination:            u_fsm/FSM_sequential_current_state_reg[1]/D
                            (rising edge-triggered cell FDRE clocked by sys_clk_pin  {rise@0.000ns fall@5.000ns period=10.000ns})
  Path Group:             sys_clk_pin
  Path Type:              Hold (Min at Fast Process Corner)
  Requirement:            0.000ns  (sys_clk_pin rise@0.000ns - sys_clk_pin rise@0.000ns)
  Data Path Delay:        0.331ns  (logic 0.186ns (56.182%)  route 0.145ns (43.818%))
  Logic Levels:           1  (LUT6=1)
  Clock Path Skew:        0.000ns (DCD - SCD - CPR)
    Destination Clock Delay (DCD):    2.035ns
    Source Clock Delay      (SCD):    1.516ns
    Clock Pessimism Removal (CPR):    0.518ns

    Location             Delay type                Incr(ns)  Path(ns)    Netlist Resource(s)
  -------------------------------------------------------------------    -------------------
                         (clock sys_clk_pin rise edge)
                                                      0.000     0.000 r  
    E3                                                0.000     0.000 r  CLK100MHZ (IN)
                         net (fo=0)                   0.000     0.000    CLK100MHZ
    E3                   IBUF (Prop_ibuf_I_O)         0.250     0.250 r  CLK100MHZ_IBUF_inst/O
                         net (fo=1, routed)           0.644     0.894    CLK100MHZ_IBUF
    BUFGCTRL_X0Y16       BUFG (Prop_bufg_I_O)         0.026     0.920 r  CLK100MHZ_IBUF_BUFG_inst/O
                         net (fo=53, routed)          0.597     1.516    u_fsm/CLK100MHZ_IBUF_BUFG
    SLICE_X3Y107         FDRE                                         r  u_fsm/FSM_sequential_current_state_reg[2]/C
  -------------------------------------------------------------------    -------------------
    SLICE_X3Y107         FDRE (Prop_fdre_C_Q)         0.141     1.657 r  u_fsm/FSM_sequential_current_state_reg[2]/Q
                         net (fo=4, routed)           0.145     1.802    u_fsm/current_state[2]
    SLICE_X3Y107         LUT6 (Prop_lut6_I0_O)        0.045     1.847 r  u_fsm/FSM_sequential_current_state[1]_i_1/O
                         net (fo=1, routed)           0.000     1.847    u_fsm/FSM_sequential_current_state[1]_i_1_n_0
    SLICE_X3Y107         FDRE                                         r  u_fsm/FSM_sequential_current_state_reg[1]/D
  -------------------------------------------------------------------    -------------------

                         (clock sys_clk_pin rise edge)
                                                      0.000     0.000 r  
    E3                                                0.000     0.000 r  CLK100MHZ (IN)
                         net (fo=0)                   0.000     0.000    CLK100MHZ
    E3                   IBUF (Prop_ibuf_I_O)         0.438     0.438 r  CLK100MHZ_IBUF_inst/O
                         net (fo=1, routed)           0.699     1.136    CLK100MHZ_IBUF
    BUFGCTRL_X0Y16       BUFG (Prop_bufg_I_O)         0.029     1.165 r  CLK100MHZ_IBUF_BUFG_inst/O
                         net (fo=53, routed)          0.870     2.035    u_fsm/CLK100MHZ_IBUF_BUFG
    SLICE_X3Y107         FDRE                                         r  u_fsm/FSM_sequential_current_state_reg[1]/C
                         clock pessimism             -0.518     1.516    
    SLICE_X3Y107         FDRE (Hold_fdre_C_D)         0.091     1.607    u_fsm/FSM_sequential_current_state_reg[1]
  -------------------------------------------------------------------
                         required time                         -1.607    
                         arrival time                           1.847    
  -------------------------------------------------------------------
                         slack                                  0.240    

Slack (MET) :             0.261ns  (arrival time - required time)
  Source:                 u_db_m/count_reg[11]/C
                            (rising edge-triggered cell FDRE clocked by sys_clk_pin  {rise@0.000ns fall@5.000ns period=10.000ns})
  Destination:            u_db_m/count_reg[11]/D
                            (rising edge-triggered cell FDRE clocked by sys_clk_pin  {rise@0.000ns fall@5.000ns period=10.000ns})
  Path Group:             sys_clk_pin
  Path Type:              Hold (Min at Fast Process Corner)
  Requirement:            0.000ns  (sys_clk_pin rise@0.000ns - sys_clk_pin rise@0.000ns)
  Data Path Delay:        0.366ns  (logic 0.249ns (68.025%)  route 0.117ns (31.975%))
  Logic Levels:           1  (CARRY4=1)
  Clock Path Skew:        0.000ns (DCD - SCD - CPR)
    Destination Clock Delay (DCD):    2.033ns
    Source Clock Delay      (SCD):    1.516ns
    Clock Pessimism Removal (CPR):    0.516ns

    Location             Delay type                Incr(ns)  Path(ns)    Netlist Resource(s)
  -------------------------------------------------------------------    -------------------
                         (clock sys_clk_pin rise edge)
                                                      0.000     0.000 r  
    E3                                                0.000     0.000 r  CLK100MHZ (IN)
                         net (fo=0)                   0.000     0.000    CLK100MHZ
    E3                   IBUF (Prop_ibuf_I_O)         0.250     0.250 r  CLK100MHZ_IBUF_inst/O
                         net (fo=1, routed)           0.644     0.894    CLK100MHZ_IBUF
    BUFGCTRL_X0Y16       BUFG (Prop_bufg_I_O)         0.026     0.920 r  CLK100MHZ_IBUF_BUFG_inst/O
                         net (fo=53, routed)          0.597     1.516    u_db_m/CLK100MHZ_IBUF_BUFG
    SLICE_X5Y106         FDRE                                         r  u_db_m/count_reg[11]/C
  -------------------------------------------------------------------    -------------------
    SLICE_X5Y106         FDRE (Prop_fdre_C_Q)         0.141     1.657 r  u_db_m/count_reg[11]/Q
                         net (fo=2, routed)           0.117     1.774    u_db_m/count_reg[11]
    SLICE_X5Y106         CARRY4 (Prop_carry4_S[3]_O[3])
                                                      0.108     1.882 r  u_db_m/count_reg[8]_i_1__0/O[3]
                         net (fo=1, routed)           0.000     1.882    u_db_m/count_reg[8]_i_1__0_n_4
    SLICE_X5Y106         FDRE                                         r  u_db_m/count_reg[11]/D
  -------------------------------------------------------------------    -------------------

                         (clock sys_clk_pin rise edge)
                                                      0.000     0.000 r  
    E3                                                0.000     0.000 r  CLK100MHZ (IN)
                         net (fo=0)                   0.000     0.000    CLK100MHZ
    E3                   IBUF (Prop_ibuf_I_O)         0.438     0.438 r  CLK100MHZ_IBUF_inst/O
                         net (fo=1, routed)           0.699     1.136    CLK100MHZ_IBUF
    BUFGCTRL_X0Y16       BUFG (Prop_bufg_I_O)         0.029     1.165 r  CLK100MHZ_IBUF_BUFG_inst/O
                         net (fo=53, routed)          0.867     2.033    u_db_m/CLK100MHZ_IBUF_BUFG
    SLICE_X5Y106         FDRE                                         r  u_db_m/count_reg[11]/C
                         clock pessimism             -0.516     1.516    
    SLICE_X5Y106         FDRE (Hold_fdre_C_D)         0.105     1.621    u_db_m/count_reg[11]
  -------------------------------------------------------------------
                         required time                         -1.621    
                         arrival time                           1.882    
  -------------------------------------------------------------------
                         slack                                  0.261    

Slack (MET) :             0.261ns  (arrival time - required time)
  Source:                 u_db_i/count_reg[19]/C
                            (rising edge-triggered cell FDRE clocked by sys_clk_pin  {rise@0.000ns fall@5.000ns period=10.000ns})
  Destination:            u_db_i/count_reg[19]/D
                            (rising edge-triggered cell FDRE clocked by sys_clk_pin  {rise@0.000ns fall@5.000ns period=10.000ns})
  Path Group:             sys_clk_pin
  Path Type:              Hold (Min at Fast Process Corner)
  Requirement:            0.000ns  (sys_clk_pin rise@0.000ns - sys_clk_pin rise@0.000ns)
  Data Path Delay:        0.366ns  (logic 0.249ns (67.994%)  route 0.117ns (32.006%))
  Logic Levels:           1  (CARRY4=1)
  Clock Path Skew:        0.000ns (DCD - SCD - CPR)
    Destination Clock Delay (DCD):    2.035ns
    Source Clock Delay      (SCD):    1.516ns
    Clock Pessimism Removal (CPR):    0.518ns

    Location             Delay type                Incr(ns)  Path(ns)    Netlist Resource(s)
  -------------------------------------------------------------------    -------------------
                         (clock sys_clk_pin rise edge)
                                                      0.000     0.000 r  
    E3                                                0.000     0.000 r  CLK100MHZ (IN)
                         net (fo=0)                   0.000     0.000    CLK100MHZ
    E3                   IBUF (Prop_ibuf_I_O)         0.250     0.250 r  CLK100MHZ_IBUF_inst/O
                         net (fo=1, routed)           0.644     0.894    CLK100MHZ_IBUF
    BUFGCTRL_X0Y16       BUFG (Prop_bufg_I_O)         0.026     0.920 r  CLK100MHZ_IBUF_BUFG_inst/O
                         net (fo=53, routed)          0.597     1.516    u_db_i/CLK100MHZ_IBUF_BUFG
    SLICE_X1Y108         FDRE                                         r  u_db_i/count_reg[19]/C
  -------------------------------------------------------------------    -------------------
    SLICE_X1Y108         FDRE (Prop_fdre_C_Q)         0.141     1.657 r  u_db_i/count_reg[19]/Q
                         net (fo=2, routed)           0.117     1.775    u_db_i/count_reg[19]
    SLICE_X1Y108         CARRY4 (Prop_carry4_S[3]_O[3])
                                                      0.108     1.883 r  u_db_i/count_reg[16]_i_1/O[3]
                         net (fo=1, routed)           0.000     1.883    u_db_i/count_reg[16]_i_1_n_4
    SLICE_X1Y108         FDRE                                         r  u_db_i/count_reg[19]/D
  -------------------------------------------------------------------    -------------------

                         (clock sys_clk_pin rise edge)
                                                      0.000     0.000 r  
    E3                                                0.000     0.000 r  CLK100MHZ (IN)
                         net (fo=0)                   0.000     0.000    CLK100MHZ
    E3                   IBUF (Prop_ibuf_I_O)         0.438     0.438 r  CLK100MHZ_IBUF_inst/O
                         net (fo=1, routed)           0.699     1.136    CLK100MHZ_IBUF
    BUFGCTRL_X0Y16       BUFG (Prop_bufg_I_O)         0.029     1.165 r  CLK100MHZ_IBUF_BUFG_inst/O
                         net (fo=53, routed)          0.870     2.035    u_db_i/CLK100MHZ_IBUF_BUFG
    SLICE_X1Y108         FDRE                                         r  u_db_i/count_reg[19]/C
                         clock pessimism             -0.518     1.516    
    SLICE_X1Y108         FDRE (Hold_fdre_C_D)         0.105     1.621    u_db_i/count_reg[19]
  -------------------------------------------------------------------
                         required time                         -1.621    
                         arrival time                           1.883    
  -------------------------------------------------------------------
                         slack                                  0.261    

Slack (MET) :             0.261ns  (arrival time - required time)
  Source:                 u_db_i/count_reg[11]/C
                            (rising edge-triggered cell FDRE clocked by sys_clk_pin  {rise@0.000ns fall@5.000ns period=10.000ns})
  Destination:            u_db_i/count_reg[11]/D
                            (rising edge-triggered cell FDRE clocked by sys_clk_pin  {rise@0.000ns fall@5.000ns period=10.000ns})
  Path Group:             sys_clk_pin
  Path Type:              Hold (Min at Fast Process Corner)
  Requirement:            0.000ns  (sys_clk_pin rise@0.000ns - sys_clk_pin rise@0.000ns)
  Data Path Delay:        0.366ns  (logic 0.249ns (67.994%)  route 0.117ns (32.006%))
  Logic Levels:           1  (CARRY4=1)
  Clock Path Skew:        0.000ns (DCD - SCD - CPR)
    Destination Clock Delay (DCD):    2.036ns
    Source Clock Delay      (SCD):    1.517ns
    Clock Pessimism Removal (CPR):    0.518ns

    Location             Delay type                Incr(ns)  Path(ns)    Netlist Resource(s)
  -------------------------------------------------------------------    -------------------
                         (clock sys_clk_pin rise edge)
                                                      0.000     0.000 r  
    E3                                                0.000     0.000 r  CLK100MHZ (IN)
                         net (fo=0)                   0.000     0.000    CLK100MHZ
    E3                   IBUF (Prop_ibuf_I_O)         0.250     0.250 r  CLK100MHZ_IBUF_inst/O
                         net (fo=1, routed)           0.644     0.894    CLK100MHZ_IBUF
    BUFGCTRL_X0Y16       BUFG (Prop_bufg_I_O)         0.026     0.920 r  CLK100MHZ_IBUF_BUFG_inst/O
                         net (fo=53, routed)          0.598     1.517    u_db_i/CLK100MHZ_IBUF_BUFG
    SLICE_X1Y106         FDRE                                         r  u_db_i/count_reg[11]/C
  -------------------------------------------------------------------    -------------------
    SLICE_X1Y106         FDRE (Prop_fdre_C_Q)         0.141     1.658 r  u_db_i/count_reg[11]/Q
                         net (fo=2, routed)           0.117     1.776    u_db_i/count_reg[11]
    SLICE_X1Y106         CARRY4 (Prop_carry4_S[3]_O[3])
                                                      0.108     1.884 r  u_db_i/count_reg[8]_i_1/O[3]
                         net (fo=1, routed)           0.000     1.884    u_db_i/count_reg[8]_i_1_n_4
    SLICE_X1Y106         FDRE                                         r  u_db_i/count_reg[11]/D
  -------------------------------------------------------------------    -------------------

                         (clock sys_clk_pin rise edge)
                                                      0.000     0.000 r  
    E3                                                0.000     0.000 r  CLK100MHZ (IN)
                         net (fo=0)                   0.000     0.000    CLK100MHZ
    E3                   IBUF (Prop_ibuf_I_O)         0.438     0.438 r  CLK100MHZ_IBUF_inst/O
                         net (fo=1, routed)           0.699     1.136    CLK100MHZ_IBUF
    BUFGCTRL_X0Y16       BUFG (Prop_bufg_I_O)         0.029     1.165 r  CLK100MHZ_IBUF_BUFG_inst/O
                         net (fo=53, routed)          0.871     2.036    u_db_i/CLK100MHZ_IBUF_BUFG
    SLICE_X1Y106         FDRE                                         r  u_db_i/count_reg[11]/C
                         clock pessimism             -0.518     1.517    
    SLICE_X1Y106         FDRE (Hold_fdre_C_D)         0.105     1.622    u_db_i/count_reg[11]
  -------------------------------------------------------------------
                         required time                         -1.622    
                         arrival time                           1.884    
  -------------------------------------------------------------------
                         slack                                  0.261    

Slack (MET) :             0.261ns  (arrival time - required time)
  Source:                 u_db_m/count_reg[7]/C
                            (rising edge-triggered cell FDRE clocked by sys_clk_pin  {rise@0.000ns fall@5.000ns period=10.000ns})
  Destination:            u_db_m/count_reg[7]/D
                            (rising edge-triggered cell FDRE clocked by sys_clk_pin  {rise@0.000ns fall@5.000ns period=10.000ns})
  Path Group:             sys_clk_pin
  Path Type:              Hold (Min at Fast Process Corner)
  Requirement:            0.000ns  (sys_clk_pin rise@0.000ns - sys_clk_pin rise@0.000ns)
  Data Path Delay:        0.366ns  (logic 0.249ns (67.994%)  route 0.117ns (32.006%))
  Logic Levels:           1  (CARRY4=1)
  Clock Path Skew:        0.000ns (DCD - SCD - CPR)
    Destination Clock Delay (DCD):    2.033ns
    Source Clock Delay      (SCD):    1.516ns
    Clock Pessimism Removal (CPR):    0.516ns

    Location             Delay type                Incr(ns)  Path(ns)    Netlist Resource(s)
  -------------------------------------------------------------------    -------------------
                         (clock sys_clk_pin rise edge)
                                                      0.000     0.000 r  
    E3                                                0.000     0.000 r  CLK100MHZ (IN)
                         net (fo=0)                   0.000     0.000    CLK100MHZ
    E3                   IBUF (Prop_ibuf_I_O)         0.250     0.250 r  CLK100MHZ_IBUF_inst/O
                         net (fo=1, routed)           0.644     0.894    CLK100MHZ_IBUF
    BUFGCTRL_X0Y16       BUFG (Prop_bufg_I_O)         0.026     0.920 r  CLK100MHZ_IBUF_BUFG_inst/O
                         net (fo=53, routed)          0.597     1.516    u_db_m/CLK100MHZ_IBUF_BUFG
    SLICE_X5Y105         FDRE                                         r  u_db_m/count_reg[7]/C
  -------------------------------------------------------------------    -------------------
    SLICE_X5Y105         FDRE (Prop_fdre_C_Q)         0.141     1.657 r  u_db_m/count_reg[7]/Q
                         net (fo=2, routed)           0.117     1.775    u_db_m/count_reg[7]
    SLICE_X5Y105         CARRY4 (Prop_carry4_S[3]_O[3])
                                                      0.108     1.883 r  u_db_m/count_reg[4]_i_1__0/O[3]
                         net (fo=1, routed)           0.000     1.883    u_db_m/count_reg[4]_i_1__0_n_4
    SLICE_X5Y105         FDRE                                         r  u_db_m/count_reg[7]/D
  -------------------------------------------------------------------    -------------------

                         (clock sys_clk_pin rise edge)
                                                      0.000     0.000 r  
    E3                                                0.000     0.000 r  CLK100MHZ (IN)
                         net (fo=0)                   0.000     0.000    CLK100MHZ
    E3                   IBUF (Prop_ibuf_I_O)         0.438     0.438 r  CLK100MHZ_IBUF_inst/O
                         net (fo=1, routed)           0.699     1.136    CLK100MHZ_IBUF
    BUFGCTRL_X0Y16       BUFG (Prop_bufg_I_O)         0.029     1.165 r  CLK100MHZ_IBUF_BUFG_inst/O
                         net (fo=53, routed)          0.867     2.033    u_db_m/CLK100MHZ_IBUF_BUFG
    SLICE_X5Y105         FDRE                                         r  u_db_m/count_reg[7]/C
                         clock pessimism             -0.516     1.516    
    SLICE_X5Y105         FDRE (Hold_fdre_C_D)         0.105     1.621    u_db_m/count_reg[7]
  -------------------------------------------------------------------
                         required time                         -1.621    
                         arrival time                           1.883    
  -------------------------------------------------------------------
                         slack                                  0.261    

Slack (MET) :             0.261ns  (arrival time - required time)
  Source:                 u_db_m/count_reg[19]/C
                            (rising edge-triggered cell FDRE clocked by sys_clk_pin  {rise@0.000ns fall@5.000ns period=10.000ns})
  Destination:            u_db_m/count_reg[19]/D
                            (rising edge-triggered cell FDRE clocked by sys_clk_pin  {rise@0.000ns fall@5.000ns period=10.000ns})
  Path Group:             sys_clk_pin
  Path Type:              Hold (Min at Fast Process Corner)
  Requirement:            0.000ns  (sys_clk_pin rise@0.000ns - sys_clk_pin rise@0.000ns)
  Data Path Delay:        0.366ns  (logic 0.249ns (67.994%)  route 0.117ns (32.006%))
  Logic Levels:           1  (CARRY4=1)
  Clock Path Skew:        0.000ns (DCD - SCD - CPR)
    Destination Clock Delay (DCD):    2.032ns
    Source Clock Delay      (SCD):    1.515ns
    Clock Pessimism Removal (CPR):    0.516ns

    Location             Delay type                Incr(ns)  Path(ns)    Netlist Resource(s)
  -------------------------------------------------------------------    -------------------
                         (clock sys_clk_pin rise edge)
                                                      0.000     0.000 r  
    E3                                                0.000     0.000 r  CLK100MHZ (IN)
                         net (fo=0)                   0.000     0.000    CLK100MHZ
    E3                   IBUF (Prop_ibuf_I_O)         0.250     0.250 r  CLK100MHZ_IBUF_inst/O
                         net (fo=1, routed)           0.644     0.894    CLK100MHZ_IBUF
    BUFGCTRL_X0Y16       BUFG (Prop_bufg_I_O)         0.026     0.920 r  CLK100MHZ_IBUF_BUFG_inst/O
                         net (fo=53, routed)          0.596     1.515    u_db_m/CLK100MHZ_IBUF_BUFG
    SLICE_X5Y108         FDRE                                         r  u_db_m/count_reg[19]/C
  -------------------------------------------------------------------    -------------------
    SLICE_X5Y108         FDRE (Prop_fdre_C_Q)         0.141     1.656 r  u_db_m/count_reg[19]/Q
                         net (fo=2, routed)           0.117     1.774    u_db_m/count_reg[19]
    SLICE_X5Y108         CARRY4 (Prop_carry4_S[3]_O[3])
                                                      0.108     1.882 r  u_db_m/count_reg[16]_i_1__0/O[3]
                         net (fo=1, routed)           0.000     1.882    u_db_m/count_reg[16]_i_1__0_n_4
    SLICE_X5Y108         FDRE                                         r  u_db_m/count_reg[19]/D
  -------------------------------------------------------------------    -------------------

                         (clock sys_clk_pin rise edge)
                                                      0.000     0.000 r  
    E3                                                0.000     0.000 r  CLK100MHZ (IN)
                         net (fo=0)                   0.000     0.000    CLK100MHZ
    E3                   IBUF (Prop_ibuf_I_O)         0.438     0.438 r  CLK100MHZ_IBUF_inst/O
                         net (fo=1, routed)           0.699     1.136    CLK100MHZ_IBUF
    BUFGCTRL_X0Y16       BUFG (Prop_bufg_I_O)         0.029     1.165 r  CLK100MHZ_IBUF_BUFG_inst/O
                         net (fo=53, routed)          0.866     2.032    u_db_m/CLK100MHZ_IBUF_BUFG
    SLICE_X5Y108         FDRE                                         r  u_db_m/count_reg[19]/C
                         clock pessimism             -0.516     1.515    
    SLICE_X5Y108         FDRE (Hold_fdre_C_D)         0.105     1.620    u_db_m/count_reg[19]
  -------------------------------------------------------------------
                         required time                         -1.620    
                         arrival time                           1.882    
  -------------------------------------------------------------------
                         slack                                  0.261    

Slack (MET) :             0.263ns  (arrival time - required time)
  Source:                 u_db_i/count_reg[7]/C
                            (rising edge-triggered cell FDRE clocked by sys_clk_pin  {rise@0.000ns fall@5.000ns period=10.000ns})
  Destination:            u_db_i/count_reg[7]/D
                            (rising edge-triggered cell FDRE clocked by sys_clk_pin  {rise@0.000ns fall@5.000ns period=10.000ns})
  Path Group:             sys_clk_pin
  Path Type:              Hold (Min at Fast Process Corner)
  Requirement:            0.000ns  (sys_clk_pin rise@0.000ns - sys_clk_pin rise@0.000ns)
  Data Path Delay:        0.368ns  (logic 0.249ns (67.612%)  route 0.119ns (32.388%))
  Logic Levels:           1  (CARRY4=1)
  Clock Path Skew:        0.000ns (DCD - SCD - CPR)
    Destination Clock Delay (DCD):    2.036ns
    Source Clock Delay      (SCD):    1.517ns
    Clock Pessimism Removal (CPR):    0.518ns

    Location             Delay type                Incr(ns)  Path(ns)    Netlist Resource(s)
  -------------------------------------------------------------------    -------------------
                         (clock sys_clk_pin rise edge)
                                                      0.000     0.000 r  
    E3                                                0.000     0.000 r  CLK100MHZ (IN)
                         net (fo=0)                   0.000     0.000    CLK100MHZ
    E3                   IBUF (Prop_ibuf_I_O)         0.250     0.250 r  CLK100MHZ_IBUF_inst/O
                         net (fo=1, routed)           0.644     0.894    CLK100MHZ_IBUF
    BUFGCTRL_X0Y16       BUFG (Prop_bufg_I_O)         0.026     0.920 r  CLK100MHZ_IBUF_BUFG_inst/O
                         net (fo=53, routed)          0.598     1.517    u_db_i/CLK100MHZ_IBUF_BUFG
    SLICE_X1Y105         FDRE                                         r  u_db_i/count_reg[7]/C
  -------------------------------------------------------------------    -------------------
    SLICE_X1Y105         FDRE (Prop_fdre_C_Q)         0.141     1.658 r  u_db_i/count_reg[7]/Q
                         net (fo=2, routed)           0.119     1.778    u_db_i/count_reg[7]
    SLICE_X1Y105         CARRY4 (Prop_carry4_S[3]_O[3])
                                                      0.108     1.886 r  u_db_i/count_reg[4]_i_1/O[3]
                         net (fo=1, routed)           0.000     1.886    u_db_i/count_reg[4]_i_1_n_4
    SLICE_X1Y105         FDRE                                         r  u_db_i/count_reg[7]/D
  -------------------------------------------------------------------    -------------------

                         (clock sys_clk_pin rise edge)
                                                      0.000     0.000 r  
    E3                                                0.000     0.000 r  CLK100MHZ (IN)
                         net (fo=0)                   0.000     0.000    CLK100MHZ
    E3                   IBUF (Prop_ibuf_I_O)         0.438     0.438 r  CLK100MHZ_IBUF_inst/O
                         net (fo=1, routed)           0.699     1.136    CLK100MHZ_IBUF
    BUFGCTRL_X0Y16       BUFG (Prop_bufg_I_O)         0.029     1.165 r  CLK100MHZ_IBUF_BUFG_inst/O
                         net (fo=53, routed)          0.871     2.036    u_db_i/CLK100MHZ_IBUF_BUFG
    SLICE_X1Y105         FDRE                                         r  u_db_i/count_reg[7]/C
                         clock pessimism             -0.518     1.517    
    SLICE_X1Y105         FDRE (Hold_fdre_C_D)         0.105     1.622    u_db_i/count_reg[7]
  -------------------------------------------------------------------
                         required time                         -1.622    
                         arrival time                           1.886    
  -------------------------------------------------------------------
                         slack                                  0.263    





Pulse Width Checks
--------------------------------------------------------------------------------------
Clock Name:         sys_clk_pin
Waveform(ns):       { 0.000 5.000 }
Period(ns):         10.000
Sources:            { CLK100MHZ }

Check Type        Corner  Lib Pin  Reference Pin  Required(ns)  Actual(ns)  Slack(ns)  Location        Pin
Min Period        n/a     BUFG/I   n/a            2.155         10.000      7.845      BUFGCTRL_X0Y16  CLK100MHZ_IBUF_BUFG_inst/I
Min Period        n/a     FDRE/C   n/a            1.000         10.000      9.000      SLICE_X2Y107    y_reg_reg/C
Min Period        n/a     FDSE/C   n/a            1.000         10.000      9.000      SLICE_X2Y106    u_db_i/FSM_onehot_current_state_reg[0]/C
Min Period        n/a     FDRE/C   n/a            1.000         10.000      9.000      SLICE_X2Y106    u_db_i/FSM_onehot_current_state_reg[1]/C
Min Period        n/a     FDRE/C   n/a            1.000         10.000      9.000      SLICE_X2Y106    u_db_i/FSM_onehot_current_state_reg[2]/C
Min Period        n/a     FDRE/C   n/a            1.000         10.000      9.000      SLICE_X1Y104    u_db_i/count_reg[0]/C
Min Period        n/a     FDRE/C   n/a            1.000         10.000      9.000      SLICE_X1Y106    u_db_i/count_reg[10]/C
Min Period        n/a     FDRE/C   n/a            1.000         10.000      9.000      SLICE_X1Y106    u_db_i/count_reg[11]/C
Min Period        n/a     FDRE/C   n/a            1.000         10.000      9.000      SLICE_X1Y107    u_db_i/count_reg[12]/C
Min Period        n/a     FDRE/C   n/a            1.000         10.000      9.000      SLICE_X1Y107    u_db_i/count_reg[13]/C
Low Pulse Width   Slow    FDRE/C   n/a            0.500         5.000       4.500      SLICE_X2Y107    y_reg_reg/C
Low Pulse Width   Fast    FDRE/C   n/a            0.500         5.000       4.500      SLICE_X2Y107    y_reg_reg/C
Low Pulse Width   Slow    FDSE/C   n/a            0.500         5.000       4.500      SLICE_X2Y106    u_db_i/FSM_onehot_current_state_reg[0]/C
Low Pulse Width   Fast    FDSE/C   n/a            0.500         5.000       4.500      SLICE_X2Y106    u_db_i/FSM_onehot_current_state_reg[0]/C
Low Pulse Width   Slow    FDRE/C   n/a            0.500         5.000       4.500      SLICE_X2Y106    u_db_i/FSM_onehot_current_state_reg[1]/C
Low Pulse Width   Fast    FDRE/C   n/a            0.500         5.000       4.500      SLICE_X2Y106    u_db_i/FSM_onehot_current_state_reg[1]/C
Low Pulse Width   Slow    FDRE/C   n/a            0.500         5.000       4.500      SLICE_X2Y106    u_db_i/FSM_onehot_current_state_reg[2]/C
Low Pulse Width   Fast    FDRE/C   n/a            0.500         5.000       4.500      SLICE_X2Y106    u_db_i/FSM_onehot_current_state_reg[2]/C
Low Pulse Width   Slow    FDRE/C   n/a            0.500         5.000       4.500      SLICE_X1Y104    u_db_i/count_reg[0]/C
Low Pulse Width   Fast    FDRE/C   n/a            0.500         5.000       4.500      SLICE_X1Y104    u_db_i/count_reg[0]/C
High Pulse Width  Slow    FDRE/C   n/a            0.500         5.000       4.500      SLICE_X2Y107    y_reg_reg/C
High Pulse Width  Fast    FDRE/C   n/a            0.500         5.000       4.500      SLICE_X2Y107    y_reg_reg/C
High Pulse Width  Slow    FDSE/C   n/a            0.500         5.000       4.500      SLICE_X2Y106    u_db_i/FSM_onehot_current_state_reg[0]/C
High Pulse Width  Fast    FDSE/C   n/a            0.500         5.000       4.500      SLICE_X2Y106    u_db_i/FSM_onehot_current_state_reg[0]/C
High Pulse Width  Slow    FDRE/C   n/a            0.500         5.000       4.500      SLICE_X2Y106    u_db_i/FSM_onehot_current_state_reg[1]/C
High Pulse Width  Fast    FDRE/C   n/a            0.500         5.000       4.500      SLICE_X2Y106    u_db_i/FSM_onehot_current_state_reg[1]/C
High Pulse Width  Slow    FDRE/C   n/a            0.500         5.000       4.500      SLICE_X2Y106    u_db_i/FSM_onehot_current_state_reg[2]/C
High Pulse Width  Fast    FDRE/C   n/a            0.500         5.000       4.500      SLICE_X2Y106    u_db_i/FSM_onehot_current_state_reg[2]/C
High Pulse Width  Slow    FDRE/C   n/a            0.500         5.000       4.500      SLICE_X1Y104    u_db_i/count_reg[0]/C
High Pulse Width  Fast    FDRE/C   n/a            0.500         5.000       4.500      SLICE_X1Y104    u_db_i/count_reg[0]/C



--------------------------------------------------------------------------------------
Path Group:  (none)
From Clock:  sys_clk_pin
  To Clock:  

Max Delay             3 Endpoints
Min Delay             3 Endpoints
--------------------------------------------------------------------------------------


Max Delay Paths
--------------------------------------------------------------------------------------
Slack:                    inf
  Source:                 u_in/detect_m_reg/C
                            (rising edge-triggered cell FDRE clocked by sys_clk_pin  {rise@0.000ns fall@5.000ns period=10.000ns})
  Destination:            LED[2]
                            (output port)
  Path Group:             (none)
  Path Type:              Max at Slow Process Corner
  Data Path Delay:        5.933ns  (logic 4.009ns (67.566%)  route 1.924ns (32.434%))
  Logic Levels:           1  (OBUF=1)
  Clock Uncertainty:      0.025ns  ((TSJ^2 + TIJ^2)^1/2 + DJ) / 2 + PE
    Total System Jitter     (TSJ):    0.050ns
    Total Input Jitter      (TIJ):    0.000ns
    Discrete Jitter          (DJ):    0.000ns
    Phase Error              (PE):    0.000ns

    Location             Delay type                Incr(ns)  Path(ns)    Netlist Resource(s)
  -------------------------------------------------------------------    -------------------
                         (clock sys_clk_pin rise edge)
                                                      0.000     0.000 r  
    E3                                                0.000     0.000 r  CLK100MHZ (IN)
                         net (fo=0)                   0.000     0.000    CLK100MHZ
    E3                   IBUF (Prop_ibuf_I_O)         1.482     1.482 r  CLK100MHZ_IBUF_inst/O
                         net (fo=1, routed)           2.025     3.506    CLK100MHZ_IBUF
    BUFGCTRL_X0Y16       BUFG (Prop_bufg_I_O)         0.096     3.602 r  CLK100MHZ_IBUF_BUFG_inst/O
                         net (fo=53, routed)          1.709     5.311    u_in/CLK100MHZ_IBUF_BUFG
    SLICE_X0Y106         FDRE                                         r  u_in/detect_m_reg/C
  -------------------------------------------------------------------    -------------------
    SLICE_X0Y106         FDRE (Prop_fdre_C_Q)         0.456     5.767 r  u_in/detect_m_reg/Q
                         net (fo=5, routed)           1.924     7.692    LED_OBUF[2]
    J13                  OBUF (Prop_obuf_I_O)         3.553    11.244 r  LED_OBUF[2]_inst/O
                         net (fo=0)                   0.000    11.244    LED[2]
    J13                                                               r  LED[2] (OUT)
  -------------------------------------------------------------------    -------------------

Slack:                    inf
  Source:                 y_reg_reg/C
                            (rising edge-triggered cell FDRE clocked by sys_clk_pin  {rise@0.000ns fall@5.000ns period=10.000ns})
  Destination:            LED[0]
                            (output port)
  Path Group:             (none)
  Path Type:              Max at Slow Process Corner
  Data Path Delay:        5.911ns  (logic 4.038ns (68.315%)  route 1.873ns (31.685%))
  Logic Levels:           1  (OBUF=1)
  Clock Uncertainty:      0.025ns  ((TSJ^2 + TIJ^2)^1/2 + DJ) / 2 + PE
    Total System Jitter     (TSJ):    0.050ns
    Total Input Jitter      (TIJ):    0.000ns
    Discrete Jitter          (DJ):    0.000ns
    Phase Error              (PE):    0.000ns

    Location             Delay type                Incr(ns)  Path(ns)    Netlist Resource(s)
  -------------------------------------------------------------------    -------------------
                         (clock sys_clk_pin rise edge)
                                                      0.000     0.000 r  
    E3                                                0.000     0.000 r  CLK100MHZ (IN)
                         net (fo=0)                   0.000     0.000    CLK100MHZ
    E3                   IBUF (Prop_ibuf_I_O)         1.482     1.482 r  CLK100MHZ_IBUF_inst/O
                         net (fo=1, routed)           2.025     3.506    CLK100MHZ_IBUF
    BUFGCTRL_X0Y16       BUFG (Prop_bufg_I_O)         0.096     3.602 r  CLK100MHZ_IBUF_BUFG_inst/O
                         net (fo=53, routed)          1.708     5.310    CLK100MHZ_IBUF_BUFG
    SLICE_X2Y107         FDRE                                         r  y_reg_reg/C
  -------------------------------------------------------------------    -------------------
    SLICE_X2Y107         FDRE (Prop_fdre_C_Q)         0.518     5.828 r  y_reg_reg/Q
                         net (fo=1, routed)           1.873     7.701    LED_OBUF[0]
    H17                  OBUF (Prop_obuf_I_O)         3.520    11.222 r  LED_OBUF[0]_inst/O
                         net (fo=0)                   0.000    11.222    LED[0]
    H17                                                               r  LED[0] (OUT)
  -------------------------------------------------------------------    -------------------

Slack:                    inf
  Source:                 u_in/detect_input_reg/C
                            (rising edge-triggered cell FDRE clocked by sys_clk_pin  {rise@0.000ns fall@5.000ns period=10.000ns})
  Destination:            LED[1]
                            (output port)
  Path Group:             (none)
  Path Type:              Max at Slow Process Corner
  Data Path Delay:        5.681ns  (logic 3.991ns (70.260%)  route 1.689ns (29.740%))
  Logic Levels:           1  (OBUF=1)
  Clock Uncertainty:      0.025ns  ((TSJ^2 + TIJ^2)^1/2 + DJ) / 2 + PE
    Total System Jitter     (TSJ):    0.050ns
    Total Input Jitter      (TIJ):    0.000ns
    Discrete Jitter          (DJ):    0.000ns
    Phase Error              (PE):    0.000ns

    Location             Delay type                Incr(ns)  Path(ns)    Netlist Resource(s)
  -------------------------------------------------------------------    -------------------
                         (clock sys_clk_pin rise edge)
                                                      0.000     0.000 r  
    E3                                                0.000     0.000 r  CLK100MHZ (IN)
                         net (fo=0)                   0.000     0.000    CLK100MHZ
    E3                   IBUF (Prop_ibuf_I_O)         1.482     1.482 r  CLK100MHZ_IBUF_inst/O
                         net (fo=1, routed)           2.025     3.506    CLK100MHZ_IBUF
    BUFGCTRL_X0Y16       BUFG (Prop_bufg_I_O)         0.096     3.602 r  CLK100MHZ_IBUF_BUFG_inst/O
                         net (fo=53, routed)          1.709     5.311    u_in/CLK100MHZ_IBUF_BUFG
    SLICE_X0Y104         FDRE                                         r  u_in/detect_input_reg/C
  -------------------------------------------------------------------    -------------------
    SLICE_X0Y104         FDRE (Prop_fdre_C_Q)         0.456     5.767 r  u_in/detect_input_reg/Q
                         net (fo=5, routed)           1.689     7.457    LED_OBUF[1]
    K15                  OBUF (Prop_obuf_I_O)         3.535    10.992 r  LED_OBUF[1]_inst/O
                         net (fo=0)                   0.000    10.992    LED[1]
    K15                                                               r  LED[1] (OUT)
  -------------------------------------------------------------------    -------------------





Min Delay Paths
--------------------------------------------------------------------------------------
Slack:                    inf
  Source:                 u_in/detect_input_reg/C
                            (rising edge-triggered cell FDRE clocked by sys_clk_pin  {rise@0.000ns fall@5.000ns period=10.000ns})
  Destination:            LED[1]
                            (output port)
  Path Group:             (none)
  Path Type:              Min at Fast Process Corner
  Data Path Delay:        1.736ns  (logic 1.377ns (79.347%)  route 0.358ns (20.653%))
  Logic Levels:           1  (OBUF=1)
  Clock Uncertainty:      0.025ns  ((TSJ^2 + TIJ^2)^1/2 + DJ) / 2 + PE
    Total System Jitter     (TSJ):    0.050ns
    Total Input Jitter      (TIJ):    0.000ns
    Discrete Jitter          (DJ):    0.000ns
    Phase Error              (PE):    0.000ns

    Location             Delay type                Incr(ns)  Path(ns)    Netlist Resource(s)
  -------------------------------------------------------------------    -------------------
                         (clock sys_clk_pin rise edge)
                                                      0.000     0.000 r  
    E3                                                0.000     0.000 r  CLK100MHZ (IN)
                         net (fo=0)                   0.000     0.000    CLK100MHZ
    E3                   IBUF (Prop_ibuf_I_O)         0.250     0.250 r  CLK100MHZ_IBUF_inst/O
                         net (fo=1, routed)           0.644     0.894    CLK100MHZ_IBUF
    BUFGCTRL_X0Y16       BUFG (Prop_bufg_I_O)         0.026     0.920 r  CLK100MHZ_IBUF_BUFG_inst/O
                         net (fo=53, routed)          0.598     1.517    u_in/CLK100MHZ_IBUF_BUFG
    SLICE_X0Y104         FDRE                                         r  u_in/detect_input_reg/C
  -------------------------------------------------------------------    -------------------
    SLICE_X0Y104         FDRE (Prop_fdre_C_Q)         0.141     1.658 r  u_in/detect_input_reg/Q
                         net (fo=5, routed)           0.358     2.017    LED_OBUF[1]
    K15                  OBUF (Prop_obuf_I_O)         1.236     3.253 r  LED_OBUF[1]_inst/O
                         net (fo=0)                   0.000     3.253    LED[1]
    K15                                                               r  LED[1] (OUT)
  -------------------------------------------------------------------    -------------------

Slack:                    inf
  Source:                 y_reg_reg/C
                            (rising edge-triggered cell FDRE clocked by sys_clk_pin  {rise@0.000ns fall@5.000ns period=10.000ns})
  Destination:            LED[0]
                            (output port)
  Path Group:             (none)
  Path Type:              Min at Fast Process Corner
  Data Path Delay:        1.794ns  (logic 1.385ns (77.206%)  route 0.409ns (22.794%))
  Logic Levels:           1  (OBUF=1)
  Clock Uncertainty:      0.025ns  ((TSJ^2 + TIJ^2)^1/2 + DJ) / 2 + PE
    Total System Jitter     (TSJ):    0.050ns
    Total Input Jitter      (TIJ):    0.000ns
    Discrete Jitter          (DJ):    0.000ns
    Phase Error              (PE):    0.000ns

    Location             Delay type                Incr(ns)  Path(ns)    Netlist Resource(s)
  -------------------------------------------------------------------    -------------------
                         (clock sys_clk_pin rise edge)
                                                      0.000     0.000 r  
    E3                                                0.000     0.000 r  CLK100MHZ (IN)
                         net (fo=0)                   0.000     0.000    CLK100MHZ
    E3                   IBUF (Prop_ibuf_I_O)         0.250     0.250 r  CLK100MHZ_IBUF_inst/O
                         net (fo=1, routed)           0.644     0.894    CLK100MHZ_IBUF
    BUFGCTRL_X0Y16       BUFG (Prop_bufg_I_O)         0.026     0.920 r  CLK100MHZ_IBUF_BUFG_inst/O
                         net (fo=53, routed)          0.597     1.516    CLK100MHZ_IBUF_BUFG
    SLICE_X2Y107         FDRE                                         r  y_reg_reg/C
  -------------------------------------------------------------------    -------------------
    SLICE_X2Y107         FDRE (Prop_fdre_C_Q)         0.164     1.680 r  y_reg_reg/Q
                         net (fo=1, routed)           0.409     2.089    LED_OBUF[0]
    H17                  OBUF (Prop_obuf_I_O)         1.221     3.311 r  LED_OBUF[0]_inst/O
                         net (fo=0)                   0.000     3.311    LED[0]
    H17                                                               r  LED[0] (OUT)
  -------------------------------------------------------------------    -------------------

Slack:                    inf
  Source:                 u_in/detect_m_reg/C
                            (rising edge-triggered cell FDRE clocked by sys_clk_pin  {rise@0.000ns fall@5.000ns period=10.000ns})
  Destination:            LED[2]
                            (output port)
  Path Group:             (none)
  Path Type:              Min at Fast Process Corner
  Data Path Delay:        1.851ns  (logic 1.394ns (75.344%)  route 0.456ns (24.656%))
  Logic Levels:           1  (OBUF=1)
  Clock Uncertainty:      0.025ns  ((TSJ^2 + TIJ^2)^1/2 + DJ) / 2 + PE
    Total System Jitter     (TSJ):    0.050ns
    Total Input Jitter      (TIJ):    0.000ns
    Discrete Jitter          (DJ):    0.000ns
    Phase Error              (PE):    0.000ns

    Location             Delay type                Incr(ns)  Path(ns)    Netlist Resource(s)
  -------------------------------------------------------------------    -------------------
                         (clock sys_clk_pin rise edge)
                                                      0.000     0.000 r  
    E3                                                0.000     0.000 r  CLK100MHZ (IN)
                         net (fo=0)                   0.000     0.000    CLK100MHZ
    E3                   IBUF (Prop_ibuf_I_O)         0.250     0.250 r  CLK100MHZ_IBUF_inst/O
                         net (fo=1, routed)           0.644     0.894    CLK100MHZ_IBUF
    BUFGCTRL_X0Y16       BUFG (Prop_bufg_I_O)         0.026     0.920 r  CLK100MHZ_IBUF_BUFG_inst/O
                         net (fo=53, routed)          0.598     1.517    u_in/CLK100MHZ_IBUF_BUFG
    SLICE_X0Y106         FDRE                                         r  u_in/detect_m_reg/C
  -------------------------------------------------------------------    -------------------
    SLICE_X0Y106         FDRE (Prop_fdre_C_Q)         0.141     1.658 r  u_in/detect_m_reg/Q
                         net (fo=5, routed)           0.456     2.115    LED_OBUF[2]
    J13                  OBUF (Prop_obuf_I_O)         1.253     3.368 r  LED_OBUF[2]_inst/O
                         net (fo=0)                   0.000     3.368    LED[2]
    J13                                                               r  LED[2] (OUT)
  -------------------------------------------------------------------    -------------------





--------------------------------------------------------------------------------------
Path Group:  (none)
From Clock:  
  To Clock:  sys_clk_pin

Max Delay            58 Endpoints
Min Delay            58 Endpoints
--------------------------------------------------------------------------------------


Max Delay Paths
--------------------------------------------------------------------------------------
Slack:                    inf
  Source:                 BTNL
                            (input port)
  Destination:            u_db_i/FSM_onehot_current_state_reg[1]/D
                            (rising edge-triggered cell FDRE clocked by sys_clk_pin  {rise@0.000ns fall@5.000ns period=10.000ns})
  Path Group:             (none)
  Path Type:              Setup (Max at Slow Process Corner)
  Data Path Delay:        6.221ns  (logic 1.886ns (30.313%)  route 4.336ns (69.687%))
  Logic Levels:           4  (IBUF=1 LUT3=2 LUT5=1)
  Clock Path Skew:        5.011ns (DCD - SCD + CPR)
    Destination Clock Delay (DCD):    5.011ns
    Source Clock Delay      (SCD):    0.000ns
    Clock Pessimism Removal (CPR):    0.000ns
  Clock Uncertainty:      0.025ns  ((TSJ^2 + TIJ^2)^1/2 + DJ) / 2 + PE
    Total System Jitter     (TSJ):    0.050ns
    Total Input Jitter      (TIJ):    0.000ns
    Discrete Jitter          (DJ):    0.000ns
    Phase Error              (PE):    0.000ns

    Location             Delay type                Incr(ns)  Path(ns)    Netlist Resource(s)
  -------------------------------------------------------------------    -------------------
    P17                                               0.000     0.000 r  BTNL (IN)
                         net (fo=0)                   0.000     0.000    BTNL
    P17                  IBUF (Prop_ibuf_I_O)         1.488     1.488 r  BTNL_IBUF_inst/O
                         net (fo=3, routed)           2.417     3.905    u_db_i/BTNL_IBUF
    SLICE_X2Y106         LUT3 (Prop_lut3_I1_O)        0.124     4.029 r  u_db_i/FSM_onehot_current_state[2]_i_4/O
                         net (fo=1, routed)           1.085     5.114    u_db_i/FSM_onehot_current_state[2]_i_4_n_0
    SLICE_X0Y106         LUT5 (Prop_lut5_I0_O)        0.124     5.238 r  u_db_i/FSM_onehot_current_state[2]_i_3/O
                         net (fo=3, routed)           0.834     6.071    u_db_i/FSM_onehot_current_state[2]_i_3_n_0
    SLICE_X2Y106         LUT3 (Prop_lut3_I1_O)        0.150     6.221 r  u_db_i/FSM_onehot_current_state[1]_i_1/O
                         net (fo=1, routed)           0.000     6.221    u_db_i/FSM_onehot_current_state[1]_i_1_n_0
    SLICE_X2Y106         FDRE                                         r  u_db_i/FSM_onehot_current_state_reg[1]/D
  -------------------------------------------------------------------    -------------------

                         (clock sys_clk_pin rise edge)
                                                      0.000     0.000 r  
    E3                                                0.000     0.000 r  CLK100MHZ (IN)
                         net (fo=0)                   0.000     0.000    CLK100MHZ
    E3                   IBUF (Prop_ibuf_I_O)         1.411     1.411 r  CLK100MHZ_IBUF_inst/O
                         net (fo=1, routed)           1.920     3.331    CLK100MHZ_IBUF
    BUFGCTRL_X0Y16       BUFG (Prop_bufg_I_O)         0.091     3.422 r  CLK100MHZ_IBUF_BUFG_inst/O
                         net (fo=53, routed)          1.589     5.011    u_db_i/CLK100MHZ_IBUF_BUFG
    SLICE_X2Y106         FDRE                                         r  u_db_i/FSM_onehot_current_state_reg[1]/C

Slack:                    inf
  Source:                 BTNR
                            (input port)
  Destination:            u_db_m/FSM_onehot_current_state_reg[1]/D
                            (rising edge-triggered cell FDRE clocked by sys_clk_pin  {rise@0.000ns fall@5.000ns period=10.000ns})
  Path Group:             (none)
  Path Type:              Setup (Max at Slow Process Corner)
  Data Path Delay:        5.961ns  (logic 2.069ns (34.718%)  route 3.891ns (65.282%))
  Logic Levels:           4  (IBUF=1 LUT3=2 LUT5=1)
  Clock Path Skew:        5.009ns (DCD - SCD + CPR)
    Destination Clock Delay (DCD):    5.009ns
    Source Clock Delay      (SCD):    0.000ns
    Clock Pessimism Removal (CPR):    0.000ns
  Clock Uncertainty:      0.025ns  ((TSJ^2 + TIJ^2)^1/2 + DJ) / 2 + PE
    Total System Jitter     (TSJ):    0.050ns
    Total Input Jitter      (TIJ):    0.000ns
    Discrete Jitter          (DJ):    0.000ns
    Phase Error              (PE):    0.000ns

    Location             Delay type                Incr(ns)  Path(ns)    Netlist Resource(s)
  -------------------------------------------------------------------    -------------------
    M17                                               0.000     0.000 r  BTNR (IN)
                         net (fo=0)                   0.000     0.000    BTNR
    M17                  IBUF (Prop_ibuf_I_O)         1.467     1.467 r  BTNR_IBUF_inst/O
                         net (fo=3, routed)           2.193     3.661    u_db_m/BTNR_IBUF
    SLICE_X3Y106         LUT3 (Prop_lut3_I1_O)        0.152     3.813 r  u_db_m/FSM_onehot_current_state[2]_i_3__0/O
                         net (fo=1, routed)           0.646     4.458    u_db_m/FSM_onehot_current_state[2]_i_3__0_n_0
    SLICE_X4Y106         LUT5 (Prop_lut5_I0_O)        0.326     4.784 r  u_db_m/FSM_onehot_current_state[2]_i_2__0/O
                         net (fo=3, routed)           0.574     5.359    u_db_m/FSM_onehot_current_state[2]_i_2__0_n_0
    SLICE_X3Y106         LUT3 (Prop_lut3_I1_O)        0.124     5.483 r  u_db_m/FSM_onehot_current_state[1]_i_1__0/O
                         net (fo=1, routed)           0.478     5.961    u_db_m/FSM_onehot_current_state[1]_i_1__0_n_0
    SLICE_X4Y106         FDRE                                         r  u_db_m/FSM_onehot_current_state_reg[1]/D
  -------------------------------------------------------------------    -------------------

                         (clock sys_clk_pin rise edge)
                                                      0.000     0.000 r  
    E3                                                0.000     0.000 r  CLK100MHZ (IN)
                         net (fo=0)                   0.000     0.000    CLK100MHZ
    E3                   IBUF (Prop_ibuf_I_O)         1.411     1.411 r  CLK100MHZ_IBUF_inst/O
                         net (fo=1, routed)           1.920     3.331    CLK100MHZ_IBUF
    BUFGCTRL_X0Y16       BUFG (Prop_bufg_I_O)         0.091     3.422 r  CLK100MHZ_IBUF_BUFG_inst/O
                         net (fo=53, routed)          1.587     5.009    u_db_m/CLK100MHZ_IBUF_BUFG
    SLICE_X4Y106         FDRE                                         r  u_db_m/FSM_onehot_current_state_reg[1]/C

Slack:                    inf
  Source:                 BTNL
                            (input port)
  Destination:            u_db_i/FSM_onehot_current_state_reg[0]/D
                            (rising edge-triggered cell FDSE clocked by sys_clk_pin  {rise@0.000ns fall@5.000ns period=10.000ns})
  Path Group:             (none)
  Path Type:              Setup (Max at Slow Process Corner)
  Data Path Delay:        5.826ns  (logic 1.860ns (31.922%)  route 3.967ns (68.078%))
  Logic Levels:           4  (IBUF=1 LUT3=2 LUT5=1)
  Clock Path Skew:        5.011ns (DCD - SCD + CPR)
    Destination Clock Delay (DCD):    5.011ns
    Source Clock Delay      (SCD):    0.000ns
    Clock Pessimism Removal (CPR):    0.000ns
  Clock Uncertainty:      0.025ns  ((TSJ^2 + TIJ^2)^1/2 + DJ) / 2 + PE
    Total System Jitter     (TSJ):    0.050ns
    Total Input Jitter      (TIJ):    0.000ns
    Discrete Jitter          (DJ):    0.000ns
    Phase Error              (PE):    0.000ns

    Location             Delay type                Incr(ns)  Path(ns)    Netlist Resource(s)
  -------------------------------------------------------------------    -------------------
    P17                                               0.000     0.000 r  BTNL (IN)
                         net (fo=0)                   0.000     0.000    BTNL
    P17                  IBUF (Prop_ibuf_I_O)         1.488     1.488 r  BTNL_IBUF_inst/O
                         net (fo=3, routed)           2.417     3.905    u_db_i/BTNL_IBUF
    SLICE_X2Y106         LUT3 (Prop_lut3_I1_O)        0.124     4.029 r  u_db_i/FSM_onehot_current_state[2]_i_4/O
                         net (fo=1, routed)           1.085     5.114    u_db_i/FSM_onehot_current_state[2]_i_4_n_0
    SLICE_X0Y106         LUT5 (Prop_lut5_I0_O)        0.124     5.238 r  u_db_i/FSM_onehot_current_state[2]_i_3/O
                         net (fo=3, routed)           0.465     5.702    u_db_i/FSM_onehot_current_state[2]_i_3_n_0
    SLICE_X2Y106         LUT3 (Prop_lut3_I1_O)        0.124     5.826 r  u_db_i/FSM_onehot_current_state[0]_i_1/O
                         net (fo=1, routed)           0.000     5.826    u_db_i/FSM_onehot_current_state[0]_i_1_n_0
    SLICE_X2Y106         FDSE                                         r  u_db_i/FSM_onehot_current_state_reg[0]/D
  -------------------------------------------------------------------    -------------------

                         (clock sys_clk_pin rise edge)
                                                      0.000     0.000 r  
    E3                                                0.000     0.000 r  CLK100MHZ (IN)
                         net (fo=0)                   0.000     0.000    CLK100MHZ
    E3                   IBUF (Prop_ibuf_I_O)         1.411     1.411 r  CLK100MHZ_IBUF_inst/O
                         net (fo=1, routed)           1.920     3.331    CLK100MHZ_IBUF
    BUFGCTRL_X0Y16       BUFG (Prop_bufg_I_O)         0.091     3.422 r  CLK100MHZ_IBUF_BUFG_inst/O
                         net (fo=53, routed)          1.589     5.011    u_db_i/CLK100MHZ_IBUF_BUFG
    SLICE_X2Y106         FDSE                                         r  u_db_i/FSM_onehot_current_state_reg[0]/C

Slack:                    inf
  Source:                 BTNL
                            (input port)
  Destination:            u_db_i/FSM_onehot_current_state_reg[2]/D
                            (rising edge-triggered cell FDRE clocked by sys_clk_pin  {rise@0.000ns fall@5.000ns period=10.000ns})
  Path Group:             (none)
  Path Type:              Setup (Max at Slow Process Corner)
  Data Path Delay:        5.797ns  (logic 1.860ns (32.082%)  route 3.938ns (67.918%))
  Logic Levels:           4  (IBUF=1 LUT3=2 LUT5=1)
  Clock Path Skew:        5.011ns (DCD - SCD + CPR)
    Destination Clock Delay (DCD):    5.011ns
    Source Clock Delay      (SCD):    0.000ns
    Clock Pessimism Removal (CPR):    0.000ns
  Clock Uncertainty:      0.025ns  ((TSJ^2 + TIJ^2)^1/2 + DJ) / 2 + PE
    Total System Jitter     (TSJ):    0.050ns
    Total Input Jitter      (TIJ):    0.000ns
    Discrete Jitter          (DJ):    0.000ns
    Phase Error              (PE):    0.000ns

    Location             Delay type                Incr(ns)  Path(ns)    Netlist Resource(s)
  -------------------------------------------------------------------    -------------------
    P17                                               0.000     0.000 r  BTNL (IN)
                         net (fo=0)                   0.000     0.000    BTNL
    P17                  IBUF (Prop_ibuf_I_O)         1.488     1.488 r  BTNL_IBUF_inst/O
                         net (fo=3, routed)           2.417     3.905    u_db_i/BTNL_IBUF
    SLICE_X2Y106         LUT3 (Prop_lut3_I1_O)        0.124     4.029 r  u_db_i/FSM_onehot_current_state[2]_i_4/O
                         net (fo=1, routed)           1.085     5.114    u_db_i/FSM_onehot_current_state[2]_i_4_n_0
    SLICE_X0Y106         LUT5 (Prop_lut5_I0_O)        0.124     5.238 r  u_db_i/FSM_onehot_current_state[2]_i_3/O
                         net (fo=3, routed)           0.436     5.673    u_db_i/FSM_onehot_current_state[2]_i_3_n_0
    SLICE_X2Y106         LUT3 (Prop_lut3_I1_O)        0.124     5.797 r  u_db_i/FSM_onehot_current_state[2]_i_2/O
                         net (fo=1, routed)           0.000     5.797    u_db_i/FSM_onehot_current_state[2]_i_2_n_0
    SLICE_X2Y106         FDRE                                         r  u_db_i/FSM_onehot_current_state_reg[2]/D
  -------------------------------------------------------------------    -------------------

                         (clock sys_clk_pin rise edge)
                                                      0.000     0.000 r  
    E3                                                0.000     0.000 r  CLK100MHZ (IN)
                         net (fo=0)                   0.000     0.000    CLK100MHZ
    E3                   IBUF (Prop_ibuf_I_O)         1.411     1.411 r  CLK100MHZ_IBUF_inst/O
                         net (fo=1, routed)           1.920     3.331    CLK100MHZ_IBUF
    BUFGCTRL_X0Y16       BUFG (Prop_bufg_I_O)         0.091     3.422 r  CLK100MHZ_IBUF_BUFG_inst/O
                         net (fo=53, routed)          1.589     5.011    u_db_i/CLK100MHZ_IBUF_BUFG
    SLICE_X2Y106         FDRE                                         r  u_db_i/FSM_onehot_current_state_reg[2]/C

Slack:                    inf
  Source:                 BTNL
                            (input port)
  Destination:            u_db_i/count_reg[16]/R
                            (rising edge-triggered cell FDRE clocked by sys_clk_pin  {rise@0.000ns fall@5.000ns period=10.000ns})
  Path Group:             (none)
  Path Type:              Setup (Max at Slow Process Corner)
  Data Path Delay:        5.783ns  (logic 1.612ns (27.872%)  route 4.171ns (72.128%))
  Logic Levels:           2  (IBUF=1 LUT3=1)
  Clock Path Skew:        5.010ns (DCD - SCD + CPR)
    Destination Clock Delay (DCD):    5.010ns
    Source Clock Delay      (SCD):    0.000ns
    Clock Pessimism Removal (CPR):    0.000ns
  Clock Uncertainty:      0.025ns  ((TSJ^2 + TIJ^2)^1/2 + DJ) / 2 + PE
    Total System Jitter     (TSJ):    0.050ns
    Total Input Jitter      (TIJ):    0.000ns
    Discrete Jitter          (DJ):    0.000ns
    Phase Error              (PE):    0.000ns

    Location             Delay type                Incr(ns)  Path(ns)    Netlist Resource(s)
  -------------------------------------------------------------------    -------------------
    P17                                               0.000     0.000 r  BTNL (IN)
                         net (fo=0)                   0.000     0.000    BTNL
    P17                  IBUF (Prop_ibuf_I_O)         1.488     1.488 r  BTNL_IBUF_inst/O
                         net (fo=3, routed)           2.931     4.419    u_db_i/BTNL_IBUF
    SLICE_X0Y106         LUT3 (Prop_lut3_I1_O)        0.124     4.543 r  u_db_i/count[0]_i_1/O
                         net (fo=20, routed)          1.240     5.783    u_db_i/count[0]_i_1_n_0
    SLICE_X1Y108         FDRE                                         r  u_db_i/count_reg[16]/R
  -------------------------------------------------------------------    -------------------

                         (clock sys_clk_pin rise edge)
                                                      0.000     0.000 r  
    E3                                                0.000     0.000 r  CLK100MHZ (IN)
                         net (fo=0)                   0.000     0.000    CLK100MHZ
    E3                   IBUF (Prop_ibuf_I_O)         1.411     1.411 r  CLK100MHZ_IBUF_inst/O
                         net (fo=1, routed)           1.920     3.331    CLK100MHZ_IBUF
    BUFGCTRL_X0Y16       BUFG (Prop_bufg_I_O)         0.091     3.422 r  CLK100MHZ_IBUF_BUFG_inst/O
                         net (fo=53, routed)          1.588     5.010    u_db_i/CLK100MHZ_IBUF_BUFG
    SLICE_X1Y108         FDRE                                         r  u_db_i/count_reg[16]/C

Slack:                    inf
  Source:                 BTNL
                            (input port)
  Destination:            u_db_i/count_reg[17]/R
                            (rising edge-triggered cell FDRE clocked by sys_clk_pin  {rise@0.000ns fall@5.000ns period=10.000ns})
  Path Group:             (none)
  Path Type:              Setup (Max at Slow Process Corner)
  Data Path Delay:        5.783ns  (logic 1.612ns (27.872%)  route 4.171ns (72.128%))
  Logic Levels:           2  (IBUF=1 LUT3=1)
  Clock Path Skew:        5.010ns (DCD - SCD + CPR)
    Destination Clock Delay (DCD):    5.010ns
    Source Clock Delay      (SCD):    0.000ns
    Clock Pessimism Removal (CPR):    0.000ns
  Clock Uncertainty:      0.025ns  ((TSJ^2 + TIJ^2)^1/2 + DJ) / 2 + PE
    Total System Jitter     (TSJ):    0.050ns
    Total Input Jitter      (TIJ):    0.000ns
    Discrete Jitter          (DJ):    0.000ns
    Phase Error              (PE):    0.000ns

    Location             Delay type                Incr(ns)  Path(ns)    Netlist Resource(s)
  -------------------------------------------------------------------    -------------------
    P17                                               0.000     0.000 r  BTNL (IN)
                         net (fo=0)                   0.000     0.000    BTNL
    P17                  IBUF (Prop_ibuf_I_O)         1.488     1.488 r  BTNL_IBUF_inst/O
                         net (fo=3, routed)           2.931     4.419    u_db_i/BTNL_IBUF
    SLICE_X0Y106         LUT3 (Prop_lut3_I1_O)        0.124     4.543 r  u_db_i/count[0]_i_1/O
                         net (fo=20, routed)          1.240     5.783    u_db_i/count[0]_i_1_n_0
    SLICE_X1Y108         FDRE                                         r  u_db_i/count_reg[17]/R
  -------------------------------------------------------------------    -------------------

                         (clock sys_clk_pin rise edge)
                                                      0.000     0.000 r  
    E3                                                0.000     0.000 r  CLK100MHZ (IN)
                         net (fo=0)                   0.000     0.000    CLK100MHZ
    E3                   IBUF (Prop_ibuf_I_O)         1.411     1.411 r  CLK100MHZ_IBUF_inst/O
                         net (fo=1, routed)           1.920     3.331    CLK100MHZ_IBUF
    BUFGCTRL_X0Y16       BUFG (Prop_bufg_I_O)         0.091     3.422 r  CLK100MHZ_IBUF_BUFG_inst/O
                         net (fo=53, routed)          1.588     5.010    u_db_i/CLK100MHZ_IBUF_BUFG
    SLICE_X1Y108         FDRE                                         r  u_db_i/count_reg[17]/C

Slack:                    inf
  Source:                 BTNL
                            (input port)
  Destination:            u_db_i/count_reg[18]/R
                            (rising edge-triggered cell FDRE clocked by sys_clk_pin  {rise@0.000ns fall@5.000ns period=10.000ns})
  Path Group:             (none)
  Path Type:              Setup (Max at Slow Process Corner)
  Data Path Delay:        5.783ns  (logic 1.612ns (27.872%)  route 4.171ns (72.128%))
  Logic Levels:           2  (IBUF=1 LUT3=1)
  Clock Path Skew:        5.010ns (DCD - SCD + CPR)
    Destination Clock Delay (DCD):    5.010ns
    Source Clock Delay      (SCD):    0.000ns
    Clock Pessimism Removal (CPR):    0.000ns
  Clock Uncertainty:      0.025ns  ((TSJ^2 + TIJ^2)^1/2 + DJ) / 2 + PE
    Total System Jitter     (TSJ):    0.050ns
    Total Input Jitter      (TIJ):    0.000ns
    Discrete Jitter          (DJ):    0.000ns
    Phase Error              (PE):    0.000ns

    Location             Delay type                Incr(ns)  Path(ns)    Netlist Resource(s)
  -------------------------------------------------------------------    -------------------
    P17                                               0.000     0.000 r  BTNL (IN)
                         net (fo=0)                   0.000     0.000    BTNL
    P17                  IBUF (Prop_ibuf_I_O)         1.488     1.488 r  BTNL_IBUF_inst/O
                         net (fo=3, routed)           2.931     4.419    u_db_i/BTNL_IBUF
    SLICE_X0Y106         LUT3 (Prop_lut3_I1_O)        0.124     4.543 r  u_db_i/count[0]_i_1/O
                         net (fo=20, routed)          1.240     5.783    u_db_i/count[0]_i_1_n_0
    SLICE_X1Y108         FDRE                                         r  u_db_i/count_reg[18]/R
  -------------------------------------------------------------------    -------------------

                         (clock sys_clk_pin rise edge)
                                                      0.000     0.000 r  
    E3                                                0.000     0.000 r  CLK100MHZ (IN)
                         net (fo=0)                   0.000     0.000    CLK100MHZ
    E3                   IBUF (Prop_ibuf_I_O)         1.411     1.411 r  CLK100MHZ_IBUF_inst/O
                         net (fo=1, routed)           1.920     3.331    CLK100MHZ_IBUF
    BUFGCTRL_X0Y16       BUFG (Prop_bufg_I_O)         0.091     3.422 r  CLK100MHZ_IBUF_BUFG_inst/O
                         net (fo=53, routed)          1.588     5.010    u_db_i/CLK100MHZ_IBUF_BUFG
    SLICE_X1Y108         FDRE                                         r  u_db_i/count_reg[18]/C

Slack:                    inf
  Source:                 BTNL
                            (input port)
  Destination:            u_db_i/count_reg[19]/R
                            (rising edge-triggered cell FDRE clocked by sys_clk_pin  {rise@0.000ns fall@5.000ns period=10.000ns})
  Path Group:             (none)
  Path Type:              Setup (Max at Slow Process Corner)
  Data Path Delay:        5.783ns  (logic 1.612ns (27.872%)  route 4.171ns (72.128%))
  Logic Levels:           2  (IBUF=1 LUT3=1)
  Clock Path Skew:        5.010ns (DCD - SCD + CPR)
    Destination Clock Delay (DCD):    5.010ns
    Source Clock Delay      (SCD):    0.000ns
    Clock Pessimism Removal (CPR):    0.000ns
  Clock Uncertainty:      0.025ns  ((TSJ^2 + TIJ^2)^1/2 + DJ) / 2 + PE
    Total System Jitter     (TSJ):    0.050ns
    Total Input Jitter      (TIJ):    0.000ns
    Discrete Jitter          (DJ):    0.000ns
    Phase Error              (PE):    0.000ns

    Location             Delay type                Incr(ns)  Path(ns)    Netlist Resource(s)
  -------------------------------------------------------------------    -------------------
    P17                                               0.000     0.000 r  BTNL (IN)
                         net (fo=0)                   0.000     0.000    BTNL
    P17                  IBUF (Prop_ibuf_I_O)         1.488     1.488 r  BTNL_IBUF_inst/O
                         net (fo=3, routed)           2.931     4.419    u_db_i/BTNL_IBUF
    SLICE_X0Y106         LUT3 (Prop_lut3_I1_O)        0.124     4.543 r  u_db_i/count[0]_i_1/O
                         net (fo=20, routed)          1.240     5.783    u_db_i/count[0]_i_1_n_0
    SLICE_X1Y108         FDRE                                         r  u_db_i/count_reg[19]/R
  -------------------------------------------------------------------    -------------------

                         (clock sys_clk_pin rise edge)
                                                      0.000     0.000 r  
    E3                                                0.000     0.000 r  CLK100MHZ (IN)
                         net (fo=0)                   0.000     0.000    CLK100MHZ
    E3                   IBUF (Prop_ibuf_I_O)         1.411     1.411 r  CLK100MHZ_IBUF_inst/O
                         net (fo=1, routed)           1.920     3.331    CLK100MHZ_IBUF
    BUFGCTRL_X0Y16       BUFG (Prop_bufg_I_O)         0.091     3.422 r  CLK100MHZ_IBUF_BUFG_inst/O
                         net (fo=53, routed)          1.588     5.010    u_db_i/CLK100MHZ_IBUF_BUFG
    SLICE_X1Y108         FDRE                                         r  u_db_i/count_reg[19]/C

Slack:                    inf
  Source:                 BTNL
                            (input port)
  Destination:            u_db_i/count_reg[12]/R
                            (rising edge-triggered cell FDRE clocked by sys_clk_pin  {rise@0.000ns fall@5.000ns period=10.000ns})
  Path Group:             (none)
  Path Type:              Setup (Max at Slow Process Corner)
  Data Path Delay:        5.645ns  (logic 1.612ns (28.556%)  route 4.033ns (71.444%))
  Logic Levels:           2  (IBUF=1 LUT3=1)
  Clock Path Skew:        5.010ns (DCD - SCD + CPR)
    Destination Clock Delay (DCD):    5.010ns
    Source Clock Delay      (SCD):    0.000ns
    Clock Pessimism Removal (CPR):    0.000ns
  Clock Uncertainty:      0.025ns  ((TSJ^2 + TIJ^2)^1/2 + DJ) / 2 + PE
    Total System Jitter     (TSJ):    0.050ns
    Total Input Jitter      (TIJ):    0.000ns
    Discrete Jitter          (DJ):    0.000ns
    Phase Error              (PE):    0.000ns

    Location             Delay type                Incr(ns)  Path(ns)    Netlist Resource(s)
  -------------------------------------------------------------------    -------------------
    P17                                               0.000     0.000 r  BTNL (IN)
                         net (fo=0)                   0.000     0.000    BTNL
    P17                  IBUF (Prop_ibuf_I_O)         1.488     1.488 r  BTNL_IBUF_inst/O
                         net (fo=3, routed)           2.931     4.419    u_db_i/BTNL_IBUF
    SLICE_X0Y106         LUT3 (Prop_lut3_I1_O)        0.124     4.543 r  u_db_i/count[0]_i_1/O
                         net (fo=20, routed)          1.102     5.645    u_db_i/count[0]_i_1_n_0
    SLICE_X1Y107         FDRE                                         r  u_db_i/count_reg[12]/R
  -------------------------------------------------------------------    -------------------

                         (clock sys_clk_pin rise edge)
                                                      0.000     0.000 r  
    E3                                                0.000     0.000 r  CLK100MHZ (IN)
                         net (fo=0)                   0.000     0.000    CLK100MHZ
    E3                   IBUF (Prop_ibuf_I_O)         1.411     1.411 r  CLK100MHZ_IBUF_inst/O
                         net (fo=1, routed)           1.920     3.331    CLK100MHZ_IBUF
    BUFGCTRL_X0Y16       BUFG (Prop_bufg_I_O)         0.091     3.422 r  CLK100MHZ_IBUF_BUFG_inst/O
                         net (fo=53, routed)          1.588     5.010    u_db_i/CLK100MHZ_IBUF_BUFG
    SLICE_X1Y107         FDRE                                         r  u_db_i/count_reg[12]/C

Slack:                    inf
  Source:                 BTNL
                            (input port)
  Destination:            u_db_i/count_reg[13]/R
                            (rising edge-triggered cell FDRE clocked by sys_clk_pin  {rise@0.000ns fall@5.000ns period=10.000ns})
  Path Group:             (none)
  Path Type:              Setup (Max at Slow Process Corner)
  Data Path Delay:        5.645ns  (logic 1.612ns (28.556%)  route 4.033ns (71.444%))
  Logic Levels:           2  (IBUF=1 LUT3=1)
  Clock Path Skew:        5.010ns (DCD - SCD + CPR)
    Destination Clock Delay (DCD):    5.010ns
    Source Clock Delay      (SCD):    0.000ns
    Clock Pessimism Removal (CPR):    0.000ns
  Clock Uncertainty:      0.025ns  ((TSJ^2 + TIJ^2)^1/2 + DJ) / 2 + PE
    Total System Jitter     (TSJ):    0.050ns
    Total Input Jitter      (TIJ):    0.000ns
    Discrete Jitter          (DJ):    0.000ns
    Phase Error              (PE):    0.000ns

    Location             Delay type                Incr(ns)  Path(ns)    Netlist Resource(s)
  -------------------------------------------------------------------    -------------------
    P17                                               0.000     0.000 r  BTNL (IN)
                         net (fo=0)                   0.000     0.000    BTNL
    P17                  IBUF (Prop_ibuf_I_O)         1.488     1.488 r  BTNL_IBUF_inst/O
                         net (fo=3, routed)           2.931     4.419    u_db_i/BTNL_IBUF
    SLICE_X0Y106         LUT3 (Prop_lut3_I1_O)        0.124     4.543 r  u_db_i/count[0]_i_1/O
                         net (fo=20, routed)          1.102     5.645    u_db_i/count[0]_i_1_n_0
    SLICE_X1Y107         FDRE                                         r  u_db_i/count_reg[13]/R
  -------------------------------------------------------------------    -------------------

                         (clock sys_clk_pin rise edge)
                                                      0.000     0.000 r  
    E3                                                0.000     0.000 r  CLK100MHZ (IN)
                         net (fo=0)                   0.000     0.000    CLK100MHZ
    E3                   IBUF (Prop_ibuf_I_O)         1.411     1.411 r  CLK100MHZ_IBUF_inst/O
                         net (fo=1, routed)           1.920     3.331    CLK100MHZ_IBUF
    BUFGCTRL_X0Y16       BUFG (Prop_bufg_I_O)         0.091     3.422 r  CLK100MHZ_IBUF_BUFG_inst/O
                         net (fo=53, routed)          1.588     5.010    u_db_i/CLK100MHZ_IBUF_BUFG
    SLICE_X1Y107         FDRE                                         r  u_db_i/count_reg[13]/C





Min Delay Paths
--------------------------------------------------------------------------------------
Slack:                    inf
  Source:                 SW[0]
                            (input port)
  Destination:            u_in/detect_input_reg/D
                            (rising edge-triggered cell FDRE clocked by sys_clk_pin  {rise@0.000ns fall@5.000ns period=10.000ns})
  Path Group:             (none)
  Path Type:              Hold (Min at Fast Process Corner)
  Data Path Delay:        0.620ns  (logic 0.245ns (39.583%)  route 0.375ns (60.417%))
  Logic Levels:           1  (IBUF=1)
  Clock Path Skew:        2.036ns (DCD - SCD - CPR)
    Destination Clock Delay (DCD):    2.036ns
    Source Clock Delay      (SCD):    0.000ns
    Clock Pessimism Removal (CPR):    -0.000ns

    Location             Delay type                Incr(ns)  Path(ns)    Netlist Resource(s)
  -------------------------------------------------------------------    -------------------
    J15                                               0.000     0.000 r  SW[0] (IN)
                         net (fo=0)                   0.000     0.000    SW[0]
    J15                  IBUF (Prop_ibuf_I_O)         0.245     0.245 r  SW_IBUF[0]_inst/O
                         net (fo=1, routed)           0.375     0.620    u_in/SW_IBUF[0]
    SLICE_X0Y104         FDRE                                         r  u_in/detect_input_reg/D
  -------------------------------------------------------------------    -------------------

                         (clock sys_clk_pin rise edge)
                                                      0.000     0.000 r  
    E3                                                0.000     0.000 r  CLK100MHZ (IN)
                         net (fo=0)                   0.000     0.000    CLK100MHZ
    E3                   IBUF (Prop_ibuf_I_O)         0.438     0.438 r  CLK100MHZ_IBUF_inst/O
                         net (fo=1, routed)           0.699     1.136    CLK100MHZ_IBUF
    BUFGCTRL_X0Y16       BUFG (Prop_bufg_I_O)         0.029     1.165 r  CLK100MHZ_IBUF_BUFG_inst/O
                         net (fo=53, routed)          0.871     2.036    u_in/CLK100MHZ_IBUF_BUFG
    SLICE_X0Y104         FDRE                                         r  u_in/detect_input_reg/C

Slack:                    inf
  Source:                 SW[1]
                            (input port)
  Destination:            u_in/detect_m_reg/D
                            (rising edge-triggered cell FDRE clocked by sys_clk_pin  {rise@0.000ns fall@5.000ns period=10.000ns})
  Path Group:             (none)
  Path Type:              Hold (Min at Fast Process Corner)
  Data Path Delay:        0.770ns  (logic 0.247ns (32.134%)  route 0.523ns (67.866%))
  Logic Levels:           1  (IBUF=1)
  Clock Path Skew:        2.036ns (DCD - SCD - CPR)
    Destination Clock Delay (DCD):    2.036ns
    Source Clock Delay      (SCD):    0.000ns
    Clock Pessimism Removal (CPR):    -0.000ns

    Location             Delay type                Incr(ns)  Path(ns)    Netlist Resource(s)
  -------------------------------------------------------------------    -------------------
    L16                                               0.000     0.000 r  SW[1] (IN)
                         net (fo=0)                   0.000     0.000    SW[1]
    L16                  IBUF (Prop_ibuf_I_O)         0.247     0.247 r  SW_IBUF[1]_inst/O
                         net (fo=1, routed)           0.523     0.770    u_in/SW_IBUF[1]
    SLICE_X0Y106         FDRE                                         r  u_in/detect_m_reg/D
  -------------------------------------------------------------------    -------------------

                         (clock sys_clk_pin rise edge)
                                                      0.000     0.000 r  
    E3                                                0.000     0.000 r  CLK100MHZ (IN)
                         net (fo=0)                   0.000     0.000    CLK100MHZ
    E3                   IBUF (Prop_ibuf_I_O)         0.438     0.438 r  CLK100MHZ_IBUF_inst/O
                         net (fo=1, routed)           0.699     1.136    CLK100MHZ_IBUF
    BUFGCTRL_X0Y16       BUFG (Prop_bufg_I_O)         0.029     1.165 r  CLK100MHZ_IBUF_BUFG_inst/O
                         net (fo=53, routed)          0.871     2.036    u_in/CLK100MHZ_IBUF_BUFG
    SLICE_X0Y106         FDRE                                         r  u_in/detect_m_reg/C

Slack:                    inf
  Source:                 BTNR
                            (input port)
  Destination:            u_db_m/count_reg[10]/R
                            (rising edge-triggered cell FDRE clocked by sys_clk_pin  {rise@0.000ns fall@5.000ns period=10.000ns})
  Path Group:             (none)
  Path Type:              Hold (Min at Fast Process Corner)
  Data Path Delay:        1.159ns  (logic 0.283ns (24.462%)  route 0.875ns (75.538%))
  Logic Levels:           2  (IBUF=1 LUT3=1)
  Clock Path Skew:        2.033ns (DCD - SCD - CPR)
    Destination Clock Delay (DCD):    2.033ns
    Source Clock Delay      (SCD):    0.000ns
    Clock Pessimism Removal (CPR):    -0.000ns

    Location             Delay type                Incr(ns)  Path(ns)    Netlist Resource(s)
  -------------------------------------------------------------------    -------------------
    M17                                               0.000     0.000 r  BTNR (IN)
                         net (fo=0)                   0.000     0.000    BTNR
    M17                  IBUF (Prop_ibuf_I_O)         0.235     0.235 r  BTNR_IBUF_inst/O
                         net (fo=3, routed)           0.686     0.921    u_db_m/BTNR_IBUF
    SLICE_X0Y106         LUT3 (Prop_lut3_I1_O)        0.048     0.969 r  u_db_m/count[0]_i_1__0/O
                         net (fo=20, routed)          0.189     1.159    u_db_m/count[0]_i_1__0_n_0
    SLICE_X5Y106         FDRE                                         r  u_db_m/count_reg[10]/R
  -------------------------------------------------------------------    -------------------

                         (clock sys_clk_pin rise edge)
                                                      0.000     0.000 r  
    E3                                                0.000     0.000 r  CLK100MHZ (IN)
                         net (fo=0)                   0.000     0.000    CLK100MHZ
    E3                   IBUF (Prop_ibuf_I_O)         0.438     0.438 r  CLK100MHZ_IBUF_inst/O
                         net (fo=1, routed)           0.699     1.136    CLK100MHZ_IBUF
    BUFGCTRL_X0Y16       BUFG (Prop_bufg_I_O)         0.029     1.165 r  CLK100MHZ_IBUF_BUFG_inst/O
                         net (fo=53, routed)          0.867     2.033    u_db_m/CLK100MHZ_IBUF_BUFG
    SLICE_X5Y106         FDRE                                         r  u_db_m/count_reg[10]/C

Slack:                    inf
  Source:                 BTNR
                            (input port)
  Destination:            u_db_m/count_reg[11]/R
                            (rising edge-triggered cell FDRE clocked by sys_clk_pin  {rise@0.000ns fall@5.000ns period=10.000ns})
  Path Group:             (none)
  Path Type:              Hold (Min at Fast Process Corner)
  Data Path Delay:        1.159ns  (logic 0.283ns (24.462%)  route 0.875ns (75.538%))
  Logic Levels:           2  (IBUF=1 LUT3=1)
  Clock Path Skew:        2.033ns (DCD - SCD - CPR)
    Destination Clock Delay (DCD):    2.033ns
    Source Clock Delay      (SCD):    0.000ns
    Clock Pessimism Removal (CPR):    -0.000ns

    Location             Delay type                Incr(ns)  Path(ns)    Netlist Resource(s)
  -------------------------------------------------------------------    -------------------
    M17                                               0.000     0.000 r  BTNR (IN)
                         net (fo=0)                   0.000     0.000    BTNR
    M17                  IBUF (Prop_ibuf_I_O)         0.235     0.235 r  BTNR_IBUF_inst/O
                         net (fo=3, routed)           0.686     0.921    u_db_m/BTNR_IBUF
    SLICE_X0Y106         LUT3 (Prop_lut3_I1_O)        0.048     0.969 r  u_db_m/count[0]_i_1__0/O
                         net (fo=20, routed)          0.189     1.159    u_db_m/count[0]_i_1__0_n_0
    SLICE_X5Y106         FDRE                                         r  u_db_m/count_reg[11]/R
  -------------------------------------------------------------------    -------------------

                         (clock sys_clk_pin rise edge)
                                                      0.000     0.000 r  
    E3                                                0.000     0.000 r  CLK100MHZ (IN)
                         net (fo=0)                   0.000     0.000    CLK100MHZ
    E3                   IBUF (Prop_ibuf_I_O)         0.438     0.438 r  CLK100MHZ_IBUF_inst/O
                         net (fo=1, routed)           0.699     1.136    CLK100MHZ_IBUF
    BUFGCTRL_X0Y16       BUFG (Prop_bufg_I_O)         0.029     1.165 r  CLK100MHZ_IBUF_BUFG_inst/O
                         net (fo=53, routed)          0.867     2.033    u_db_m/CLK100MHZ_IBUF_BUFG
    SLICE_X5Y106         FDRE                                         r  u_db_m/count_reg[11]/C

Slack:                    inf
  Source:                 BTNR
                            (input port)
  Destination:            u_db_m/count_reg[8]/R
                            (rising edge-triggered cell FDRE clocked by sys_clk_pin  {rise@0.000ns fall@5.000ns period=10.000ns})
  Path Group:             (none)
  Path Type:              Hold (Min at Fast Process Corner)
  Data Path Delay:        1.159ns  (logic 0.283ns (24.462%)  route 0.875ns (75.538%))
  Logic Levels:           2  (IBUF=1 LUT3=1)
  Clock Path Skew:        2.033ns (DCD - SCD - CPR)
    Destination Clock Delay (DCD):    2.033ns
    Source Clock Delay      (SCD):    0.000ns
    Clock Pessimism Removal (CPR):    -0.000ns

    Location             Delay type                Incr(ns)  Path(ns)    Netlist Resource(s)
  -------------------------------------------------------------------    -------------------
    M17                                               0.000     0.000 r  BTNR (IN)
                         net (fo=0)                   0.000     0.000    BTNR
    M17                  IBUF (Prop_ibuf_I_O)         0.235     0.235 r  BTNR_IBUF_inst/O
                         net (fo=3, routed)           0.686     0.921    u_db_m/BTNR_IBUF
    SLICE_X0Y106         LUT3 (Prop_lut3_I1_O)        0.048     0.969 r  u_db_m/count[0]_i_1__0/O
                         net (fo=20, routed)          0.189     1.159    u_db_m/count[0]_i_1__0_n_0
    SLICE_X5Y106         FDRE                                         r  u_db_m/count_reg[8]/R
  -------------------------------------------------------------------    -------------------

                         (clock sys_clk_pin rise edge)
                                                      0.000     0.000 r  
    E3                                                0.000     0.000 r  CLK100MHZ (IN)
                         net (fo=0)                   0.000     0.000    CLK100MHZ
    E3                   IBUF (Prop_ibuf_I_O)         0.438     0.438 r  CLK100MHZ_IBUF_inst/O
                         net (fo=1, routed)           0.699     1.136    CLK100MHZ_IBUF
    BUFGCTRL_X0Y16       BUFG (Prop_bufg_I_O)         0.029     1.165 r  CLK100MHZ_IBUF_BUFG_inst/O
                         net (fo=53, routed)          0.867     2.033    u_db_m/CLK100MHZ_IBUF_BUFG
    SLICE_X5Y106         FDRE                                         r  u_db_m/count_reg[8]/C

Slack:                    inf
  Source:                 BTNR
                            (input port)
  Destination:            u_db_m/count_reg[9]/R
                            (rising edge-triggered cell FDRE clocked by sys_clk_pin  {rise@0.000ns fall@5.000ns period=10.000ns})
  Path Group:             (none)
  Path Type:              Hold (Min at Fast Process Corner)
  Data Path Delay:        1.159ns  (logic 0.283ns (24.462%)  route 0.875ns (75.538%))
  Logic Levels:           2  (IBUF=1 LUT3=1)
  Clock Path Skew:        2.033ns (DCD - SCD - CPR)
    Destination Clock Delay (DCD):    2.033ns
    Source Clock Delay      (SCD):    0.000ns
    Clock Pessimism Removal (CPR):    -0.000ns

    Location             Delay type                Incr(ns)  Path(ns)    Netlist Resource(s)
  -------------------------------------------------------------------    -------------------
    M17                                               0.000     0.000 r  BTNR (IN)
                         net (fo=0)                   0.000     0.000    BTNR
    M17                  IBUF (Prop_ibuf_I_O)         0.235     0.235 r  BTNR_IBUF_inst/O
                         net (fo=3, routed)           0.686     0.921    u_db_m/BTNR_IBUF
    SLICE_X0Y106         LUT3 (Prop_lut3_I1_O)        0.048     0.969 r  u_db_m/count[0]_i_1__0/O
                         net (fo=20, routed)          0.189     1.159    u_db_m/count[0]_i_1__0_n_0
    SLICE_X5Y106         FDRE                                         r  u_db_m/count_reg[9]/R
  -------------------------------------------------------------------    -------------------

                         (clock sys_clk_pin rise edge)
                                                      0.000     0.000 r  
    E3                                                0.000     0.000 r  CLK100MHZ (IN)
                         net (fo=0)                   0.000     0.000    CLK100MHZ
    E3                   IBUF (Prop_ibuf_I_O)         0.438     0.438 r  CLK100MHZ_IBUF_inst/O
                         net (fo=1, routed)           0.699     1.136    CLK100MHZ_IBUF
    BUFGCTRL_X0Y16       BUFG (Prop_bufg_I_O)         0.029     1.165 r  CLK100MHZ_IBUF_BUFG_inst/O
                         net (fo=53, routed)          0.867     2.033    u_db_m/CLK100MHZ_IBUF_BUFG
    SLICE_X5Y106         FDRE                                         r  u_db_m/count_reg[9]/C

Slack:                    inf
  Source:                 BTNR
                            (input port)
  Destination:            u_db_m/count_reg[4]/R
                            (rising edge-triggered cell FDRE clocked by sys_clk_pin  {rise@0.000ns fall@5.000ns period=10.000ns})
  Path Group:             (none)
  Path Type:              Hold (Min at Fast Process Corner)
  Data Path Delay:        1.211ns  (logic 0.283ns (23.394%)  route 0.928ns (76.606%))
  Logic Levels:           2  (IBUF=1 LUT3=1)
  Clock Path Skew:        2.033ns (DCD - SCD - CPR)
    Destination Clock Delay (DCD):    2.033ns
    Source Clock Delay      (SCD):    0.000ns
    Clock Pessimism Removal (CPR):    -0.000ns

    Location             Delay type                Incr(ns)  Path(ns)    Netlist Resource(s)
  -------------------------------------------------------------------    -------------------
    M17                                               0.000     0.000 r  BTNR (IN)
                         net (fo=0)                   0.000     0.000    BTNR
    M17                  IBUF (Prop_ibuf_I_O)         0.235     0.235 r  BTNR_IBUF_inst/O
                         net (fo=3, routed)           0.686     0.921    u_db_m/BTNR_IBUF
    SLICE_X0Y106         LUT3 (Prop_lut3_I1_O)        0.048     0.969 r  u_db_m/count[0]_i_1__0/O
                         net (fo=20, routed)          0.242     1.211    u_db_m/count[0]_i_1__0_n_0
    SLICE_X5Y105         FDRE                                         r  u_db_m/count_reg[4]/R
  -------------------------------------------------------------------    -------------------

                         (clock sys_clk_pin rise edge)
                                                      0.000     0.000 r  
    E3                                                0.000     0.000 r  CLK100MHZ (IN)
                         net (fo=0)                   0.000     0.000    CLK100MHZ
    E3                   IBUF (Prop_ibuf_I_O)         0.438     0.438 r  CLK100MHZ_IBUF_inst/O
                         net (fo=1, routed)           0.699     1.136    CLK100MHZ_IBUF
    BUFGCTRL_X0Y16       BUFG (Prop_bufg_I_O)         0.029     1.165 r  CLK100MHZ_IBUF_BUFG_inst/O
                         net (fo=53, routed)          0.867     2.033    u_db_m/CLK100MHZ_IBUF_BUFG
    SLICE_X5Y105         FDRE                                         r  u_db_m/count_reg[4]/C

Slack:                    inf
  Source:                 BTNR
                            (input port)
  Destination:            u_db_m/count_reg[5]/R
                            (rising edge-triggered cell FDRE clocked by sys_clk_pin  {rise@0.000ns fall@5.000ns period=10.000ns})
  Path Group:             (none)
  Path Type:              Hold (Min at Fast Process Corner)
  Data Path Delay:        1.211ns  (logic 0.283ns (23.394%)  route 0.928ns (76.606%))
  Logic Levels:           2  (IBUF=1 LUT3=1)
  Clock Path Skew:        2.033ns (DCD - SCD - CPR)
    Destination Clock Delay (DCD):    2.033ns
    Source Clock Delay      (SCD):    0.000ns
    Clock Pessimism Removal (CPR):    -0.000ns

    Location             Delay type                Incr(ns)  Path(ns)    Netlist Resource(s)
  -------------------------------------------------------------------    -------------------
    M17                                               0.000     0.000 r  BTNR (IN)
                         net (fo=0)                   0.000     0.000    BTNR
    M17                  IBUF (Prop_ibuf_I_O)         0.235     0.235 r  BTNR_IBUF_inst/O
                         net (fo=3, routed)           0.686     0.921    u_db_m/BTNR_IBUF
    SLICE_X0Y106         LUT3 (Prop_lut3_I1_O)        0.048     0.969 r  u_db_m/count[0]_i_1__0/O
                         net (fo=20, routed)          0.242     1.211    u_db_m/count[0]_i_1__0_n_0
    SLICE_X5Y105         FDRE                                         r  u_db_m/count_reg[5]/R
  -------------------------------------------------------------------    -------------------

                         (clock sys_clk_pin rise edge)
                                                      0.000     0.000 r  
    E3                                                0.000     0.000 r  CLK100MHZ (IN)
                         net (fo=0)                   0.000     0.000    CLK100MHZ
    E3                   IBUF (Prop_ibuf_I_O)         0.438     0.438 r  CLK100MHZ_IBUF_inst/O
                         net (fo=1, routed)           0.699     1.136    CLK100MHZ_IBUF
    BUFGCTRL_X0Y16       BUFG (Prop_bufg_I_O)         0.029     1.165 r  CLK100MHZ_IBUF_BUFG_inst/O
                         net (fo=53, routed)          0.867     2.033    u_db_m/CLK100MHZ_IBUF_BUFG
    SLICE_X5Y105         FDRE                                         r  u_db_m/count_reg[5]/C

Slack:                    inf
  Source:                 BTNR
                            (input port)
  Destination:            u_db_m/count_reg[6]/R
                            (rising edge-triggered cell FDRE clocked by sys_clk_pin  {rise@0.000ns fall@5.000ns period=10.000ns})
  Path Group:             (none)
  Path Type:              Hold (Min at Fast Process Corner)
  Data Path Delay:        1.211ns  (logic 0.283ns (23.394%)  route 0.928ns (76.606%))
  Logic Levels:           2  (IBUF=1 LUT3=1)
  Clock Path Skew:        2.033ns (DCD - SCD - CPR)
    Destination Clock Delay (DCD):    2.033ns
    Source Clock Delay      (SCD):    0.000ns
    Clock Pessimism Removal (CPR):    -0.000ns

    Location             Delay type                Incr(ns)  Path(ns)    Netlist Resource(s)
  -------------------------------------------------------------------    -------------------
    M17                                               0.000     0.000 r  BTNR (IN)
                         net (fo=0)                   0.000     0.000    BTNR
    M17                  IBUF (Prop_ibuf_I_O)         0.235     0.235 r  BTNR_IBUF_inst/O
                         net (fo=3, routed)           0.686     0.921    u_db_m/BTNR_IBUF
    SLICE_X0Y106         LUT3 (Prop_lut3_I1_O)        0.048     0.969 r  u_db_m/count[0]_i_1__0/O
                         net (fo=20, routed)          0.242     1.211    u_db_m/count[0]_i_1__0_n_0
    SLICE_X5Y105         FDRE                                         r  u_db_m/count_reg[6]/R
  -------------------------------------------------------------------    -------------------

                         (clock sys_clk_pin rise edge)
                                                      0.000     0.000 r  
    E3                                                0.000     0.000 r  CLK100MHZ (IN)
                         net (fo=0)                   0.000     0.000    CLK100MHZ
    E3                   IBUF (Prop_ibuf_I_O)         0.438     0.438 r  CLK100MHZ_IBUF_inst/O
                         net (fo=1, routed)           0.699     1.136    CLK100MHZ_IBUF
    BUFGCTRL_X0Y16       BUFG (Prop_bufg_I_O)         0.029     1.165 r  CLK100MHZ_IBUF_BUFG_inst/O
                         net (fo=53, routed)          0.867     2.033    u_db_m/CLK100MHZ_IBUF_BUFG
    SLICE_X5Y105         FDRE                                         r  u_db_m/count_reg[6]/C

Slack:                    inf
  Source:                 BTNR
                            (input port)
  Destination:            u_db_m/count_reg[7]/R
                            (rising edge-triggered cell FDRE clocked by sys_clk_pin  {rise@0.000ns fall@5.000ns period=10.000ns})
  Path Group:             (none)
  Path Type:              Hold (Min at Fast Process Corner)
  Data Path Delay:        1.211ns  (logic 0.283ns (23.394%)  route 0.928ns (76.606%))
  Logic Levels:           2  (IBUF=1 LUT3=1)
  Clock Path Skew:        2.033ns (DCD - SCD - CPR)
    Destination Clock Delay (DCD):    2.033ns
    Source Clock Delay      (SCD):    0.000ns
    Clock Pessimism Removal (CPR):    -0.000ns

    Location             Delay type                Incr(ns)  Path(ns)    Netlist Resource(s)
  -------------------------------------------------------------------    -------------------
    M17                                               0.000     0.000 r  BTNR (IN)
                         net (fo=0)                   0.000     0.000    BTNR
    M17                  IBUF (Prop_ibuf_I_O)         0.235     0.235 r  BTNR_IBUF_inst/O
                         net (fo=3, routed)           0.686     0.921    u_db_m/BTNR_IBUF
    SLICE_X0Y106         LUT3 (Prop_lut3_I1_O)        0.048     0.969 r  u_db_m/count[0]_i_1__0/O
                         net (fo=20, routed)          0.242     1.211    u_db_m/count[0]_i_1__0_n_0
    SLICE_X5Y105         FDRE                                         r  u_db_m/count_reg[7]/R
  -------------------------------------------------------------------    -------------------

                         (clock sys_clk_pin rise edge)
                                                      0.000     0.000 r  
    E3                                                0.000     0.000 r  CLK100MHZ (IN)
                         net (fo=0)                   0.000     0.000    CLK100MHZ
    E3                   IBUF (Prop_ibuf_I_O)         0.438     0.438 r  CLK100MHZ_IBUF_inst/O
                         net (fo=1, routed)           0.699     1.136    CLK100MHZ_IBUF
    BUFGCTRL_X0Y16       BUFG (Prop_bufg_I_O)         0.029     1.165 r  CLK100MHZ_IBUF_BUFG_inst/O
                         net (fo=53, routed)          0.867     2.033    u_db_m/CLK100MHZ_IBUF_BUFG
    SLICE_X5Y105         FDRE                                         r  u_db_m/count_reg[7]/C





