Copyright 1986-2022 Xilinx, Inc. All Rights Reserved. Copyright 2022-2023 Advanced Micro Devices, Inc. All Rights Reserved.
---------------------------------------------------------------------------------------------------------------------------------------------------------------------------------------------------------------------
| Tool Version : Vivado v.2023.1 (win64) Build 3865809 Sun May  7 15:05:29 MDT 2023
| Date         : Thu Oct  1 20:31:13 2026
| Host         : MAGI-SYSTEM running 64-bit major release  (build 9200)
| Command      : report_timing_summary -max_paths 10 -report_unconstrained -file booth_tl_timing_summary_routed.rpt -pb booth_tl_timing_summary_routed.pb -rpx booth_tl_timing_summary_routed.rpx -warn_on_violation
| Design       : booth_tl
| Device       : 7a100t-csg324
| Speed File   : -1  PRODUCTION 1.23 2018-06-13
| Design State : Routed
---------------------------------------------------------------------------------------------------------------------------------------------------------------------------------------------------------------------

Timing Summary Report

------------------------------------------------------------------------------------------------
| Timer Settings
| --------------
------------------------------------------------------------------------------------------------

  Enable Multi Corner Analysis               :  Yes
  Enable Pessimism Removal                   :  Yes
  Pessimism Removal Resolution               :  Nearest Common Node
  Enable Input Delay Default Clock           :  No
  Enable Preset / Clear Arcs                 :  No
  Disable Flight Delays                      :  No
  Ignore I/O Paths                           :  No
  Timing Early Launch at Borrowing Latches   :  No
  Borrow Time for Max Delay Exceptions       :  Yes
  Merge Timing Exceptions                    :  Yes

  Corner  Analyze    Analyze    
  Name    Max Paths  Min Paths  
  ------  ---------  ---------  
  Slow    Yes        Yes        
  Fast    Yes        Yes        


------------------------------------------------------------------------------------------------
| Report Methodology
| ------------------
------------------------------------------------------------------------------------------------

Rule       Severity  Description                    Violations  
---------  --------  -----------------------------  ----------  
TIMING-18  Warning   Missing input or output delay  35          

Note: This report is based on the most recent report_methodology run and may not be up-to-date. Run report_methodology on the current design for the latest report.



check_timing report

Table of Contents
-----------------
1. checking no_clock (0)
2. checking constant_clock (0)
3. checking pulse_width_clock (0)
4. checking unconstrained_internal_endpoints (0)
5. checking no_input_delay (18)
6. checking no_output_delay (17)
7. checking multiple_clock (0)
8. checking generated_clocks (0)
9. checking loops (0)
10. checking partial_input_delay (0)
11. checking partial_output_delay (0)
12. checking latch_loops (0)

1. checking no_clock (0)
------------------------
 There are 0 register/latch pins with no clock.


2. checking constant_clock (0)
------------------------------
 There are 0 register/latch pins with constant_clock.


3. checking pulse_width_clock (0)
---------------------------------
 There are 0 register/latch pins which need pulse_width check


4. checking unconstrained_internal_endpoints (0)
------------------------------------------------
 There are 0 pins that are not constrained for maximum delay.

 There are 0 pins that are not constrained for maximum delay due to constant clock.


5. checking no_input_delay (18)
-------------------------------
 There are 18 input ports with no input delay specified. (HIGH)

 There are 0 input ports with no input delay but user has a false path constraint.


6. checking no_output_delay (17)
--------------------------------
 There are 17 ports with no output delay specified. (HIGH)

 There are 0 ports with no output delay but user has a false path constraint

 There are 0 ports with no output delay but with a timing clock defined on it or propagating through it


7. checking multiple_clock (0)
------------------------------
 There are 0 register/latch pins with multiple clocks.


8. checking generated_clocks (0)
--------------------------------
 There are 0 generated clocks that are not connected to a clock source.


9. checking loops (0)
---------------------
 There are 0 combinational loops in the design.


10. checking partial_input_delay (0)
------------------------------------
 There are 0 input ports with partial input delay specified.


11. checking partial_output_delay (0)
-------------------------------------
 There are 0 ports with partial output delay specified.


12. checking latch_loops (0)
----------------------------
 There are 0 combinational latch loops in the design through latch input



------------------------------------------------------------------------------------------------
| Design Timing Summary
| ---------------------
------------------------------------------------------------------------------------------------

    WNS(ns)      TNS(ns)  TNS Failing Endpoints  TNS Total Endpoints      WHS(ns)      THS(ns)  THS Failing Endpoints  THS Total Endpoints     WPWS(ns)     TPWS(ns)  TPWS Failing Endpoints  TPWS Total Endpoints  
    -------      -------  ---------------------  -------------------      -------      -------  ---------------------  -------------------     --------     --------  ----------------------  --------------------  
      5.278        0.000                      0                   69        0.234        0.000                      0                   69        4.500        0.000                       0                    40  


All user specified timing constraints are met.


------------------------------------------------------------------------------------------------
| Clock Summary
| -------------
------------------------------------------------------------------------------------------------

Clock        Waveform(ns)       Period(ns)      Frequency(MHz)
-----        ------------       ----------      --------------
sys_clk_pin  {0.000 5.000}      10.000          100.000         


------------------------------------------------------------------------------------------------
| Intra Clock Table
| -----------------
------------------------------------------------------------------------------------------------

Clock             WNS(ns)      TNS(ns)  TNS Failing Endpoints  TNS Total Endpoints      WHS(ns)      THS(ns)  THS Failing Endpoints  THS Total Endpoints     WPWS(ns)     TPWS(ns)  TPWS Failing Endpoints  TPWS Total Endpoints  
-----             -------      -------  ---------------------  -------------------      -------      -------  ---------------------  -------------------     --------     --------  ----------------------  --------------------  
sys_clk_pin         5.278        0.000                      0                   69        0.234        0.000                      0                   69        4.500        0.000                       0                    40  


------------------------------------------------------------------------------------------------
| Inter Clock Table
| -----------------
------------------------------------------------------------------------------------------------

From Clock    To Clock          WNS(ns)      TNS(ns)  TNS Failing Endpoints  TNS Total Endpoints      WHS(ns)      THS(ns)  THS Failing Endpoints  THS Total Endpoints  
----------    --------          -------      -------  ---------------------  -------------------      -------      -------  ---------------------  -------------------  


------------------------------------------------------------------------------------------------
| Other Path Groups Table
| -----------------------
------------------------------------------------------------------------------------------------

Path Group    From Clock    To Clock          WNS(ns)      TNS(ns)  TNS Failing Endpoints  TNS Total Endpoints      WHS(ns)      THS(ns)  THS Failing Endpoints  THS Total Endpoints  
----------    ----------    --------          -------      -------  ---------------------  -------------------      -------      -------  ---------------------  -------------------  


------------------------------------------------------------------------------------------------
| User Ignored Path Table
| -----------------------
------------------------------------------------------------------------------------------------

Path Group    From Clock    To Clock    
----------    ----------    --------    


------------------------------------------------------------------------------------------------
| Unconstrained Path Table
| ------------------------
------------------------------------------------------------------------------------------------

Path Group    From Clock    To Clock    
----------    ----------    --------    
(none)        sys_clk_pin                 
(none)                      sys_clk_pin   


------------------------------------------------------------------------------------------------
| Timing Details
| --------------
------------------------------------------------------------------------------------------------


---------------------------------------------------------------------------------------------------
From Clock:  sys_clk_pin
  To Clock:  sys_clk_pin

Setup :            0  Failing Endpoints,  Worst Slack        5.278ns,  Total Violation        0.000ns
Hold  :            0  Failing Endpoints,  Worst Slack        0.234ns,  Total Violation        0.000ns
PW    :            0  Failing Endpoints,  Worst Slack        4.500ns,  Total Violation        0.000ns
---------------------------------------------------------------------------------------------------


Max Delay Paths
--------------------------------------------------------------------------------------
Slack (MET) :             5.278ns  (required time - arrival time)
  Source:                 Mbooth/u_cu/FSM_sequential_stato_corrente_reg[0]/C
                            (rising edge-triggered cell FDRE clocked by sys_clk_pin  {rise@0.000ns fall@5.000ns period=10.000ns})
  Destination:            Mbooth/u_po/a_reg_reg[6]/D
                            (rising edge-triggered cell FDRE clocked by sys_clk_pin  {rise@0.000ns fall@5.000ns period=10.000ns})
  Path Group:             sys_clk_pin
  Path Type:              Setup (Max at Slow Process Corner)
  Requirement:            10.000ns  (sys_clk_pin rise@10.000ns - sys_clk_pin rise@0.000ns)
  Data Path Delay:        4.699ns  (logic 1.444ns (30.733%)  route 3.255ns (69.267%))
  Logic Levels:           5  (LUT4=1 LUT5=1 LUT6=3)
  Clock Path Skew:        -0.019ns (DCD - SCD + CPR)
    Destination Clock Delay (DCD):    5.021ns = ( 15.021 - 10.000 ) 
    Source Clock Delay      (SCD):    5.315ns
    Clock Pessimism Removal (CPR):    0.275ns
  Clock Uncertainty:      0.035ns  ((TSJ^2 + TIJ^2)^1/2 + DJ) / 2 + PE
    Total System Jitter     (TSJ):    0.071ns
    Total Input Jitter      (TIJ):    0.000ns
    Discrete Jitter          (DJ):    0.000ns
    Phase Error              (PE):    0.000ns

    Location             Delay type                Incr(ns)  Path(ns)    Netlist Resource(s)
  -------------------------------------------------------------------    -------------------
                         (clock sys_clk_pin rise edge)
                                                      0.000     0.000 r  
    E3                                                0.000     0.000 r  CLK100MHZ (IN)
                         net (fo=0)                   0.000     0.000    CLK100MHZ
    E3                   IBUF (Prop_ibuf_I_O)         1.482     1.482 r  CLK100MHZ_IBUF_inst/O
                         net (fo=1, routed)           2.025     3.506    CLK100MHZ_IBUF
    BUFGCTRL_X0Y16       BUFG (Prop_bufg_I_O)         0.096     3.602 r  CLK100MHZ_IBUF_BUFG_inst/O
                         net (fo=39, routed)          1.712     5.315    Mbooth/u_cu/CLK100MHZ_IBUF_BUFG
    SLICE_X1Y70          FDRE                                         r  Mbooth/u_cu/FSM_sequential_stato_corrente_reg[0]/C
  -------------------------------------------------------------------    -------------------
    SLICE_X1Y70          FDRE (Prop_fdre_C_Q)         0.419     5.734 f  Mbooth/u_cu/FSM_sequential_stato_corrente_reg[0]/Q
                         net (fo=30, routed)          1.484     7.217    Mbooth/u_cu/stato_corrente[0]
    SLICE_X0Y68          LUT4 (Prop_lut4_I0_O)        0.327     7.544 r  Mbooth/u_cu/a_reg[6]_i_5/O
                         net (fo=13, routed)          0.624     8.168    Mbooth/u_po/sub
    SLICE_X0Y69          LUT5 (Prop_lut5_I1_O)        0.326     8.494 r  Mbooth/u_po/a_reg[2]_i_2/O
                         net (fo=2, routed)           0.430     8.924    Mbooth/u_po/u_addsub/RCA/c_2
    SLICE_X0Y67          LUT6 (Prop_lut6_I5_O)        0.124     9.048 r  Mbooth/u_po/a_reg[4]_i_2/O
                         net (fo=2, routed)           0.438     9.486    Mbooth/u_po/u_addsub/RCA/c_4
    SLICE_X0Y66          LUT6 (Prop_lut6_I5_O)        0.124     9.610 r  Mbooth/u_po/a_reg[6]_i_4/O
                         net (fo=1, routed)           0.280     9.889    Mbooth/u_po/u_addsub/RCA/c_6
    SLICE_X0Y66          LUT6 (Prop_lut6_I0_O)        0.124    10.013 r  Mbooth/u_po/a_reg[6]_i_3/O
                         net (fo=1, routed)           0.000    10.013    Mbooth/u_po/p_2_in[6]
    SLICE_X0Y66          FDRE                                         r  Mbooth/u_po/a_reg_reg[6]/D
  -------------------------------------------------------------------    -------------------

                         (clock sys_clk_pin rise edge)
                                                     10.000    10.000 r  
    E3                                                0.000    10.000 r  CLK100MHZ (IN)
                         net (fo=0)                   0.000    10.000    CLK100MHZ
    E3                   IBUF (Prop_ibuf_I_O)         1.411    11.411 r  CLK100MHZ_IBUF_inst/O
                         net (fo=1, routed)           1.920    13.331    CLK100MHZ_IBUF
    BUFGCTRL_X0Y16       BUFG (Prop_bufg_I_O)         0.091    13.422 r  CLK100MHZ_IBUF_BUFG_inst/O
                         net (fo=39, routed)          1.598    15.021    Mbooth/u_po/CLK100MHZ_IBUF_BUFG
    SLICE_X0Y66          FDRE                                         r  Mbooth/u_po/a_reg_reg[6]/C
                         clock pessimism              0.275    15.296    
                         clock uncertainty           -0.035    15.260    
    SLICE_X0Y66          FDRE (Setup_fdre_C_D)        0.031    15.291    Mbooth/u_po/a_reg_reg[6]
  -------------------------------------------------------------------
                         required time                         15.291    
                         arrival time                         -10.013    
  -------------------------------------------------------------------
                         slack                                  5.278    

Slack (MET) :             5.314ns  (required time - arrival time)
  Source:                 Mbooth/u_cu/FSM_sequential_stato_corrente_reg[0]/C
                            (rising edge-triggered cell FDRE clocked by sys_clk_pin  {rise@0.000ns fall@5.000ns period=10.000ns})
  Destination:            Mbooth/u_po/a_reg_reg[7]/D
                            (rising edge-triggered cell FDRE clocked by sys_clk_pin  {rise@0.000ns fall@5.000ns period=10.000ns})
  Path Group:             sys_clk_pin
  Path Type:              Setup (Max at Slow Process Corner)
  Requirement:            10.000ns  (sys_clk_pin rise@10.000ns - sys_clk_pin rise@0.000ns)
  Data Path Delay:        4.708ns  (logic 1.444ns (30.670%)  route 3.264ns (69.330%))
  Logic Levels:           5  (LUT4=1 LUT6=4)
  Clock Path Skew:        -0.019ns (DCD - SCD + CPR)
    Destination Clock Delay (DCD):    5.021ns = ( 15.021 - 10.000 ) 
    Source Clock Delay      (SCD):    5.315ns
    Clock Pessimism Removal (CPR):    0.275ns
  Clock Uncertainty:      0.035ns  ((TSJ^2 + TIJ^2)^1/2 + DJ) / 2 + PE
    Total System Jitter     (TSJ):    0.071ns
    Total Input Jitter      (TIJ):    0.000ns
    Discrete Jitter          (DJ):    0.000ns
    Phase Error              (PE):    0.000ns

    Location             Delay type                Incr(ns)  Path(ns)    Netlist Resource(s)
  -------------------------------------------------------------------    -------------------
                         (clock sys_clk_pin rise edge)
                                                      0.000     0.000 r  
    E3                                                0.000     0.000 r  CLK100MHZ (IN)
                         net (fo=0)                   0.000     0.000    CLK100MHZ
    E3                   IBUF (Prop_ibuf_I_O)         1.482     1.482 r  CLK100MHZ_IBUF_inst/O
                         net (fo=1, routed)           2.025     3.506    CLK100MHZ_IBUF
    BUFGCTRL_X0Y16       BUFG (Prop_bufg_I_O)         0.096     3.602 r  CLK100MHZ_IBUF_BUFG_inst/O
                         net (fo=39, routed)          1.712     5.315    Mbooth/u_cu/CLK100MHZ_IBUF_BUFG
    SLICE_X1Y70          FDRE                                         r  Mbooth/u_cu/FSM_sequential_stato_corrente_reg[0]/C
  -------------------------------------------------------------------    -------------------
    SLICE_X1Y70          FDRE (Prop_fdre_C_Q)         0.419     5.734 f  Mbooth/u_cu/FSM_sequential_stato_corrente_reg[0]/Q
                         net (fo=30, routed)          1.484     7.217    Mbooth/u_cu/stato_corrente[0]
    SLICE_X0Y68          LUT4 (Prop_lut4_I0_O)        0.327     7.544 r  Mbooth/u_cu/a_reg[6]_i_5/O
                         net (fo=13, routed)          0.756     8.300    Mbooth/u_po/sub
    SLICE_X0Y69          LUT6 (Prop_lut6_I1_O)        0.326     8.626 r  Mbooth/u_po/a_reg[3]_i_2/O
                         net (fo=2, routed)           0.315     8.941    Mbooth/u_po/u_addsub/RCA/c_3
    SLICE_X0Y67          LUT6 (Prop_lut6_I5_O)        0.124     9.065 r  Mbooth/u_po/a_reg[5]_i_2/O
                         net (fo=2, routed)           0.412     9.477    Mbooth/u_po/u_addsub/RCA/c_5
    SLICE_X1Y66          LUT6 (Prop_lut6_I5_O)        0.124     9.601 r  Mbooth/u_po/a_reg[7]_i_2/O
                         net (fo=1, routed)           0.298     9.899    Mbooth/u_po/u_addsub/RCA/c_7
    SLICE_X2Y66          LUT6 (Prop_lut6_I4_O)        0.124    10.023 r  Mbooth/u_po/a_reg[7]_i_1/O
                         net (fo=1, routed)           0.000    10.023    Mbooth/u_po/a_reg[7]_i_1_n_0
    SLICE_X2Y66          FDRE                                         r  Mbooth/u_po/a_reg_reg[7]/D
  -------------------------------------------------------------------    -------------------

                         (clock sys_clk_pin rise edge)
                                                     10.000    10.000 r  
    E3                                                0.000    10.000 r  CLK100MHZ (IN)
                         net (fo=0)                   0.000    10.000    CLK100MHZ
    E3                   IBUF (Prop_ibuf_I_O)         1.411    11.411 r  CLK100MHZ_IBUF_inst/O
                         net (fo=1, routed)           1.920    13.331    CLK100MHZ_IBUF
    BUFGCTRL_X0Y16       BUFG (Prop_bufg_I_O)         0.091    13.422 r  CLK100MHZ_IBUF_BUFG_inst/O
                         net (fo=39, routed)          1.598    15.021    Mbooth/u_po/CLK100MHZ_IBUF_BUFG
    SLICE_X2Y66          FDRE                                         r  Mbooth/u_po/a_reg_reg[7]/C
                         clock pessimism              0.275    15.296    
                         clock uncertainty           -0.035    15.260    
    SLICE_X2Y66          FDRE (Setup_fdre_C_D)        0.077    15.337    Mbooth/u_po/a_reg_reg[7]
  -------------------------------------------------------------------
                         required time                         15.337    
                         arrival time                         -10.023    
  -------------------------------------------------------------------
                         slack                                  5.314    

Slack (MET) :             5.605ns  (required time - arrival time)
  Source:                 Mbooth/u_cu/FSM_sequential_stato_corrente_reg[0]/C
                            (rising edge-triggered cell FDRE clocked by sys_clk_pin  {rise@0.000ns fall@5.000ns period=10.000ns})
  Destination:            Mbooth/u_po/a_reg_reg[5]/D
                            (rising edge-triggered cell FDRE clocked by sys_clk_pin  {rise@0.000ns fall@5.000ns period=10.000ns})
  Path Group:             sys_clk_pin
  Path Type:              Setup (Max at Slow Process Corner)
  Requirement:            10.000ns  (sys_clk_pin rise@10.000ns - sys_clk_pin rise@0.000ns)
  Data Path Delay:        4.372ns  (logic 1.320ns (30.192%)  route 3.052ns (69.808%))
  Logic Levels:           4  (LUT4=1 LUT6=3)
  Clock Path Skew:        -0.019ns (DCD - SCD + CPR)
    Destination Clock Delay (DCD):    5.021ns = ( 15.021 - 10.000 ) 
    Source Clock Delay      (SCD):    5.315ns
    Clock Pessimism Removal (CPR):    0.275ns
  Clock Uncertainty:      0.035ns  ((TSJ^2 + TIJ^2)^1/2 + DJ) / 2 + PE
    Total System Jitter     (TSJ):    0.071ns
    Total Input Jitter      (TIJ):    0.000ns
    Discrete Jitter          (DJ):    0.000ns
    Phase Error              (PE):    0.000ns

    Location             Delay type                Incr(ns)  Path(ns)    Netlist Resource(s)
  -------------------------------------------------------------------    -------------------
                         (clock sys_clk_pin rise edge)
                                                      0.000     0.000 r  
    E3                                                0.000     0.000 r  CLK100MHZ (IN)
                         net (fo=0)                   0.000     0.000    CLK100MHZ
    E3                   IBUF (Prop_ibuf_I_O)         1.482     1.482 r  CLK100MHZ_IBUF_inst/O
                         net (fo=1, routed)           2.025     3.506    CLK100MHZ_IBUF
    BUFGCTRL_X0Y16       BUFG (Prop_bufg_I_O)         0.096     3.602 r  CLK100MHZ_IBUF_BUFG_inst/O
                         net (fo=39, routed)          1.712     5.315    Mbooth/u_cu/CLK100MHZ_IBUF_BUFG
    SLICE_X1Y70          FDRE                                         r  Mbooth/u_cu/FSM_sequential_stato_corrente_reg[0]/C
  -------------------------------------------------------------------    -------------------
    SLICE_X1Y70          FDRE (Prop_fdre_C_Q)         0.419     5.734 f  Mbooth/u_cu/FSM_sequential_stato_corrente_reg[0]/Q
                         net (fo=30, routed)          1.484     7.217    Mbooth/u_cu/stato_corrente[0]
    SLICE_X0Y68          LUT4 (Prop_lut4_I0_O)        0.327     7.544 r  Mbooth/u_cu/a_reg[6]_i_5/O
                         net (fo=13, routed)          0.756     8.300    Mbooth/u_po/sub
    SLICE_X0Y69          LUT6 (Prop_lut6_I1_O)        0.326     8.626 r  Mbooth/u_po/a_reg[3]_i_2/O
                         net (fo=2, routed)           0.315     8.941    Mbooth/u_po/u_addsub/RCA/c_3
    SLICE_X0Y67          LUT6 (Prop_lut6_I5_O)        0.124     9.065 r  Mbooth/u_po/a_reg[5]_i_2/O
                         net (fo=2, routed)           0.498     9.563    Mbooth/u_po/u_addsub/RCA/c_5
    SLICE_X0Y66          LUT6 (Prop_lut6_I0_O)        0.124     9.687 r  Mbooth/u_po/a_reg[5]_i_1/O
                         net (fo=1, routed)           0.000     9.687    Mbooth/u_po/p_2_in[5]
    SLICE_X0Y66          FDRE                                         r  Mbooth/u_po/a_reg_reg[5]/D
  -------------------------------------------------------------------    -------------------

                         (clock sys_clk_pin rise edge)
                                                     10.000    10.000 r  
    E3                                                0.000    10.000 r  CLK100MHZ (IN)
                         net (fo=0)                   0.000    10.000    CLK100MHZ
    E3                   IBUF (Prop_ibuf_I_O)         1.411    11.411 r  CLK100MHZ_IBUF_inst/O
                         net (fo=1, routed)           1.920    13.331    CLK100MHZ_IBUF
    BUFGCTRL_X0Y16       BUFG (Prop_bufg_I_O)         0.091    13.422 r  CLK100MHZ_IBUF_BUFG_inst/O
                         net (fo=39, routed)          1.598    15.021    Mbooth/u_po/CLK100MHZ_IBUF_BUFG
    SLICE_X0Y66          FDRE                                         r  Mbooth/u_po/a_reg_reg[5]/C
                         clock pessimism              0.275    15.296    
                         clock uncertainty           -0.035    15.260    
    SLICE_X0Y66          FDRE (Setup_fdre_C_D)        0.031    15.291    Mbooth/u_po/a_reg_reg[5]
  -------------------------------------------------------------------
                         required time                         15.291    
                         arrival time                          -9.687    
  -------------------------------------------------------------------
                         slack                                  5.605    

Slack (MET) :             5.802ns  (required time - arrival time)
  Source:                 Mbooth/u_cu/FSM_sequential_stato_corrente_reg[0]/C
                            (rising edge-triggered cell FDRE clocked by sys_clk_pin  {rise@0.000ns fall@5.000ns period=10.000ns})
  Destination:            Mbooth/u_po/a_reg_reg[4]/D
                            (rising edge-triggered cell FDRE clocked by sys_clk_pin  {rise@0.000ns fall@5.000ns period=10.000ns})
  Path Group:             sys_clk_pin
  Path Type:              Setup (Max at Slow Process Corner)
  Requirement:            10.000ns  (sys_clk_pin rise@10.000ns - sys_clk_pin rise@0.000ns)
  Data Path Delay:        4.173ns  (logic 1.320ns (31.636%)  route 2.853ns (68.364%))
  Logic Levels:           4  (LUT4=1 LUT5=1 LUT6=2)
  Clock Path Skew:        -0.019ns (DCD - SCD + CPR)
    Destination Clock Delay (DCD):    5.021ns = ( 15.021 - 10.000 ) 
    Source Clock Delay      (SCD):    5.315ns
    Clock Pessimism Removal (CPR):    0.275ns
  Clock Uncertainty:      0.035ns  ((TSJ^2 + TIJ^2)^1/2 + DJ) / 2 + PE
    Total System Jitter     (TSJ):    0.071ns
    Total Input Jitter      (TIJ):    0.000ns
    Discrete Jitter          (DJ):    0.000ns
    Phase Error              (PE):    0.000ns

    Location             Delay type                Incr(ns)  Path(ns)    Netlist Resource(s)
  -------------------------------------------------------------------    -------------------
                         (clock sys_clk_pin rise edge)
                                                      0.000     0.000 r  
    E3                                                0.000     0.000 r  CLK100MHZ (IN)
                         net (fo=0)                   0.000     0.000    CLK100MHZ
    E3                   IBUF (Prop_ibuf_I_O)         1.482     1.482 r  CLK100MHZ_IBUF_inst/O
                         net (fo=1, routed)           2.025     3.506    CLK100MHZ_IBUF
    BUFGCTRL_X0Y16       BUFG (Prop_bufg_I_O)         0.096     3.602 r  CLK100MHZ_IBUF_BUFG_inst/O
                         net (fo=39, routed)          1.712     5.315    Mbooth/u_cu/CLK100MHZ_IBUF_BUFG
    SLICE_X1Y70          FDRE                                         r  Mbooth/u_cu/FSM_sequential_stato_corrente_reg[0]/C
  -------------------------------------------------------------------    -------------------
    SLICE_X1Y70          FDRE (Prop_fdre_C_Q)         0.419     5.734 f  Mbooth/u_cu/FSM_sequential_stato_corrente_reg[0]/Q
                         net (fo=30, routed)          1.484     7.217    Mbooth/u_cu/stato_corrente[0]
    SLICE_X0Y68          LUT4 (Prop_lut4_I0_O)        0.327     7.544 r  Mbooth/u_cu/a_reg[6]_i_5/O
                         net (fo=13, routed)          0.624     8.168    Mbooth/u_po/sub
    SLICE_X0Y69          LUT5 (Prop_lut5_I1_O)        0.326     8.494 r  Mbooth/u_po/a_reg[2]_i_2/O
                         net (fo=2, routed)           0.430     8.924    Mbooth/u_po/u_addsub/RCA/c_2
    SLICE_X0Y67          LUT6 (Prop_lut6_I5_O)        0.124     9.048 r  Mbooth/u_po/a_reg[4]_i_2/O
                         net (fo=2, routed)           0.315     9.363    Mbooth/u_po/u_addsub/RCA/c_4
    SLICE_X0Y66          LUT6 (Prop_lut6_I0_O)        0.124     9.487 r  Mbooth/u_po/a_reg[4]_i_1/O
                         net (fo=1, routed)           0.000     9.487    Mbooth/u_po/p_2_in[4]
    SLICE_X0Y66          FDRE                                         r  Mbooth/u_po/a_reg_reg[4]/D
  -------------------------------------------------------------------    -------------------

                         (clock sys_clk_pin rise edge)
                                                     10.000    10.000 r  
    E3                                                0.000    10.000 r  CLK100MHZ (IN)
                         net (fo=0)                   0.000    10.000    CLK100MHZ
    E3                   IBUF (Prop_ibuf_I_O)         1.411    11.411 r  CLK100MHZ_IBUF_inst/O
                         net (fo=1, routed)           1.920    13.331    CLK100MHZ_IBUF
    BUFGCTRL_X0Y16       BUFG (Prop_bufg_I_O)         0.091    13.422 r  CLK100MHZ_IBUF_BUFG_inst/O
                         net (fo=39, routed)          1.598    15.021    Mbooth/u_po/CLK100MHZ_IBUF_BUFG
    SLICE_X0Y66          FDRE                                         r  Mbooth/u_po/a_reg_reg[4]/C
                         clock pessimism              0.275    15.296    
                         clock uncertainty           -0.035    15.260    
    SLICE_X0Y66          FDRE (Setup_fdre_C_D)        0.029    15.289    Mbooth/u_po/a_reg_reg[4]
  -------------------------------------------------------------------
                         required time                         15.289    
                         arrival time                          -9.487    
  -------------------------------------------------------------------
                         slack                                  5.802    

Slack (MET) :             5.846ns  (required time - arrival time)
  Source:                 Mbooth/u_cu/FSM_sequential_stato_corrente_reg[0]/C
                            (rising edge-triggered cell FDRE clocked by sys_clk_pin  {rise@0.000ns fall@5.000ns period=10.000ns})
  Destination:            Mbooth/u_po/a_reg_reg[2]/D
                            (rising edge-triggered cell FDRE clocked by sys_clk_pin  {rise@0.000ns fall@5.000ns period=10.000ns})
  Path Group:             sys_clk_pin
  Path Type:              Setup (Max at Slow Process Corner)
  Requirement:            10.000ns  (sys_clk_pin rise@10.000ns - sys_clk_pin rise@0.000ns)
  Data Path Delay:        4.128ns  (logic 1.196ns (28.973%)  route 2.932ns (71.027%))
  Logic Levels:           3  (LUT4=1 LUT5=1 LUT6=1)
  Clock Path Skew:        -0.020ns (DCD - SCD + CPR)
    Destination Clock Delay (DCD):    5.020ns = ( 15.020 - 10.000 ) 
    Source Clock Delay      (SCD):    5.315ns
    Clock Pessimism Removal (CPR):    0.275ns
  Clock Uncertainty:      0.035ns  ((TSJ^2 + TIJ^2)^1/2 + DJ) / 2 + PE
    Total System Jitter     (TSJ):    0.071ns
    Total Input Jitter      (TIJ):    0.000ns
    Discrete Jitter          (DJ):    0.000ns
    Phase Error              (PE):    0.000ns

    Location             Delay type                Incr(ns)  Path(ns)    Netlist Resource(s)
  -------------------------------------------------------------------    -------------------
                         (clock sys_clk_pin rise edge)
                                                      0.000     0.000 r  
    E3                                                0.000     0.000 r  CLK100MHZ (IN)
                         net (fo=0)                   0.000     0.000    CLK100MHZ
    E3                   IBUF (Prop_ibuf_I_O)         1.482     1.482 r  CLK100MHZ_IBUF_inst/O
                         net (fo=1, routed)           2.025     3.506    CLK100MHZ_IBUF
    BUFGCTRL_X0Y16       BUFG (Prop_bufg_I_O)         0.096     3.602 r  CLK100MHZ_IBUF_BUFG_inst/O
                         net (fo=39, routed)          1.712     5.315    Mbooth/u_cu/CLK100MHZ_IBUF_BUFG
    SLICE_X1Y70          FDRE                                         r  Mbooth/u_cu/FSM_sequential_stato_corrente_reg[0]/C
  -------------------------------------------------------------------    -------------------
    SLICE_X1Y70          FDRE (Prop_fdre_C_Q)         0.419     5.734 f  Mbooth/u_cu/FSM_sequential_stato_corrente_reg[0]/Q
                         net (fo=30, routed)          1.484     7.217    Mbooth/u_cu/stato_corrente[0]
    SLICE_X0Y68          LUT4 (Prop_lut4_I0_O)        0.327     7.544 r  Mbooth/u_cu/a_reg[6]_i_5/O
                         net (fo=13, routed)          0.624     8.168    Mbooth/u_po/sub
    SLICE_X0Y69          LUT5 (Prop_lut5_I1_O)        0.326     8.494 r  Mbooth/u_po/a_reg[2]_i_2/O
                         net (fo=2, routed)           0.825     9.319    Mbooth/u_po/u_addsub/RCA/c_2
    SLICE_X0Y67          LUT6 (Prop_lut6_I0_O)        0.124     9.443 r  Mbooth/u_po/a_reg[2]_i_1/O
                         net (fo=1, routed)           0.000     9.443    Mbooth/u_po/p_2_in[2]
    SLICE_X0Y67          FDRE                                         r  Mbooth/u_po/a_reg_reg[2]/D
  -------------------------------------------------------------------    -------------------

                         (clock sys_clk_pin rise edge)
                                                     10.000    10.000 r  
    E3                                                0.000    10.000 r  CLK100MHZ (IN)
                         net (fo=0)                   0.000    10.000    CLK100MHZ
    E3                   IBUF (Prop_ibuf_I_O)         1.411    11.411 r  CLK100MHZ_IBUF_inst/O
                         net (fo=1, routed)           1.920    13.331    CLK100MHZ_IBUF
    BUFGCTRL_X0Y16       BUFG (Prop_bufg_I_O)         0.091    13.422 r  CLK100MHZ_IBUF_BUFG_inst/O
                         net (fo=39, routed)          1.597    15.020    Mbooth/u_po/CLK100MHZ_IBUF_BUFG
    SLICE_X0Y67          FDRE                                         r  Mbooth/u_po/a_reg_reg[2]/C
                         clock pessimism              0.275    15.295    
                         clock uncertainty           -0.035    15.259    
    SLICE_X0Y67          FDRE (Setup_fdre_C_D)        0.029    15.288    Mbooth/u_po/a_reg_reg[2]
  -------------------------------------------------------------------
                         required time                         15.288    
                         arrival time                          -9.443    
  -------------------------------------------------------------------
                         slack                                  5.846    

Slack (MET) :             6.228ns  (required time - arrival time)
  Source:                 Mbooth/u_cu/FSM_sequential_stato_corrente_reg[0]/C
                            (rising edge-triggered cell FDRE clocked by sys_clk_pin  {rise@0.000ns fall@5.000ns period=10.000ns})
  Destination:            Mbooth/u_po/a_reg_reg[3]/D
                            (rising edge-triggered cell FDRE clocked by sys_clk_pin  {rise@0.000ns fall@5.000ns period=10.000ns})
  Path Group:             sys_clk_pin
  Path Type:              Setup (Max at Slow Process Corner)
  Requirement:            10.000ns  (sys_clk_pin rise@10.000ns - sys_clk_pin rise@0.000ns)
  Data Path Delay:        3.747ns  (logic 1.196ns (31.916%)  route 2.551ns (68.084%))
  Logic Levels:           3  (LUT4=1 LUT6=2)
  Clock Path Skew:        -0.020ns (DCD - SCD + CPR)
    Destination Clock Delay (DCD):    5.020ns = ( 15.020 - 10.000 ) 
    Source Clock Delay      (SCD):    5.315ns
    Clock Pessimism Removal (CPR):    0.275ns
  Clock Uncertainty:      0.035ns  ((TSJ^2 + TIJ^2)^1/2 + DJ) / 2 + PE
    Total System Jitter     (TSJ):    0.071ns
    Total Input Jitter      (TIJ):    0.000ns
    Discrete Jitter          (DJ):    0.000ns
    Phase Error              (PE):    0.000ns

    Location             Delay type                Incr(ns)  Path(ns)    Netlist Resource(s)
  -------------------------------------------------------------------    -------------------
                         (clock sys_clk_pin rise edge)
                                                      0.000     0.000 r  
    E3                                                0.000     0.000 r  CLK100MHZ (IN)
                         net (fo=0)                   0.000     0.000    CLK100MHZ
    E3                   IBUF (Prop_ibuf_I_O)         1.482     1.482 r  CLK100MHZ_IBUF_inst/O
                         net (fo=1, routed)           2.025     3.506    CLK100MHZ_IBUF
    BUFGCTRL_X0Y16       BUFG (Prop_bufg_I_O)         0.096     3.602 r  CLK100MHZ_IBUF_BUFG_inst/O
                         net (fo=39, routed)          1.712     5.315    Mbooth/u_cu/CLK100MHZ_IBUF_BUFG
    SLICE_X1Y70          FDRE                                         r  Mbooth/u_cu/FSM_sequential_stato_corrente_reg[0]/C
  -------------------------------------------------------------------    -------------------
    SLICE_X1Y70          FDRE (Prop_fdre_C_Q)         0.419     5.734 f  Mbooth/u_cu/FSM_sequential_stato_corrente_reg[0]/Q
                         net (fo=30, routed)          1.484     7.217    Mbooth/u_cu/stato_corrente[0]
    SLICE_X0Y68          LUT4 (Prop_lut4_I0_O)        0.327     7.544 r  Mbooth/u_cu/a_reg[6]_i_5/O
                         net (fo=13, routed)          0.756     8.300    Mbooth/u_po/sub
    SLICE_X0Y69          LUT6 (Prop_lut6_I1_O)        0.326     8.626 r  Mbooth/u_po/a_reg[3]_i_2/O
                         net (fo=2, routed)           0.312     8.938    Mbooth/u_po/u_addsub/RCA/c_3
    SLICE_X0Y67          LUT6 (Prop_lut6_I0_O)        0.124     9.062 r  Mbooth/u_po/a_reg[3]_i_1/O
                         net (fo=1, routed)           0.000     9.062    Mbooth/u_po/p_2_in[3]
    SLICE_X0Y67          FDRE                                         r  Mbooth/u_po/a_reg_reg[3]/D
  -------------------------------------------------------------------    -------------------

                         (clock sys_clk_pin rise edge)
                                                     10.000    10.000 r  
    E3                                                0.000    10.000 r  CLK100MHZ (IN)
                         net (fo=0)                   0.000    10.000    CLK100MHZ
    E3                   IBUF (Prop_ibuf_I_O)         1.411    11.411 r  CLK100MHZ_IBUF_inst/O
                         net (fo=1, routed)           1.920    13.331    CLK100MHZ_IBUF
    BUFGCTRL_X0Y16       BUFG (Prop_bufg_I_O)         0.091    13.422 r  CLK100MHZ_IBUF_BUFG_inst/O
                         net (fo=39, routed)          1.597    15.020    Mbooth/u_po/CLK100MHZ_IBUF_BUFG
    SLICE_X0Y67          FDRE                                         r  Mbooth/u_po/a_reg_reg[3]/C
                         clock pessimism              0.275    15.295    
                         clock uncertainty           -0.035    15.259    
    SLICE_X0Y67          FDRE (Setup_fdre_C_D)        0.031    15.290    Mbooth/u_po/a_reg_reg[3]
  -------------------------------------------------------------------
                         required time                         15.290    
                         arrival time                          -9.062    
  -------------------------------------------------------------------
                         slack                                  6.228    

Slack (MET) :             6.408ns  (required time - arrival time)
  Source:                 Mbooth/u_po/u_cnt/cnt_reg[2]/C
                            (rising edge-triggered cell FDRE clocked by sys_clk_pin  {rise@0.000ns fall@5.000ns period=10.000ns})
  Destination:            Mbooth/u_cu/FSM_sequential_stato_corrente_reg[1]/D
                            (rising edge-triggered cell FDRE clocked by sys_clk_pin  {rise@0.000ns fall@5.000ns period=10.000ns})
  Path Group:             sys_clk_pin
  Path Type:              Setup (Max at Slow Process Corner)
  Requirement:            10.000ns  (sys_clk_pin rise@10.000ns - sys_clk_pin rise@0.000ns)
  Data Path Delay:        3.293ns  (logic 0.870ns (26.423%)  route 2.423ns (73.577%))
  Logic Levels:           2  (LUT3=1 LUT5=1)
  Clock Path Skew:        0.000ns (DCD - SCD + CPR)
    Destination Clock Delay (DCD):    5.017ns = ( 15.017 - 10.000 ) 
    Source Clock Delay      (SCD):    5.315ns
    Clock Pessimism Removal (CPR):    0.298ns
  Clock Uncertainty:      0.035ns  ((TSJ^2 + TIJ^2)^1/2 + DJ) / 2 + PE
    Total System Jitter     (TSJ):    0.071ns
    Total Input Jitter      (TIJ):    0.000ns
    Discrete Jitter          (DJ):    0.000ns
    Phase Error              (PE):    0.000ns

    Location             Delay type                Incr(ns)  Path(ns)    Netlist Resource(s)
  -------------------------------------------------------------------    -------------------
                         (clock sys_clk_pin rise edge)
                                                      0.000     0.000 r  
    E3                                                0.000     0.000 r  CLK100MHZ (IN)
                         net (fo=0)                   0.000     0.000    CLK100MHZ
    E3                   IBUF (Prop_ibuf_I_O)         1.482     1.482 r  CLK100MHZ_IBUF_inst/O
                         net (fo=1, routed)           2.025     3.506    CLK100MHZ_IBUF
    BUFGCTRL_X0Y16       BUFG (Prop_bufg_I_O)         0.096     3.602 r  CLK100MHZ_IBUF_BUFG_inst/O
                         net (fo=39, routed)          1.712     5.315    Mbooth/u_po/u_cnt/CLK100MHZ_IBUF_BUFG
    SLICE_X1Y70          FDRE                                         r  Mbooth/u_po/u_cnt/cnt_reg[2]/C
  -------------------------------------------------------------------    -------------------
    SLICE_X1Y70          FDRE (Prop_fdre_C_Q)         0.419     5.734 f  Mbooth/u_po/u_cnt/cnt_reg[2]/Q
                         net (fo=2, routed)           0.653     6.386    Mbooth/u_po/u_cnt/cnt_reg_n_0_[2]
    SLICE_X1Y70          LUT3 (Prop_lut3_I2_O)        0.299     6.685 f  Mbooth/u_po/u_cnt/FSM_sequential_stato_corrente[2]_i_2/O
                         net (fo=2, routed)           1.153     7.839    Mbooth/u_cu/FSM_sequential_stato_corrente_reg[2]_1
    SLICE_X0Y70          LUT5 (Prop_lut5_I3_O)        0.152     7.991 r  Mbooth/u_cu/FSM_sequential_stato_corrente[1]_i_1/O
                         net (fo=1, routed)           0.617     8.607    Mbooth/u_cu/FSM_sequential_stato_corrente[1]_i_1_n_0
    SLICE_X1Y70          FDRE                                         r  Mbooth/u_cu/FSM_sequential_stato_corrente_reg[1]/D
  -------------------------------------------------------------------    -------------------

                         (clock sys_clk_pin rise edge)
                                                     10.000    10.000 r  
    E3                                                0.000    10.000 r  CLK100MHZ (IN)
                         net (fo=0)                   0.000    10.000    CLK100MHZ
    E3                   IBUF (Prop_ibuf_I_O)         1.411    11.411 r  CLK100MHZ_IBUF_inst/O
                         net (fo=1, routed)           1.920    13.331    CLK100MHZ_IBUF
    BUFGCTRL_X0Y16       BUFG (Prop_bufg_I_O)         0.091    13.422 r  CLK100MHZ_IBUF_BUFG_inst/O
                         net (fo=39, routed)          1.594    15.017    Mbooth/u_cu/CLK100MHZ_IBUF_BUFG
    SLICE_X1Y70          FDRE                                         r  Mbooth/u_cu/FSM_sequential_stato_corrente_reg[1]/C
                         clock pessimism              0.298    15.315    
                         clock uncertainty           -0.035    15.279    
    SLICE_X1Y70          FDRE (Setup_fdre_C_D)       -0.264    15.015    Mbooth/u_cu/FSM_sequential_stato_corrente_reg[1]
  -------------------------------------------------------------------
                         required time                         15.015    
                         arrival time                          -8.607    
  -------------------------------------------------------------------
                         slack                                  6.408    

Slack (MET) :             6.823ns  (required time - arrival time)
  Source:                 Mbooth/u_cu/FSM_sequential_stato_corrente_reg[0]/C
                            (rising edge-triggered cell FDRE clocked by sys_clk_pin  {rise@0.000ns fall@5.000ns period=10.000ns})
  Destination:            Mbooth/u_po/a_reg_reg[1]/D
                            (rising edge-triggered cell FDRE clocked by sys_clk_pin  {rise@0.000ns fall@5.000ns period=10.000ns})
  Path Group:             sys_clk_pin
  Path Type:              Setup (Max at Slow Process Corner)
  Requirement:            10.000ns  (sys_clk_pin rise@10.000ns - sys_clk_pin rise@0.000ns)
  Data Path Delay:        3.151ns  (logic 0.842ns (26.723%)  route 2.309ns (73.277%))
  Logic Levels:           2  (LUT4=1 LUT6=1)
  Clock Path Skew:        -0.022ns (DCD - SCD + CPR)
    Destination Clock Delay (DCD):    5.018ns = ( 15.018 - 10.000 ) 
    Source Clock Delay      (SCD):    5.315ns
    Clock Pessimism Removal (CPR):    0.275ns
  Clock Uncertainty:      0.035ns  ((TSJ^2 + TIJ^2)^1/2 + DJ) / 2 + PE
    Total System Jitter     (TSJ):    0.071ns
    Total Input Jitter      (TIJ):    0.000ns
    Discrete Jitter          (DJ):    0.000ns
    Phase Error              (PE):    0.000ns

    Location             Delay type                Incr(ns)  Path(ns)    Netlist Resource(s)
  -------------------------------------------------------------------    -------------------
                         (clock sys_clk_pin rise edge)
                                                      0.000     0.000 r  
    E3                                                0.000     0.000 r  CLK100MHZ (IN)
                         net (fo=0)                   0.000     0.000    CLK100MHZ
    E3                   IBUF (Prop_ibuf_I_O)         1.482     1.482 r  CLK100MHZ_IBUF_inst/O
                         net (fo=1, routed)           2.025     3.506    CLK100MHZ_IBUF
    BUFGCTRL_X0Y16       BUFG (Prop_bufg_I_O)         0.096     3.602 r  CLK100MHZ_IBUF_BUFG_inst/O
                         net (fo=39, routed)          1.712     5.315    Mbooth/u_cu/CLK100MHZ_IBUF_BUFG
    SLICE_X1Y70          FDRE                                         r  Mbooth/u_cu/FSM_sequential_stato_corrente_reg[0]/C
  -------------------------------------------------------------------    -------------------
    SLICE_X1Y70          FDRE (Prop_fdre_C_Q)         0.419     5.734 f  Mbooth/u_cu/FSM_sequential_stato_corrente_reg[0]/Q
                         net (fo=30, routed)          1.484     7.217    Mbooth/u_cu/stato_corrente[0]
    SLICE_X0Y68          LUT4 (Prop_lut4_I0_O)        0.299     7.516 r  Mbooth/u_cu/a_reg[6]_i_6/O
                         net (fo=8, routed)           0.825     8.342    Mbooth/u_po/load_a
    SLICE_X0Y68          LUT6 (Prop_lut6_I4_O)        0.124     8.466 r  Mbooth/u_po/a_reg[1]_i_1/O
                         net (fo=1, routed)           0.000     8.466    Mbooth/u_po/p_2_in[1]
    SLICE_X0Y68          FDRE                                         r  Mbooth/u_po/a_reg_reg[1]/D
  -------------------------------------------------------------------    -------------------

                         (clock sys_clk_pin rise edge)
                                                     10.000    10.000 r  
    E3                                                0.000    10.000 r  CLK100MHZ (IN)
                         net (fo=0)                   0.000    10.000    CLK100MHZ
    E3                   IBUF (Prop_ibuf_I_O)         1.411    11.411 r  CLK100MHZ_IBUF_inst/O
                         net (fo=1, routed)           1.920    13.331    CLK100MHZ_IBUF
    BUFGCTRL_X0Y16       BUFG (Prop_bufg_I_O)         0.091    13.422 r  CLK100MHZ_IBUF_BUFG_inst/O
                         net (fo=39, routed)          1.595    15.018    Mbooth/u_po/CLK100MHZ_IBUF_BUFG
    SLICE_X0Y68          FDRE                                         r  Mbooth/u_po/a_reg_reg[1]/C
                         clock pessimism              0.275    15.293    
                         clock uncertainty           -0.035    15.257    
    SLICE_X0Y68          FDRE (Setup_fdre_C_D)        0.031    15.288    Mbooth/u_po/a_reg_reg[1]
  -------------------------------------------------------------------
                         required time                         15.288    
                         arrival time                          -8.466    
  -------------------------------------------------------------------
                         slack                                  6.823    

Slack (MET) :             6.983ns  (required time - arrival time)
  Source:                 Mbooth/u_po/q_reg_reg[6]/C
                            (rising edge-triggered cell FDRE clocked by sys_clk_pin  {rise@0.000ns fall@5.000ns period=10.000ns})
  Destination:            Mbooth/u_po/q_reg_reg[5]_lopt_replica/D
                            (rising edge-triggered cell FDRE clocked by sys_clk_pin  {rise@0.000ns fall@5.000ns period=10.000ns})
  Path Group:             sys_clk_pin
  Path Type:              Setup (Max at Slow Process Corner)
  Requirement:            10.000ns  (sys_clk_pin rise@10.000ns - sys_clk_pin rise@0.000ns)
  Data Path Delay:        2.684ns  (logic 0.746ns (27.791%)  route 1.938ns (72.209%))
  Logic Levels:           1  (LUT3=1)
  Clock Path Skew:        -0.022ns (DCD - SCD + CPR)
    Destination Clock Delay (DCD):    5.020ns = ( 15.020 - 10.000 ) 
    Source Clock Delay      (SCD):    5.317ns
    Clock Pessimism Removal (CPR):    0.275ns
  Clock Uncertainty:      0.035ns  ((TSJ^2 + TIJ^2)^1/2 + DJ) / 2 + PE
    Total System Jitter     (TSJ):    0.071ns
    Total Input Jitter      (TIJ):    0.000ns
    Discrete Jitter          (DJ):    0.000ns
    Phase Error              (PE):    0.000ns

    Location             Delay type                Incr(ns)  Path(ns)    Netlist Resource(s)
  -------------------------------------------------------------------    -------------------
                         (clock sys_clk_pin rise edge)
                                                      0.000     0.000 r  
    E3                                                0.000     0.000 r  CLK100MHZ (IN)
                         net (fo=0)                   0.000     0.000    CLK100MHZ
    E3                   IBUF (Prop_ibuf_I_O)         1.482     1.482 r  CLK100MHZ_IBUF_inst/O
                         net (fo=1, routed)           2.025     3.506    CLK100MHZ_IBUF
    BUFGCTRL_X0Y16       BUFG (Prop_bufg_I_O)         0.096     3.602 r  CLK100MHZ_IBUF_BUFG_inst/O
                         net (fo=39, routed)          1.714     5.317    Mbooth/u_po/CLK100MHZ_IBUF_BUFG
    SLICE_X1Y68          FDRE                                         r  Mbooth/u_po/q_reg_reg[6]/C
  -------------------------------------------------------------------    -------------------
    SLICE_X1Y68          FDRE (Prop_fdre_C_Q)         0.419     5.736 r  Mbooth/u_po/q_reg_reg[6]/Q
                         net (fo=1, routed)           1.132     6.868    Mbooth/u_cu/Q[6]
    SLICE_X1Y69          LUT3 (Prop_lut3_I2_O)        0.327     7.195 r  Mbooth/u_cu/q_reg[5]_i_1/O
                         net (fo=2, routed)           0.806     8.001    Mbooth/u_po/D[5]
    SLICE_X1Y67          FDRE                                         r  Mbooth/u_po/q_reg_reg[5]_lopt_replica/D
  -------------------------------------------------------------------    -------------------

                         (clock sys_clk_pin rise edge)
                                                     10.000    10.000 r  
    E3                                                0.000    10.000 r  CLK100MHZ (IN)
                         net (fo=0)                   0.000    10.000    CLK100MHZ
    E3                   IBUF (Prop_ibuf_I_O)         1.411    11.411 r  CLK100MHZ_IBUF_inst/O
                         net (fo=1, routed)           1.920    13.331    CLK100MHZ_IBUF
    BUFGCTRL_X0Y16       BUFG (Prop_bufg_I_O)         0.091    13.422 r  CLK100MHZ_IBUF_BUFG_inst/O
                         net (fo=39, routed)          1.597    15.020    Mbooth/u_po/CLK100MHZ_IBUF_BUFG
    SLICE_X1Y67          FDRE                                         r  Mbooth/u_po/q_reg_reg[5]_lopt_replica/C
                         clock pessimism              0.275    15.295    
                         clock uncertainty           -0.035    15.259    
    SLICE_X1Y67          FDRE (Setup_fdre_C_D)       -0.275    14.984    Mbooth/u_po/q_reg_reg[5]_lopt_replica
  -------------------------------------------------------------------
                         required time                         14.984    
                         arrival time                          -8.001    
  -------------------------------------------------------------------
                         slack                                  6.983    

Slack (MET) :             7.018ns  (required time - arrival time)
  Source:                 Mbooth/u_cu/FSM_sequential_stato_corrente_reg[0]/C
                            (rising edge-triggered cell FDRE clocked by sys_clk_pin  {rise@0.000ns fall@5.000ns period=10.000ns})
  Destination:            Mbooth/u_po/m_reg_reg[0]/CE
                            (rising edge-triggered cell FDRE clocked by sys_clk_pin  {rise@0.000ns fall@5.000ns period=10.000ns})
  Path Group:             sys_clk_pin
  Path Type:              Setup (Max at Slow Process Corner)
  Requirement:            10.000ns  (sys_clk_pin rise@10.000ns - sys_clk_pin rise@0.000ns)
  Data Path Delay:        2.719ns  (logic 0.718ns (26.403%)  route 2.001ns (73.597%))
  Logic Levels:           1  (LUT2=1)
  Clock Path Skew:        -0.022ns (DCD - SCD + CPR)
    Destination Clock Delay (DCD):    5.017ns = ( 15.017 - 10.000 ) 
    Source Clock Delay      (SCD):    5.315ns
    Clock Pessimism Removal (CPR):    0.276ns
  Clock Uncertainty:      0.035ns  ((TSJ^2 + TIJ^2)^1/2 + DJ) / 2 + PE
    Total System Jitter     (TSJ):    0.071ns
    Total Input Jitter      (TIJ):    0.000ns
    Discrete Jitter          (DJ):    0.000ns
    Phase Error              (PE):    0.000ns

    Location             Delay type                Incr(ns)  Path(ns)    Netlist Resource(s)
  -------------------------------------------------------------------    -------------------
                         (clock sys_clk_pin rise edge)
                                                      0.000     0.000 r  
    E3                                                0.000     0.000 r  CLK100MHZ (IN)
                         net (fo=0)                   0.000     0.000    CLK100MHZ
    E3                   IBUF (Prop_ibuf_I_O)         1.482     1.482 r  CLK100MHZ_IBUF_inst/O
                         net (fo=1, routed)           2.025     3.506    CLK100MHZ_IBUF
    BUFGCTRL_X0Y16       BUFG (Prop_bufg_I_O)         0.096     3.602 r  CLK100MHZ_IBUF_BUFG_inst/O
                         net (fo=39, routed)          1.712     5.315    Mbooth/u_cu/CLK100MHZ_IBUF_BUFG
    SLICE_X1Y70          FDRE                                         r  Mbooth/u_cu/FSM_sequential_stato_corrente_reg[0]/C
  -------------------------------------------------------------------    -------------------
    SLICE_X1Y70          FDRE (Prop_fdre_C_Q)         0.419     5.734 r  Mbooth/u_cu/FSM_sequential_stato_corrente_reg[0]/Q
                         net (fo=30, routed)          1.064     6.798    Mbooth/u_cu/stato_corrente[0]
    SLICE_X1Y69          LUT2 (Prop_lut2_I0_O)        0.299     7.097 r  Mbooth/u_cu/m_reg[7]_i_1/O
                         net (fo=8, routed)           0.938     8.034    Mbooth/u_po/E[0]
    SLICE_X0Y70          FDRE                                         r  Mbooth/u_po/m_reg_reg[0]/CE
  -------------------------------------------------------------------    -------------------

                         (clock sys_clk_pin rise edge)
                                                     10.000    10.000 r  
    E3                                                0.000    10.000 r  CLK100MHZ (IN)
                         net (fo=0)                   0.000    10.000    CLK100MHZ
    E3                   IBUF (Prop_ibuf_I_O)         1.411    11.411 r  CLK100MHZ_IBUF_inst/O
                         net (fo=1, routed)           1.920    13.331    CLK100MHZ_IBUF
    BUFGCTRL_X0Y16       BUFG (Prop_bufg_I_O)         0.091    13.422 r  CLK100MHZ_IBUF_BUFG_inst/O
                         net (fo=39, routed)          1.594    15.017    Mbooth/u_po/CLK100MHZ_IBUF_BUFG
    SLICE_X0Y70          FDRE                                         r  Mbooth/u_po/m_reg_reg[0]/C
                         clock pessimism              0.276    15.293    
                         clock uncertainty           -0.035    15.257    
    SLICE_X0Y70          FDRE (Setup_fdre_C_CE)      -0.205    15.052    Mbooth/u_po/m_reg_reg[0]
  -------------------------------------------------------------------
                         required time                         15.052    
                         arrival time                          -8.034    
  -------------------------------------------------------------------
                         slack                                  7.018    





Min Delay Paths
--------------------------------------------------------------------------------------
Slack (MET) :             0.234ns  (arrival time - required time)
  Source:                 Mbooth/u_cu/FSM_sequential_stato_corrente_reg[0]/C
                            (rising edge-triggered cell FDRE clocked by sys_clk_pin  {rise@0.000ns fall@5.000ns period=10.000ns})
  Destination:            Mbooth/u_po/qm1_reg_reg/D
                            (rising edge-triggered cell FDRE clocked by sys_clk_pin  {rise@0.000ns fall@5.000ns period=10.000ns})
  Path Group:             sys_clk_pin
  Path Type:              Hold (Min at Fast Process Corner)
  Requirement:            0.000ns  (sys_clk_pin rise@0.000ns - sys_clk_pin rise@0.000ns)
  Data Path Delay:        0.326ns  (logic 0.227ns (69.605%)  route 0.099ns (30.395%))
  Logic Levels:           1  (LUT5=1)
  Clock Path Skew:        0.000ns (DCD - SCD - CPR)
    Destination Clock Delay (DCD):    2.031ns
    Source Clock Delay      (SCD):    1.514ns
    Clock Pessimism Removal (CPR):    0.516ns

    Location             Delay type                Incr(ns)  Path(ns)    Netlist Resource(s)
  -------------------------------------------------------------------    -------------------
                         (clock sys_clk_pin rise edge)
                                                      0.000     0.000 r  
    E3                                                0.000     0.000 r  CLK100MHZ (IN)
                         net (fo=0)                   0.000     0.000    CLK100MHZ
    E3                   IBUF (Prop_ibuf_I_O)         0.250     0.250 r  CLK100MHZ_IBUF_inst/O
                         net (fo=1, routed)           0.644     0.894    CLK100MHZ_IBUF
    BUFGCTRL_X0Y16       BUFG (Prop_bufg_I_O)         0.026     0.920 r  CLK100MHZ_IBUF_BUFG_inst/O
                         net (fo=39, routed)          0.595     1.514    Mbooth/u_cu/CLK100MHZ_IBUF_BUFG
    SLICE_X1Y70          FDRE                                         r  Mbooth/u_cu/FSM_sequential_stato_corrente_reg[0]/C
  -------------------------------------------------------------------    -------------------
    SLICE_X1Y70          FDRE (Prop_fdre_C_Q)         0.128     1.642 r  Mbooth/u_cu/FSM_sequential_stato_corrente_reg[0]/Q
                         net (fo=30, routed)          0.099     1.741    Mbooth/u_po/stato_corrente[0]
    SLICE_X1Y70          LUT5 (Prop_lut5_I2_O)        0.099     1.840 r  Mbooth/u_po/qm1_reg_i_1/O
                         net (fo=1, routed)           0.000     1.840    Mbooth/u_po/qm1_reg_i_1_n_0
    SLICE_X1Y70          FDRE                                         r  Mbooth/u_po/qm1_reg_reg/D
  -------------------------------------------------------------------    -------------------

                         (clock sys_clk_pin rise edge)
                                                      0.000     0.000 r  
    E3                                                0.000     0.000 r  CLK100MHZ (IN)
                         net (fo=0)                   0.000     0.000    CLK100MHZ
    E3                   IBUF (Prop_ibuf_I_O)         0.438     0.438 r  CLK100MHZ_IBUF_inst/O
                         net (fo=1, routed)           0.699     1.136    CLK100MHZ_IBUF
    BUFGCTRL_X0Y16       BUFG (Prop_bufg_I_O)         0.029     1.165 r  CLK100MHZ_IBUF_BUFG_inst/O
                         net (fo=39, routed)          0.866     2.031    Mbooth/u_po/CLK100MHZ_IBUF_BUFG
    SLICE_X1Y70          FDRE                                         r  Mbooth/u_po/qm1_reg_reg/C
                         clock pessimism             -0.516     1.514    
    SLICE_X1Y70          FDRE (Hold_fdre_C_D)         0.092     1.606    Mbooth/u_po/qm1_reg_reg
  -------------------------------------------------------------------
                         required time                         -1.606    
                         arrival time                           1.840    
  -------------------------------------------------------------------
                         slack                                  0.234    

Slack (MET) :             0.276ns  (arrival time - required time)
  Source:                 Mbooth/u_po/m_reg_reg[0]/C
                            (rising edge-triggered cell FDRE clocked by sys_clk_pin  {rise@0.000ns fall@5.000ns period=10.000ns})
  Destination:            Mbooth/u_po/a_reg_reg[0]/D
                            (rising edge-triggered cell FDRE clocked by sys_clk_pin  {rise@0.000ns fall@5.000ns period=10.000ns})
  Path Group:             sys_clk_pin
  Path Type:              Hold (Min at Fast Process Corner)
  Requirement:            0.000ns  (sys_clk_pin rise@0.000ns - sys_clk_pin rise@0.000ns)
  Data Path Delay:        0.384ns  (logic 0.186ns (48.423%)  route 0.198ns (51.577%))
  Logic Levels:           1  (LUT4=1)
  Clock Path Skew:        0.016ns (DCD - SCD - CPR)
    Destination Clock Delay (DCD):    2.033ns
    Source Clock Delay      (SCD):    1.514ns
    Clock Pessimism Removal (CPR):    0.502ns

    Location             Delay type                Incr(ns)  Path(ns)    Netlist Resource(s)
  -------------------------------------------------------------------    -------------------
                         (clock sys_clk_pin rise edge)
                                                      0.000     0.000 r  
    E3                                                0.000     0.000 r  CLK100MHZ (IN)
                         net (fo=0)                   0.000     0.000    CLK100MHZ
    E3                   IBUF (Prop_ibuf_I_O)         0.250     0.250 r  CLK100MHZ_IBUF_inst/O
                         net (fo=1, routed)           0.644     0.894    CLK100MHZ_IBUF
    BUFGCTRL_X0Y16       BUFG (Prop_bufg_I_O)         0.026     0.920 r  CLK100MHZ_IBUF_BUFG_inst/O
                         net (fo=39, routed)          0.595     1.514    Mbooth/u_po/CLK100MHZ_IBUF_BUFG
    SLICE_X0Y70          FDRE                                         r  Mbooth/u_po/m_reg_reg[0]/C
  -------------------------------------------------------------------    -------------------
    SLICE_X0Y70          FDRE (Prop_fdre_C_Q)         0.141     1.655 r  Mbooth/u_po/m_reg_reg[0]/Q
                         net (fo=4, routed)           0.198     1.853    Mbooth/u_po/m_reg[0]
    SLICE_X0Y68          LUT4 (Prop_lut4_I1_O)        0.045     1.898 r  Mbooth/u_po/a_reg[0]_i_1/O
                         net (fo=1, routed)           0.000     1.898    Mbooth/u_po/p_2_in[0]
    SLICE_X0Y68          FDRE                                         r  Mbooth/u_po/a_reg_reg[0]/D
  -------------------------------------------------------------------    -------------------

                         (clock sys_clk_pin rise edge)
                                                      0.000     0.000 r  
    E3                                                0.000     0.000 r  CLK100MHZ (IN)
                         net (fo=0)                   0.000     0.000    CLK100MHZ
    E3                   IBUF (Prop_ibuf_I_O)         0.438     0.438 r  CLK100MHZ_IBUF_inst/O
                         net (fo=1, routed)           0.699     1.136    CLK100MHZ_IBUF
    BUFGCTRL_X0Y16       BUFG (Prop_bufg_I_O)         0.029     1.165 r  CLK100MHZ_IBUF_BUFG_inst/O
                         net (fo=39, routed)          0.868     2.033    Mbooth/u_po/CLK100MHZ_IBUF_BUFG
    SLICE_X0Y68          FDRE                                         r  Mbooth/u_po/a_reg_reg[0]/C
                         clock pessimism             -0.502     1.530    
    SLICE_X0Y68          FDRE (Hold_fdre_C_D)         0.092     1.622    Mbooth/u_po/a_reg_reg[0]
  -------------------------------------------------------------------
                         required time                         -1.622    
                         arrival time                           1.898    
  -------------------------------------------------------------------
                         slack                                  0.276    

Slack (MET) :             0.277ns  (arrival time - required time)
  Source:                 Mbooth/u_po/m_reg_reg[0]/C
                            (rising edge-triggered cell FDRE clocked by sys_clk_pin  {rise@0.000ns fall@5.000ns period=10.000ns})
  Destination:            Mbooth/u_po/a_reg_reg[1]/D
                            (rising edge-triggered cell FDRE clocked by sys_clk_pin  {rise@0.000ns fall@5.000ns period=10.000ns})
  Path Group:             sys_clk_pin
  Path Type:              Hold (Min at Fast Process Corner)
  Requirement:            0.000ns  (sys_clk_pin rise@0.000ns - sys_clk_pin rise@0.000ns)
  Data Path Delay:        0.385ns  (logic 0.186ns (48.316%)  route 0.199ns (51.684%))
  Logic Levels:           1  (LUT6=1)
  Clock Path Skew:        0.016ns (DCD - SCD - CPR)
    Destination Clock Delay (DCD):    2.033ns
    Source Clock Delay      (SCD):    1.514ns
    Clock Pessimism Removal (CPR):    0.502ns

    Location             Delay type                Incr(ns)  Path(ns)    Netlist Resource(s)
  -------------------------------------------------------------------    -------------------
                         (clock sys_clk_pin rise edge)
                                                      0.000     0.000 r  
    E3                                                0.000     0.000 r  CLK100MHZ (IN)
                         net (fo=0)                   0.000     0.000    CLK100MHZ
    E3                   IBUF (Prop_ibuf_I_O)         0.250     0.250 r  CLK100MHZ_IBUF_inst/O
                         net (fo=1, routed)           0.644     0.894    CLK100MHZ_IBUF
    BUFGCTRL_X0Y16       BUFG (Prop_bufg_I_O)         0.026     0.920 r  CLK100MHZ_IBUF_BUFG_inst/O
                         net (fo=39, routed)          0.595     1.514    Mbooth/u_po/CLK100MHZ_IBUF_BUFG
    SLICE_X0Y70          FDRE                                         r  Mbooth/u_po/m_reg_reg[0]/C
  -------------------------------------------------------------------    -------------------
    SLICE_X0Y70          FDRE (Prop_fdre_C_Q)         0.141     1.655 r  Mbooth/u_po/m_reg_reg[0]/Q
                         net (fo=4, routed)           0.199     1.854    Mbooth/u_po/m_reg[0]
    SLICE_X0Y68          LUT6 (Prop_lut6_I2_O)        0.045     1.899 r  Mbooth/u_po/a_reg[1]_i_1/O
                         net (fo=1, routed)           0.000     1.899    Mbooth/u_po/p_2_in[1]
    SLICE_X0Y68          FDRE                                         r  Mbooth/u_po/a_reg_reg[1]/D
  -------------------------------------------------------------------    -------------------

                         (clock sys_clk_pin rise edge)
                                                      0.000     0.000 r  
    E3                                                0.000     0.000 r  CLK100MHZ (IN)
                         net (fo=0)                   0.000     0.000    CLK100MHZ
    E3                   IBUF (Prop_ibuf_I_O)         0.438     0.438 r  CLK100MHZ_IBUF_inst/O
                         net (fo=1, routed)           0.699     1.136    CLK100MHZ_IBUF
    BUFGCTRL_X0Y16       BUFG (Prop_bufg_I_O)         0.029     1.165 r  CLK100MHZ_IBUF_BUFG_inst/O
                         net (fo=39, routed)          0.868     2.033    Mbooth/u_po/CLK100MHZ_IBUF_BUFG
    SLICE_X0Y68          FDRE                                         r  Mbooth/u_po/a_reg_reg[1]/C
                         clock pessimism             -0.502     1.530    
    SLICE_X0Y68          FDRE (Hold_fdre_C_D)         0.092     1.622    Mbooth/u_po/a_reg_reg[1]
  -------------------------------------------------------------------
                         required time                         -1.622    
                         arrival time                           1.899    
  -------------------------------------------------------------------
                         slack                                  0.277    

Slack (MET) :             0.279ns  (arrival time - required time)
  Source:                 Mbooth/u_po/a_reg_reg[7]/C
                            (rising edge-triggered cell FDRE clocked by sys_clk_pin  {rise@0.000ns fall@5.000ns period=10.000ns})
  Destination:            Mbooth/u_po/a_reg_reg[7]/D
                            (rising edge-triggered cell FDRE clocked by sys_clk_pin  {rise@0.000ns fall@5.000ns period=10.000ns})
  Path Group:             sys_clk_pin
  Path Type:              Hold (Min at Fast Process Corner)
  Requirement:            0.000ns  (sys_clk_pin rise@0.000ns - sys_clk_pin rise@0.000ns)
  Data Path Delay:        0.399ns  (logic 0.209ns (52.425%)  route 0.190ns (47.575%))
  Logic Levels:           1  (LUT6=1)
  Clock Path Skew:        0.000ns (DCD - SCD - CPR)
    Destination Clock Delay (DCD):    2.035ns
    Source Clock Delay      (SCD):    1.518ns
    Clock Pessimism Removal (CPR):    0.516ns

    Location             Delay type                Incr(ns)  Path(ns)    Netlist Resource(s)
  -------------------------------------------------------------------    -------------------
                         (clock sys_clk_pin rise edge)
                                                      0.000     0.000 r  
    E3                                                0.000     0.000 r  CLK100MHZ (IN)
                         net (fo=0)                   0.000     0.000    CLK100MHZ
    E3                   IBUF (Prop_ibuf_I_O)         0.250     0.250 r  CLK100MHZ_IBUF_inst/O
                         net (fo=1, routed)           0.644     0.894    CLK100MHZ_IBUF
    BUFGCTRL_X0Y16       BUFG (Prop_bufg_I_O)         0.026     0.920 r  CLK100MHZ_IBUF_BUFG_inst/O
                         net (fo=39, routed)          0.599     1.518    Mbooth/u_po/CLK100MHZ_IBUF_BUFG
    SLICE_X2Y66          FDRE                                         r  Mbooth/u_po/a_reg_reg[7]/C
  -------------------------------------------------------------------    -------------------
    SLICE_X2Y66          FDRE (Prop_fdre_C_Q)         0.164     1.682 r  Mbooth/u_po/a_reg_reg[7]/Q
                         net (fo=3, routed)           0.190     1.872    Mbooth/u_po/LED_OBUF[8]
    SLICE_X2Y66          LUT6 (Prop_lut6_I0_O)        0.045     1.917 r  Mbooth/u_po/a_reg[7]_i_1/O
                         net (fo=1, routed)           0.000     1.917    Mbooth/u_po/a_reg[7]_i_1_n_0
    SLICE_X2Y66          FDRE                                         r  Mbooth/u_po/a_reg_reg[7]/D
  -------------------------------------------------------------------    -------------------

                         (clock sys_clk_pin rise edge)
                                                      0.000     0.000 r  
    E3                                                0.000     0.000 r  CLK100MHZ (IN)
                         net (fo=0)                   0.000     0.000    CLK100MHZ
    E3                   IBUF (Prop_ibuf_I_O)         0.438     0.438 r  CLK100MHZ_IBUF_inst/O
                         net (fo=1, routed)           0.699     1.136    CLK100MHZ_IBUF
    BUFGCTRL_X0Y16       BUFG (Prop_bufg_I_O)         0.029     1.165 r  CLK100MHZ_IBUF_BUFG_inst/O
                         net (fo=39, routed)          0.870     2.035    Mbooth/u_po/CLK100MHZ_IBUF_BUFG
    SLICE_X2Y66          FDRE                                         r  Mbooth/u_po/a_reg_reg[7]/C
                         clock pessimism             -0.516     1.518    
    SLICE_X2Y66          FDRE (Hold_fdre_C_D)         0.120     1.638    Mbooth/u_po/a_reg_reg[7]
  -------------------------------------------------------------------
                         required time                         -1.638    
                         arrival time                           1.917    
  -------------------------------------------------------------------
                         slack                                  0.279    

Slack (MET) :             0.280ns  (arrival time - required time)
  Source:                 Mbooth/u_po/a_reg_reg[4]/C
                            (rising edge-triggered cell FDRE clocked by sys_clk_pin  {rise@0.000ns fall@5.000ns period=10.000ns})
  Destination:            Mbooth/u_po/a_reg_reg[4]/D
                            (rising edge-triggered cell FDRE clocked by sys_clk_pin  {rise@0.000ns fall@5.000ns period=10.000ns})
  Path Group:             sys_clk_pin
  Path Type:              Hold (Min at Fast Process Corner)
  Requirement:            0.000ns  (sys_clk_pin rise@0.000ns - sys_clk_pin rise@0.000ns)
  Data Path Delay:        0.371ns  (logic 0.186ns (50.171%)  route 0.185ns (49.829%))
  Logic Levels:           1  (LUT6=1)
  Clock Path Skew:        0.000ns (DCD - SCD - CPR)
    Destination Clock Delay (DCD):    2.035ns
    Source Clock Delay      (SCD):    1.518ns
    Clock Pessimism Removal (CPR):    0.516ns

    Location             Delay type                Incr(ns)  Path(ns)    Netlist Resource(s)
  -------------------------------------------------------------------    -------------------
                         (clock sys_clk_pin rise edge)
                                                      0.000     0.000 r  
    E3                                                0.000     0.000 r  CLK100MHZ (IN)
                         net (fo=0)                   0.000     0.000    CLK100MHZ
    E3                   IBUF (Prop_ibuf_I_O)         0.250     0.250 r  CLK100MHZ_IBUF_inst/O
                         net (fo=1, routed)           0.644     0.894    CLK100MHZ_IBUF
    BUFGCTRL_X0Y16       BUFG (Prop_bufg_I_O)         0.026     0.920 r  CLK100MHZ_IBUF_BUFG_inst/O
                         net (fo=39, routed)          0.599     1.518    Mbooth/u_po/CLK100MHZ_IBUF_BUFG
    SLICE_X0Y66          FDRE                                         r  Mbooth/u_po/a_reg_reg[4]/C
  -------------------------------------------------------------------    -------------------
    SLICE_X0Y66          FDRE (Prop_fdre_C_Q)         0.141     1.659 r  Mbooth/u_po/a_reg_reg[4]/Q
                         net (fo=5, routed)           0.185     1.844    Mbooth/u_po/Q[4]
    SLICE_X0Y66          LUT6 (Prop_lut6_I1_O)        0.045     1.889 r  Mbooth/u_po/a_reg[4]_i_1/O
                         net (fo=1, routed)           0.000     1.889    Mbooth/u_po/p_2_in[4]
    SLICE_X0Y66          FDRE                                         r  Mbooth/u_po/a_reg_reg[4]/D
  -------------------------------------------------------------------    -------------------

                         (clock sys_clk_pin rise edge)
                                                      0.000     0.000 r  
    E3                                                0.000     0.000 r  CLK100MHZ (IN)
                         net (fo=0)                   0.000     0.000    CLK100MHZ
    E3                   IBUF (Prop_ibuf_I_O)         0.438     0.438 r  CLK100MHZ_IBUF_inst/O
                         net (fo=1, routed)           0.699     1.136    CLK100MHZ_IBUF
    BUFGCTRL_X0Y16       BUFG (Prop_bufg_I_O)         0.029     1.165 r  CLK100MHZ_IBUF_BUFG_inst/O
                         net (fo=39, routed)          0.870     2.035    Mbooth/u_po/CLK100MHZ_IBUF_BUFG
    SLICE_X0Y66          FDRE                                         r  Mbooth/u_po/a_reg_reg[4]/C
                         clock pessimism             -0.516     1.518    
    SLICE_X0Y66          FDRE (Hold_fdre_C_D)         0.091     1.609    Mbooth/u_po/a_reg_reg[4]
  -------------------------------------------------------------------
                         required time                         -1.609    
                         arrival time                           1.889    
  -------------------------------------------------------------------
                         slack                                  0.280    

Slack (MET) :             0.285ns  (arrival time - required time)
  Source:                 Mbooth/u_cu/FSM_sequential_stato_corrente_reg[1]/C
                            (rising edge-triggered cell FDRE clocked by sys_clk_pin  {rise@0.000ns fall@5.000ns period=10.000ns})
  Destination:            Mbooth/u_po/u_cnt/cnt_reg[2]/D
                            (rising edge-triggered cell FDRE clocked by sys_clk_pin  {rise@0.000ns fall@5.000ns period=10.000ns})
  Path Group:             sys_clk_pin
  Path Type:              Hold (Min at Fast Process Corner)
  Requirement:            0.000ns  (sys_clk_pin rise@0.000ns - sys_clk_pin rise@0.000ns)
  Data Path Delay:        0.392ns  (logic 0.230ns (58.621%)  route 0.162ns (41.379%))
  Logic Levels:           1  (LUT5=1)
  Clock Path Skew:        0.000ns (DCD - SCD - CPR)
    Destination Clock Delay (DCD):    2.031ns
    Source Clock Delay      (SCD):    1.514ns
    Clock Pessimism Removal (CPR):    0.516ns

    Location             Delay type                Incr(ns)  Path(ns)    Netlist Resource(s)
  -------------------------------------------------------------------    -------------------
                         (clock sys_clk_pin rise edge)
                                                      0.000     0.000 r  
    E3                                                0.000     0.000 r  CLK100MHZ (IN)
                         net (fo=0)                   0.000     0.000    CLK100MHZ
    E3                   IBUF (Prop_ibuf_I_O)         0.250     0.250 r  CLK100MHZ_IBUF_inst/O
                         net (fo=1, routed)           0.644     0.894    CLK100MHZ_IBUF
    BUFGCTRL_X0Y16       BUFG (Prop_bufg_I_O)         0.026     0.920 r  CLK100MHZ_IBUF_BUFG_inst/O
                         net (fo=39, routed)          0.595     1.514    Mbooth/u_cu/CLK100MHZ_IBUF_BUFG
    SLICE_X1Y70          FDRE                                         r  Mbooth/u_cu/FSM_sequential_stato_corrente_reg[1]/C
  -------------------------------------------------------------------    -------------------
    SLICE_X1Y70          FDRE (Prop_fdre_C_Q)         0.128     1.642 r  Mbooth/u_cu/FSM_sequential_stato_corrente_reg[1]/Q
                         net (fo=22, routed)          0.162     1.805    Mbooth/u_po/u_cnt/stato_corrente[1]
    SLICE_X1Y70          LUT5 (Prop_lut5_I3_O)        0.102     1.907 r  Mbooth/u_po/u_cnt/cnt[2]_i_1/O
                         net (fo=1, routed)           0.000     1.907    Mbooth/u_po/u_cnt/cnt[2]_i_1_n_0
    SLICE_X1Y70          FDRE                                         r  Mbooth/u_po/u_cnt/cnt_reg[2]/D
  -------------------------------------------------------------------    -------------------

                         (clock sys_clk_pin rise edge)
                                                      0.000     0.000 r  
    E3                                                0.000     0.000 r  CLK100MHZ (IN)
                         net (fo=0)                   0.000     0.000    CLK100MHZ
    E3                   IBUF (Prop_ibuf_I_O)         0.438     0.438 r  CLK100MHZ_IBUF_inst/O
                         net (fo=1, routed)           0.699     1.136    CLK100MHZ_IBUF
    BUFGCTRL_X0Y16       BUFG (Prop_bufg_I_O)         0.029     1.165 r  CLK100MHZ_IBUF_BUFG_inst/O
                         net (fo=39, routed)          0.866     2.031    Mbooth/u_po/u_cnt/CLK100MHZ_IBUF_BUFG
    SLICE_X1Y70          FDRE                                         r  Mbooth/u_po/u_cnt/cnt_reg[2]/C
                         clock pessimism             -0.516     1.514    
    SLICE_X1Y70          FDRE (Hold_fdre_C_D)         0.107     1.621    Mbooth/u_po/u_cnt/cnt_reg[2]
  -------------------------------------------------------------------
                         required time                         -1.621    
                         arrival time                           1.907    
  -------------------------------------------------------------------
                         slack                                  0.285    

Slack (MET) :             0.290ns  (arrival time - required time)
  Source:                 Mbooth/u_cu/FSM_sequential_stato_corrente_reg[2]/C
                            (rising edge-triggered cell FDRE clocked by sys_clk_pin  {rise@0.000ns fall@5.000ns period=10.000ns})
  Destination:            Mbooth/u_cu/FSM_sequential_stato_corrente_reg[2]/D
                            (rising edge-triggered cell FDRE clocked by sys_clk_pin  {rise@0.000ns fall@5.000ns period=10.000ns})
  Path Group:             sys_clk_pin
  Path Type:              Hold (Min at Fast Process Corner)
  Requirement:            0.000ns  (sys_clk_pin rise@0.000ns - sys_clk_pin rise@0.000ns)
  Data Path Delay:        0.381ns  (logic 0.186ns (48.804%)  route 0.195ns (51.196%))
  Logic Levels:           1  (LUT6=1)
  Clock Path Skew:        0.000ns (DCD - SCD - CPR)
    Destination Clock Delay (DCD):    2.031ns
    Source Clock Delay      (SCD):    1.514ns
    Clock Pessimism Removal (CPR):    0.516ns

    Location             Delay type                Incr(ns)  Path(ns)    Netlist Resource(s)
  -------------------------------------------------------------------    -------------------
                         (clock sys_clk_pin rise edge)
                                                      0.000     0.000 r  
    E3                                                0.000     0.000 r  CLK100MHZ (IN)
                         net (fo=0)                   0.000     0.000    CLK100MHZ
    E3                   IBUF (Prop_ibuf_I_O)         0.250     0.250 r  CLK100MHZ_IBUF_inst/O
                         net (fo=1, routed)           0.644     0.894    CLK100MHZ_IBUF
    BUFGCTRL_X0Y16       BUFG (Prop_bufg_I_O)         0.026     0.920 r  CLK100MHZ_IBUF_BUFG_inst/O
                         net (fo=39, routed)          0.595     1.514    Mbooth/u_cu/CLK100MHZ_IBUF_BUFG
    SLICE_X1Y70          FDRE                                         r  Mbooth/u_cu/FSM_sequential_stato_corrente_reg[2]/C
  -------------------------------------------------------------------    -------------------
    SLICE_X1Y70          FDRE (Prop_fdre_C_Q)         0.141     1.655 r  Mbooth/u_cu/FSM_sequential_stato_corrente_reg[2]/Q
                         net (fo=4, routed)           0.195     1.850    Mbooth/u_cu/FSM_sequential_stato_corrente_reg[2]_0
    SLICE_X1Y70          LUT6 (Prop_lut6_I0_O)        0.045     1.895 r  Mbooth/u_cu/FSM_sequential_stato_corrente[2]_i_1/O
                         net (fo=1, routed)           0.000     1.895    Mbooth/u_cu/FSM_sequential_stato_corrente[2]_i_1_n_0
    SLICE_X1Y70          FDRE                                         r  Mbooth/u_cu/FSM_sequential_stato_corrente_reg[2]/D
  -------------------------------------------------------------------    -------------------

                         (clock sys_clk_pin rise edge)
                                                      0.000     0.000 r  
    E3                                                0.000     0.000 r  CLK100MHZ (IN)
                         net (fo=0)                   0.000     0.000    CLK100MHZ
    E3                   IBUF (Prop_ibuf_I_O)         0.438     0.438 r  CLK100MHZ_IBUF_inst/O
                         net (fo=1, routed)           0.699     1.136    CLK100MHZ_IBUF
    BUFGCTRL_X0Y16       BUFG (Prop_bufg_I_O)         0.029     1.165 r  CLK100MHZ_IBUF_BUFG_inst/O
                         net (fo=39, routed)          0.866     2.031    Mbooth/u_cu/CLK100MHZ_IBUF_BUFG
    SLICE_X1Y70          FDRE                                         r  Mbooth/u_cu/FSM_sequential_stato_corrente_reg[2]/C
                         clock pessimism             -0.516     1.514    
    SLICE_X1Y70          FDRE (Hold_fdre_C_D)         0.091     1.605    Mbooth/u_cu/FSM_sequential_stato_corrente_reg[2]
  -------------------------------------------------------------------
                         required time                         -1.605    
                         arrival time                           1.895    
  -------------------------------------------------------------------
                         slack                                  0.290    

Slack (MET) :             0.292ns  (arrival time - required time)
  Source:                 Mbooth/u_cu/FSM_sequential_stato_corrente_reg[1]/C
                            (rising edge-triggered cell FDRE clocked by sys_clk_pin  {rise@0.000ns fall@5.000ns period=10.000ns})
  Destination:            Mbooth/u_po/u_cnt/cnt_reg[0]/D
                            (rising edge-triggered cell FDRE clocked by sys_clk_pin  {rise@0.000ns fall@5.000ns period=10.000ns})
  Path Group:             sys_clk_pin
  Path Type:              Hold (Min at Fast Process Corner)
  Requirement:            0.000ns  (sys_clk_pin rise@0.000ns - sys_clk_pin rise@0.000ns)
  Data Path Delay:        0.394ns  (logic 0.232ns (58.831%)  route 0.162ns (41.169%))
  Logic Levels:           1  (LUT3=1)
  Clock Path Skew:        0.000ns (DCD - SCD - CPR)
    Destination Clock Delay (DCD):    2.031ns
    Source Clock Delay      (SCD):    1.514ns
    Clock Pessimism Removal (CPR):    0.516ns

    Location             Delay type                Incr(ns)  Path(ns)    Netlist Resource(s)
  -------------------------------------------------------------------    -------------------
                         (clock sys_clk_pin rise edge)
                                                      0.000     0.000 r  
    E3                                                0.000     0.000 r  CLK100MHZ (IN)
                         net (fo=0)                   0.000     0.000    CLK100MHZ
    E3                   IBUF (Prop_ibuf_I_O)         0.250     0.250 r  CLK100MHZ_IBUF_inst/O
                         net (fo=1, routed)           0.644     0.894    CLK100MHZ_IBUF
    BUFGCTRL_X0Y16       BUFG (Prop_bufg_I_O)         0.026     0.920 r  CLK100MHZ_IBUF_BUFG_inst/O
                         net (fo=39, routed)          0.595     1.514    Mbooth/u_cu/CLK100MHZ_IBUF_BUFG
    SLICE_X1Y70          FDRE                                         r  Mbooth/u_cu/FSM_sequential_stato_corrente_reg[1]/C
  -------------------------------------------------------------------    -------------------
    SLICE_X1Y70          FDRE (Prop_fdre_C_Q)         0.128     1.642 r  Mbooth/u_cu/FSM_sequential_stato_corrente_reg[1]/Q
                         net (fo=22, routed)          0.162     1.805    Mbooth/u_po/u_cnt/stato_corrente[1]
    SLICE_X1Y70          LUT3 (Prop_lut3_I1_O)        0.104     1.909 r  Mbooth/u_po/u_cnt/cnt[0]_i_1/O
                         net (fo=1, routed)           0.000     1.909    Mbooth/u_po/u_cnt/cnt[0]_i_1_n_0
    SLICE_X1Y70          FDRE                                         r  Mbooth/u_po/u_cnt/cnt_reg[0]/D
  -------------------------------------------------------------------    -------------------

                         (clock sys_clk_pin rise edge)
                                                      0.000     0.000 r  
    E3                                                0.000     0.000 r  CLK100MHZ (IN)
                         net (fo=0)                   0.000     0.000    CLK100MHZ
    E3                   IBUF (Prop_ibuf_I_O)         0.438     0.438 r  CLK100MHZ_IBUF_inst/O
                         net (fo=1, routed)           0.699     1.136    CLK100MHZ_IBUF
    BUFGCTRL_X0Y16       BUFG (Prop_bufg_I_O)         0.029     1.165 r  CLK100MHZ_IBUF_BUFG_inst/O
                         net (fo=39, routed)          0.866     2.031    Mbooth/u_po/u_cnt/CLK100MHZ_IBUF_BUFG
    SLICE_X1Y70          FDRE                                         r  Mbooth/u_po/u_cnt/cnt_reg[0]/C
                         clock pessimism             -0.516     1.514    
    SLICE_X1Y70          FDRE (Hold_fdre_C_D)         0.102     1.616    Mbooth/u_po/u_cnt/cnt_reg[0]
  -------------------------------------------------------------------
                         required time                         -1.616    
                         arrival time                           1.909    
  -------------------------------------------------------------------
                         slack                                  0.292    

Slack (MET) :             0.296ns  (arrival time - required time)
  Source:                 Mbooth/u_cu/FSM_sequential_stato_corrente_reg[1]/C
                            (rising edge-triggered cell FDRE clocked by sys_clk_pin  {rise@0.000ns fall@5.000ns period=10.000ns})
  Destination:            Mbooth/u_po/u_cnt/cnt_reg[1]/D
                            (rising edge-triggered cell FDRE clocked by sys_clk_pin  {rise@0.000ns fall@5.000ns period=10.000ns})
  Path Group:             sys_clk_pin
  Path Type:              Hold (Min at Fast Process Corner)
  Requirement:            0.000ns  (sys_clk_pin rise@0.000ns - sys_clk_pin rise@0.000ns)
  Data Path Delay:        0.388ns  (logic 0.226ns (58.195%)  route 0.162ns (41.805%))
  Logic Levels:           1  (LUT4=1)
  Clock Path Skew:        0.000ns (DCD - SCD - CPR)
    Destination Clock Delay (DCD):    2.031ns
    Source Clock Delay      (SCD):    1.514ns
    Clock Pessimism Removal (CPR):    0.516ns

    Location             Delay type                Incr(ns)  Path(ns)    Netlist Resource(s)
  -------------------------------------------------------------------    -------------------
                         (clock sys_clk_pin rise edge)
                                                      0.000     0.000 r  
    E3                                                0.000     0.000 r  CLK100MHZ (IN)
                         net (fo=0)                   0.000     0.000    CLK100MHZ
    E3                   IBUF (Prop_ibuf_I_O)         0.250     0.250 r  CLK100MHZ_IBUF_inst/O
                         net (fo=1, routed)           0.644     0.894    CLK100MHZ_IBUF
    BUFGCTRL_X0Y16       BUFG (Prop_bufg_I_O)         0.026     0.920 r  CLK100MHZ_IBUF_BUFG_inst/O
                         net (fo=39, routed)          0.595     1.514    Mbooth/u_cu/CLK100MHZ_IBUF_BUFG
    SLICE_X1Y70          FDRE                                         r  Mbooth/u_cu/FSM_sequential_stato_corrente_reg[1]/C
  -------------------------------------------------------------------    -------------------
    SLICE_X1Y70          FDRE (Prop_fdre_C_Q)         0.128     1.642 r  Mbooth/u_cu/FSM_sequential_stato_corrente_reg[1]/Q
                         net (fo=22, routed)          0.162     1.805    Mbooth/u_po/u_cnt/stato_corrente[1]
    SLICE_X1Y70          LUT4 (Prop_lut4_I2_O)        0.098     1.903 r  Mbooth/u_po/u_cnt/cnt[1]_i_1/O
                         net (fo=1, routed)           0.000     1.903    Mbooth/u_po/u_cnt/cnt[1]_i_1_n_0
    SLICE_X1Y70          FDRE                                         r  Mbooth/u_po/u_cnt/cnt_reg[1]/D
  -------------------------------------------------------------------    -------------------

                         (clock sys_clk_pin rise edge)
                                                      0.000     0.000 r  
    E3                                                0.000     0.000 r  CLK100MHZ (IN)
                         net (fo=0)                   0.000     0.000    CLK100MHZ
    E3                   IBUF (Prop_ibuf_I_O)         0.438     0.438 r  CLK100MHZ_IBUF_inst/O
                         net (fo=1, routed)           0.699     1.136    CLK100MHZ_IBUF
    BUFGCTRL_X0Y16       BUFG (Prop_bufg_I_O)         0.029     1.165 r  CLK100MHZ_IBUF_BUFG_inst/O
                         net (fo=39, routed)          0.866     2.031    Mbooth/u_po/u_cnt/CLK100MHZ_IBUF_BUFG
    SLICE_X1Y70          FDRE                                         r  Mbooth/u_po/u_cnt/cnt_reg[1]/C
                         clock pessimism             -0.516     1.514    
    SLICE_X1Y70          FDRE (Hold_fdre_C_D)         0.092     1.606    Mbooth/u_po/u_cnt/cnt_reg[1]
  -------------------------------------------------------------------
                         required time                         -1.606    
                         arrival time                           1.903    
  -------------------------------------------------------------------
                         slack                                  0.296    

Slack (MET) :             0.309ns  (arrival time - required time)
  Source:                 Mbooth/u_po/q_reg_reg[5]/C
                            (rising edge-triggered cell FDRE clocked by sys_clk_pin  {rise@0.000ns fall@5.000ns period=10.000ns})
  Destination:            Mbooth/u_po/q_reg_reg[4]_lopt_replica/D
                            (rising edge-triggered cell FDRE clocked by sys_clk_pin  {rise@0.000ns fall@5.000ns period=10.000ns})
  Path Group:             sys_clk_pin
  Path Type:              Hold (Min at Fast Process Corner)
  Requirement:            0.000ns  (sys_clk_pin rise@0.000ns - sys_clk_pin rise@0.000ns)
  Data Path Delay:        0.401ns  (logic 0.186ns (46.364%)  route 0.215ns (53.636%))
  Logic Levels:           1  (LUT3=1)
  Clock Path Skew:        0.000ns (DCD - SCD - CPR)
    Destination Clock Delay (DCD):    2.032ns
    Source Clock Delay      (SCD):    1.515ns
    Clock Pessimism Removal (CPR):    0.516ns

    Location             Delay type                Incr(ns)  Path(ns)    Netlist Resource(s)
  -------------------------------------------------------------------    -------------------
                         (clock sys_clk_pin rise edge)
                                                      0.000     0.000 r  
    E3                                                0.000     0.000 r  CLK100MHZ (IN)
                         net (fo=0)                   0.000     0.000    CLK100MHZ
    E3                   IBUF (Prop_ibuf_I_O)         0.250     0.250 r  CLK100MHZ_IBUF_inst/O
                         net (fo=1, routed)           0.644     0.894    CLK100MHZ_IBUF
    BUFGCTRL_X0Y16       BUFG (Prop_bufg_I_O)         0.026     0.920 r  CLK100MHZ_IBUF_BUFG_inst/O
                         net (fo=39, routed)          0.596     1.515    Mbooth/u_po/CLK100MHZ_IBUF_BUFG
    SLICE_X1Y69          FDRE                                         r  Mbooth/u_po/q_reg_reg[5]/C
  -------------------------------------------------------------------    -------------------
    SLICE_X1Y69          FDRE (Prop_fdre_C_Q)         0.141     1.656 r  Mbooth/u_po/q_reg_reg[5]/Q
                         net (fo=1, routed)           0.215     1.872    Mbooth/u_cu/Q[5]
    SLICE_X1Y69          LUT3 (Prop_lut3_I2_O)        0.045     1.917 r  Mbooth/u_cu/q_reg[4]_i_1/O
                         net (fo=2, routed)           0.000     1.917    Mbooth/u_po/D[4]
    SLICE_X1Y69          FDRE                                         r  Mbooth/u_po/q_reg_reg[4]_lopt_replica/D
  -------------------------------------------------------------------    -------------------

                         (clock sys_clk_pin rise edge)
                                                      0.000     0.000 r  
    E3                                                0.000     0.000 r  CLK100MHZ (IN)
                         net (fo=0)                   0.000     0.000    CLK100MHZ
    E3                   IBUF (Prop_ibuf_I_O)         0.438     0.438 r  CLK100MHZ_IBUF_inst/O
                         net (fo=1, routed)           0.699     1.136    CLK100MHZ_IBUF
    BUFGCTRL_X0Y16       BUFG (Prop_bufg_I_O)         0.029     1.165 r  CLK100MHZ_IBUF_BUFG_inst/O
                         net (fo=39, routed)          0.867     2.032    Mbooth/u_po/CLK100MHZ_IBUF_BUFG
    SLICE_X1Y69          FDRE                                         r  Mbooth/u_po/q_reg_reg[4]_lopt_replica/C
                         clock pessimism             -0.516     1.515    
    SLICE_X1Y69          FDRE (Hold_fdre_C_D)         0.092     1.607    Mbooth/u_po/q_reg_reg[4]_lopt_replica
  -------------------------------------------------------------------
                         required time                         -1.607    
                         arrival time                           1.917    
  -------------------------------------------------------------------
                         slack                                  0.309    





Pulse Width Checks
--------------------------------------------------------------------------------------
Clock Name:         sys_clk_pin
Waveform(ns):       { 0.000 5.000 }
Period(ns):         10.000
Sources:            { CLK100MHZ }

Check Type        Corner  Lib Pin  Reference Pin  Required(ns)  Actual(ns)  Slack(ns)  Location        Pin
Min Period        n/a     BUFG/I   n/a            2.155         10.000      7.845      BUFGCTRL_X0Y16  CLK100MHZ_IBUF_BUFG_inst/I
Min Period        n/a     FDRE/C   n/a            1.000         10.000      9.000      SLICE_X1Y70     Mbooth/u_cu/FSM_sequential_stato_corrente_reg[0]/C
Min Period        n/a     FDRE/C   n/a            1.000         10.000      9.000      SLICE_X1Y70     Mbooth/u_cu/FSM_sequential_stato_corrente_reg[1]/C
Min Period        n/a     FDRE/C   n/a            1.000         10.000      9.000      SLICE_X1Y70     Mbooth/u_cu/FSM_sequential_stato_corrente_reg[2]/C
Min Period        n/a     FDRE/C   n/a            1.000         10.000      9.000      SLICE_X0Y68     Mbooth/u_po/a_reg_reg[0]/C
Min Period        n/a     FDRE/C   n/a            1.000         10.000      9.000      SLICE_X0Y68     Mbooth/u_po/a_reg_reg[1]/C
Min Period        n/a     FDRE/C   n/a            1.000         10.000      9.000      SLICE_X0Y67     Mbooth/u_po/a_reg_reg[2]/C
Min Period        n/a     FDRE/C   n/a            1.000         10.000      9.000      SLICE_X0Y67     Mbooth/u_po/a_reg_reg[3]/C
Min Period        n/a     FDRE/C   n/a            1.000         10.000      9.000      SLICE_X0Y66     Mbooth/u_po/a_reg_reg[4]/C
Min Period        n/a     FDRE/C   n/a            1.000         10.000      9.000      SLICE_X0Y66     Mbooth/u_po/a_reg_reg[5]/C
Low Pulse Width   Slow    FDRE/C   n/a            0.500         5.000       4.500      SLICE_X1Y70     Mbooth/u_cu/FSM_sequential_stato_corrente_reg[0]/C
Low Pulse Width   Fast    FDRE/C   n/a            0.500         5.000       4.500      SLICE_X1Y70     Mbooth/u_cu/FSM_sequential_stato_corrente_reg[0]/C
Low Pulse Width   Slow    FDRE/C   n/a            0.500         5.000       4.500      SLICE_X1Y70     Mbooth/u_cu/FSM_sequential_stato_corrente_reg[1]/C
Low Pulse Width   Fast    FDRE/C   n/a            0.500         5.000       4.500      SLICE_X1Y70     Mbooth/u_cu/FSM_sequential_stato_corrente_reg[1]/C
Low Pulse Width   Slow    FDRE/C   n/a            0.500         5.000       4.500      SLICE_X1Y70     Mbooth/u_cu/FSM_sequential_stato_corrente_reg[2]/C
Low Pulse Width   Fast    FDRE/C   n/a            0.500         5.000       4.500      SLICE_X1Y70     Mbooth/u_cu/FSM_sequential_stato_corrente_reg[2]/C
Low Pulse Width   Slow    FDRE/C   n/a            0.500         5.000       4.500      SLICE_X0Y68     Mbooth/u_po/a_reg_reg[0]/C
Low Pulse Width   Fast    FDRE/C   n/a            0.500         5.000       4.500      SLICE_X0Y68     Mbooth/u_po/a_reg_reg[0]/C
Low Pulse Width   Slow    FDRE/C   n/a            0.500         5.000       4.500      SLICE_X0Y68     Mbooth/u_po/a_reg_reg[1]/C
Low Pulse Width   Fast    FDRE/C   n/a            0.500         5.000       4.500      SLICE_X0Y68     Mbooth/u_po/a_reg_reg[1]/C
High Pulse Width  Slow    FDRE/C   n/a            0.500         5.000       4.500      SLICE_X1Y70     Mbooth/u_cu/FSM_sequential_stato_corrente_reg[0]/C
High Pulse Width  Fast    FDRE/C   n/a            0.500         5.000       4.500      SLICE_X1Y70     Mbooth/u_cu/FSM_sequential_stato_corrente_reg[0]/C
High Pulse Width  Slow    FDRE/C   n/a            0.500         5.000       4.500      SLICE_X1Y70     Mbooth/u_cu/FSM_sequential_stato_corrente_reg[1]/C
High Pulse Width  Fast    FDRE/C   n/a            0.500         5.000       4.500      SLICE_X1Y70     Mbooth/u_cu/FSM_sequential_stato_corrente_reg[1]/C
High Pulse Width  Slow    FDRE/C   n/a            0.500         5.000       4.500      SLICE_X1Y70     Mbooth/u_cu/FSM_sequential_stato_corrente_reg[2]/C
High Pulse Width  Fast    FDRE/C   n/a            0.500         5.000       4.500      SLICE_X1Y70     Mbooth/u_cu/FSM_sequential_stato_corrente_reg[2]/C
High Pulse Width  Slow    FDRE/C   n/a            0.500         5.000       4.500      SLICE_X0Y68     Mbooth/u_po/a_reg_reg[0]/C
High Pulse Width  Fast    FDRE/C   n/a            0.500         5.000       4.500      SLICE_X0Y68     Mbooth/u_po/a_reg_reg[0]/C
High Pulse Width  Slow    FDRE/C   n/a            0.500         5.000       4.500      SLICE_X0Y68     Mbooth/u_po/a_reg_reg[1]/C
High Pulse Width  Fast    FDRE/C   n/a            0.500         5.000       4.500      SLICE_X0Y68     Mbooth/u_po/a_reg_reg[1]/C



--------------------------------------------------------------------------------------
Path Group:  (none)
From Clock:  sys_clk_pin
  To Clock:  

Max Delay            17 Endpoints
Min Delay            17 Endpoints
--------------------------------------------------------------------------------------


Max Delay Paths
--------------------------------------------------------------------------------------
Slack:                    inf
  Source:                 Mbooth/u_po/q_reg_reg[2]_lopt_replica/C
                            (rising edge-triggered cell FDRE clocked by sys_clk_pin  {rise@0.000ns fall@5.000ns period=10.000ns})
  Destination:            LED[2]
                            (output port)
  Path Group:             (none)
  Path Type:              Max at Slow Process Corner
  Data Path Delay:        7.300ns  (logic 4.009ns (54.915%)  route 3.291ns (45.085%))
  Logic Levels:           1  (OBUF=1)
  Clock Uncertainty:      0.025ns  ((TSJ^2 + TIJ^2)^1/2 + DJ) / 2 + PE
    Total System Jitter     (TSJ):    0.050ns
    Total Input Jitter      (TIJ):    0.000ns
    Discrete Jitter          (DJ):    0.000ns
    Phase Error              (PE):    0.000ns

    Location             Delay type                Incr(ns)  Path(ns)    Netlist Resource(s)
  -------------------------------------------------------------------    -------------------
                         (clock sys_clk_pin rise edge)
                                                      0.000     0.000 r  
    E3                                                0.000     0.000 r  CLK100MHZ (IN)
                         net (fo=0)                   0.000     0.000    CLK100MHZ
    E3                   IBUF (Prop_ibuf_I_O)         1.482     1.482 r  CLK100MHZ_IBUF_inst/O
                         net (fo=1, routed)           2.025     3.506    CLK100MHZ_IBUF
    BUFGCTRL_X0Y16       BUFG (Prop_bufg_I_O)         0.096     3.602 r  CLK100MHZ_IBUF_BUFG_inst/O
                         net (fo=39, routed)          1.714     5.317    Mbooth/u_po/CLK100MHZ_IBUF_BUFG
    SLICE_X1Y68          FDRE                                         r  Mbooth/u_po/q_reg_reg[2]_lopt_replica/C
  -------------------------------------------------------------------    -------------------
    SLICE_X1Y68          FDRE (Prop_fdre_C_Q)         0.456     5.773 r  Mbooth/u_po/q_reg_reg[2]_lopt_replica/Q
                         net (fo=1, routed)           3.291     9.064    lopt_2
    J13                  OBUF (Prop_obuf_I_O)         3.553    12.616 r  LED_OBUF[2]_inst/O
                         net (fo=0)                   0.000    12.616    LED[2]
    J13                                                               r  LED[2] (OUT)
  -------------------------------------------------------------------    -------------------

Slack:                    inf
  Source:                 Mbooth/u_po/q_reg_reg[0]_lopt_replica/C
                            (rising edge-triggered cell FDRE clocked by sys_clk_pin  {rise@0.000ns fall@5.000ns period=10.000ns})
  Destination:            LED[0]
                            (output port)
  Path Group:             (none)
  Path Type:              Max at Slow Process Corner
  Data Path Delay:        7.242ns  (logic 3.976ns (54.908%)  route 3.265ns (45.092%))
  Logic Levels:           1  (OBUF=1)
  Clock Uncertainty:      0.025ns  ((TSJ^2 + TIJ^2)^1/2 + DJ) / 2 + PE
    Total System Jitter     (TSJ):    0.050ns
    Total Input Jitter      (TIJ):    0.000ns
    Discrete Jitter          (DJ):    0.000ns
    Phase Error              (PE):    0.000ns

    Location             Delay type                Incr(ns)  Path(ns)    Netlist Resource(s)
  -------------------------------------------------------------------    -------------------
                         (clock sys_clk_pin rise edge)
                                                      0.000     0.000 r  
    E3                                                0.000     0.000 r  CLK100MHZ (IN)
                         net (fo=0)                   0.000     0.000    CLK100MHZ
    E3                   IBUF (Prop_ibuf_I_O)         1.482     1.482 r  CLK100MHZ_IBUF_inst/O
                         net (fo=1, routed)           2.025     3.506    CLK100MHZ_IBUF
    BUFGCTRL_X0Y16       BUFG (Prop_bufg_I_O)         0.096     3.602 r  CLK100MHZ_IBUF_BUFG_inst/O
                         net (fo=39, routed)          1.714     5.317    Mbooth/u_po/CLK100MHZ_IBUF_BUFG
    SLICE_X1Y68          FDRE                                         r  Mbooth/u_po/q_reg_reg[0]_lopt_replica/C
  -------------------------------------------------------------------    -------------------
    SLICE_X1Y68          FDRE (Prop_fdre_C_Q)         0.456     5.773 r  Mbooth/u_po/q_reg_reg[0]_lopt_replica/Q
                         net (fo=1, routed)           3.265     9.038    lopt
    H17                  OBUF (Prop_obuf_I_O)         3.520    12.559 r  LED_OBUF[0]_inst/O
                         net (fo=0)                   0.000    12.559    LED[0]
    H17                                                               r  LED[0] (OUT)
  -------------------------------------------------------------------    -------------------

Slack:                    inf
  Source:                 Mbooth/u_po/q_reg_reg[1]_lopt_replica/C
                            (rising edge-triggered cell FDRE clocked by sys_clk_pin  {rise@0.000ns fall@5.000ns period=10.000ns})
  Destination:            LED[1]
                            (output port)
  Path Group:             (none)
  Path Type:              Max at Slow Process Corner
  Data Path Delay:        6.890ns  (logic 3.991ns (57.926%)  route 2.899ns (42.074%))
  Logic Levels:           1  (OBUF=1)
  Clock Uncertainty:      0.025ns  ((TSJ^2 + TIJ^2)^1/2 + DJ) / 2 + PE
    Total System Jitter     (TSJ):    0.050ns
    Total Input Jitter      (TIJ):    0.000ns
    Discrete Jitter          (DJ):    0.000ns
    Phase Error              (PE):    0.000ns

    Location             Delay type                Incr(ns)  Path(ns)    Netlist Resource(s)
  -------------------------------------------------------------------    -------------------
                         (clock sys_clk_pin rise edge)
                                                      0.000     0.000 r  
    E3                                                0.000     0.000 r  CLK100MHZ (IN)
                         net (fo=0)                   0.000     0.000    CLK100MHZ
    E3                   IBUF (Prop_ibuf_I_O)         1.482     1.482 r  CLK100MHZ_IBUF_inst/O
                         net (fo=1, routed)           2.025     3.506    CLK100MHZ_IBUF
    BUFGCTRL_X0Y16       BUFG (Prop_bufg_I_O)         0.096     3.602 r  CLK100MHZ_IBUF_BUFG_inst/O
                         net (fo=39, routed)          1.714     5.317    Mbooth/u_po/CLK100MHZ_IBUF_BUFG
    SLICE_X1Y68          FDRE                                         r  Mbooth/u_po/q_reg_reg[1]_lopt_replica/C
  -------------------------------------------------------------------    -------------------
    SLICE_X1Y68          FDRE (Prop_fdre_C_Q)         0.456     5.773 r  Mbooth/u_po/q_reg_reg[1]_lopt_replica/Q
                         net (fo=1, routed)           2.899     8.672    lopt_1
    K15                  OBUF (Prop_obuf_I_O)         3.535    12.207 r  LED_OBUF[1]_inst/O
                         net (fo=0)                   0.000    12.207    LED[1]
    K15                                                               r  LED[1] (OUT)
  -------------------------------------------------------------------    -------------------

Slack:                    inf
  Source:                 Mbooth/u_po/q_reg_reg[3]_lopt_replica/C
                            (rising edge-triggered cell FDRE clocked by sys_clk_pin  {rise@0.000ns fall@5.000ns period=10.000ns})
  Destination:            LED[3]
                            (output port)
  Path Group:             (none)
  Path Type:              Max at Slow Process Corner
  Data Path Delay:        6.168ns  (logic 4.007ns (64.956%)  route 2.161ns (35.044%))
  Logic Levels:           1  (OBUF=1)
  Clock Uncertainty:      0.025ns  ((TSJ^2 + TIJ^2)^1/2 + DJ) / 2 + PE
    Total System Jitter     (TSJ):    0.050ns
    Total Input Jitter      (TIJ):    0.000ns
    Discrete Jitter          (DJ):    0.000ns
    Phase Error              (PE):    0.000ns

    Location             Delay type                Incr(ns)  Path(ns)    Netlist Resource(s)
  -------------------------------------------------------------------    -------------------
                         (clock sys_clk_pin rise edge)
                                                      0.000     0.000 r  
    E3                                                0.000     0.000 r  CLK100MHZ (IN)
                         net (fo=0)                   0.000     0.000    CLK100MHZ
    E3                   IBUF (Prop_ibuf_I_O)         1.482     1.482 r  CLK100MHZ_IBUF_inst/O
                         net (fo=1, routed)           2.025     3.506    CLK100MHZ_IBUF
    BUFGCTRL_X0Y16       BUFG (Prop_bufg_I_O)         0.096     3.602 r  CLK100MHZ_IBUF_BUFG_inst/O
                         net (fo=39, routed)          1.713     5.316    Mbooth/u_po/CLK100MHZ_IBUF_BUFG
    SLICE_X1Y69          FDRE                                         r  Mbooth/u_po/q_reg_reg[3]_lopt_replica/C
  -------------------------------------------------------------------    -------------------
    SLICE_X1Y69          FDRE (Prop_fdre_C_Q)         0.456     5.772 r  Mbooth/u_po/q_reg_reg[3]_lopt_replica/Q
                         net (fo=1, routed)           2.161     7.933    lopt_3
    N14                  OBUF (Prop_obuf_I_O)         3.551    11.484 r  LED_OBUF[3]_inst/O
                         net (fo=0)                   0.000    11.484    LED[3]
    N14                                                               r  LED[3] (OUT)
  -------------------------------------------------------------------    -------------------

Slack:                    inf
  Source:                 Mbooth/u_po/q_reg_reg[4]_lopt_replica/C
                            (rising edge-triggered cell FDRE clocked by sys_clk_pin  {rise@0.000ns fall@5.000ns period=10.000ns})
  Destination:            LED[4]
                            (output port)
  Path Group:             (none)
  Path Type:              Max at Slow Process Corner
  Data Path Delay:        6.152ns  (logic 4.008ns (65.146%)  route 2.144ns (34.854%))
  Logic Levels:           1  (OBUF=1)
  Clock Uncertainty:      0.025ns  ((TSJ^2 + TIJ^2)^1/2 + DJ) / 2 + PE
    Total System Jitter     (TSJ):    0.050ns
    Total Input Jitter      (TIJ):    0.000ns
    Discrete Jitter          (DJ):    0.000ns
    Phase Error              (PE):    0.000ns

    Location             Delay type                Incr(ns)  Path(ns)    Netlist Resource(s)
  -------------------------------------------------------------------    -------------------
                         (clock sys_clk_pin rise edge)
                                                      0.000     0.000 r  
    E3                                                0.000     0.000 r  CLK100MHZ (IN)
                         net (fo=0)                   0.000     0.000    CLK100MHZ
    E3                   IBUF (Prop_ibuf_I_O)         1.482     1.482 r  CLK100MHZ_IBUF_inst/O
                         net (fo=1, routed)           2.025     3.506    CLK100MHZ_IBUF
    BUFGCTRL_X0Y16       BUFG (Prop_bufg_I_O)         0.096     3.602 r  CLK100MHZ_IBUF_BUFG_inst/O
                         net (fo=39, routed)          1.713     5.316    Mbooth/u_po/CLK100MHZ_IBUF_BUFG
    SLICE_X1Y69          FDRE                                         r  Mbooth/u_po/q_reg_reg[4]_lopt_replica/C
  -------------------------------------------------------------------    -------------------
    SLICE_X1Y69          FDRE (Prop_fdre_C_Q)         0.456     5.772 r  Mbooth/u_po/q_reg_reg[4]_lopt_replica/Q
                         net (fo=1, routed)           2.144     7.916    lopt_4
    R18                  OBUF (Prop_obuf_I_O)         3.552    11.468 r  LED_OBUF[4]_inst/O
                         net (fo=0)                   0.000    11.468    LED[4]
    R18                                                               r  LED[4] (OUT)
  -------------------------------------------------------------------    -------------------

Slack:                    inf
  Source:                 Mbooth/u_po/a_reg_reg[2]/C
                            (rising edge-triggered cell FDRE clocked by sys_clk_pin  {rise@0.000ns fall@5.000ns period=10.000ns})
  Destination:            LED[10]
                            (output port)
  Path Group:             (none)
  Path Type:              Max at Slow Process Corner
  Data Path Delay:        6.127ns  (logic 4.008ns (65.419%)  route 2.119ns (34.581%))
  Logic Levels:           1  (OBUF=1)
  Clock Uncertainty:      0.025ns  ((TSJ^2 + TIJ^2)^1/2 + DJ) / 2 + PE
    Total System Jitter     (TSJ):    0.050ns
    Total Input Jitter      (TIJ):    0.000ns
    Discrete Jitter          (DJ):    0.000ns
    Phase Error              (PE):    0.000ns

    Location             Delay type                Incr(ns)  Path(ns)    Netlist Resource(s)
  -------------------------------------------------------------------    -------------------
                         (clock sys_clk_pin rise edge)
                                                      0.000     0.000 r  
    E3                                                0.000     0.000 r  CLK100MHZ (IN)
                         net (fo=0)                   0.000     0.000    CLK100MHZ
    E3                   IBUF (Prop_ibuf_I_O)         1.482     1.482 r  CLK100MHZ_IBUF_inst/O
                         net (fo=1, routed)           2.025     3.506    CLK100MHZ_IBUF
    BUFGCTRL_X0Y16       BUFG (Prop_bufg_I_O)         0.096     3.602 r  CLK100MHZ_IBUF_BUFG_inst/O
                         net (fo=39, routed)          1.716     5.319    Mbooth/u_po/CLK100MHZ_IBUF_BUFG
    SLICE_X0Y67          FDRE                                         r  Mbooth/u_po/a_reg_reg[2]/C
  -------------------------------------------------------------------    -------------------
    SLICE_X0Y67          FDRE (Prop_fdre_C_Q)         0.456     5.775 r  Mbooth/u_po/a_reg_reg[2]/Q
                         net (fo=5, routed)           2.119     7.894    LED_OBUF[10]
    U14                  OBUF (Prop_obuf_I_O)         3.552    11.446 r  LED_OBUF[10]_inst/O
                         net (fo=0)                   0.000    11.446    LED[10]
    U14                                                               r  LED[10] (OUT)
  -------------------------------------------------------------------    -------------------

Slack:                    inf
  Source:                 Mbooth/u_po/a_reg_reg[7]/C
                            (rising edge-triggered cell FDRE clocked by sys_clk_pin  {rise@0.000ns fall@5.000ns period=10.000ns})
  Destination:            LED[15]
                            (output port)
  Path Group:             (none)
  Path Type:              Max at Slow Process Corner
  Data Path Delay:        6.035ns  (logic 4.087ns (67.720%)  route 1.948ns (32.280%))
  Logic Levels:           1  (OBUF=1)
  Clock Uncertainty:      0.025ns  ((TSJ^2 + TIJ^2)^1/2 + DJ) / 2 + PE
    Total System Jitter     (TSJ):    0.050ns
    Total Input Jitter      (TIJ):    0.000ns
    Discrete Jitter          (DJ):    0.000ns
    Phase Error              (PE):    0.000ns

    Location             Delay type                Incr(ns)  Path(ns)    Netlist Resource(s)
  -------------------------------------------------------------------    -------------------
                         (clock sys_clk_pin rise edge)
                                                      0.000     0.000 r  
    E3                                                0.000     0.000 r  CLK100MHZ (IN)
                         net (fo=0)                   0.000     0.000    CLK100MHZ
    E3                   IBUF (Prop_ibuf_I_O)         1.482     1.482 r  CLK100MHZ_IBUF_inst/O
                         net (fo=1, routed)           2.025     3.506    CLK100MHZ_IBUF
    BUFGCTRL_X0Y16       BUFG (Prop_bufg_I_O)         0.096     3.602 r  CLK100MHZ_IBUF_BUFG_inst/O
                         net (fo=39, routed)          1.717     5.320    Mbooth/u_po/CLK100MHZ_IBUF_BUFG
    SLICE_X2Y66          FDRE                                         r  Mbooth/u_po/a_reg_reg[7]/C
  -------------------------------------------------------------------    -------------------
    SLICE_X2Y66          FDRE (Prop_fdre_C_Q)         0.518     5.838 r  Mbooth/u_po/a_reg_reg[7]/Q
                         net (fo=3, routed)           1.948     7.786    LED_OBUF[15]
    V11                  OBUF (Prop_obuf_I_O)         3.569    11.355 r  LED_OBUF[15]_inst/O
                         net (fo=0)                   0.000    11.355    LED[15]
    V11                                                               r  LED[15] (OUT)
  -------------------------------------------------------------------    -------------------

Slack:                    inf
  Source:                 Mbooth/u_po/a_reg_reg[4]/C
                            (rising edge-triggered cell FDRE clocked by sys_clk_pin  {rise@0.000ns fall@5.000ns period=10.000ns})
  Destination:            LED[12]
                            (output port)
  Path Group:             (none)
  Path Type:              Max at Slow Process Corner
  Data Path Delay:        5.994ns  (logic 4.008ns (66.862%)  route 1.986ns (33.138%))
  Logic Levels:           1  (OBUF=1)
  Clock Uncertainty:      0.025ns  ((TSJ^2 + TIJ^2)^1/2 + DJ) / 2 + PE
    Total System Jitter     (TSJ):    0.050ns
    Total Input Jitter      (TIJ):    0.000ns
    Discrete Jitter          (DJ):    0.000ns
    Phase Error              (PE):    0.000ns

    Location             Delay type                Incr(ns)  Path(ns)    Netlist Resource(s)
  -------------------------------------------------------------------    -------------------
                         (clock sys_clk_pin rise edge)
                                                      0.000     0.000 r  
    E3                                                0.000     0.000 r  CLK100MHZ (IN)
                         net (fo=0)                   0.000     0.000    CLK100MHZ
    E3                   IBUF (Prop_ibuf_I_O)         1.482     1.482 r  CLK100MHZ_IBUF_inst/O
                         net (fo=1, routed)           2.025     3.506    CLK100MHZ_IBUF
    BUFGCTRL_X0Y16       BUFG (Prop_bufg_I_O)         0.096     3.602 r  CLK100MHZ_IBUF_BUFG_inst/O
                         net (fo=39, routed)          1.717     5.320    Mbooth/u_po/CLK100MHZ_IBUF_BUFG
    SLICE_X0Y66          FDRE                                         r  Mbooth/u_po/a_reg_reg[4]/C
  -------------------------------------------------------------------    -------------------
    SLICE_X0Y66          FDRE (Prop_fdre_C_Q)         0.456     5.776 r  Mbooth/u_po/a_reg_reg[4]/Q
                         net (fo=5, routed)           1.986     7.762    LED_OBUF[12]
    V15                  OBUF (Prop_obuf_I_O)         3.552    11.314 r  LED_OBUF[12]_inst/O
                         net (fo=0)                   0.000    11.314    LED[12]
    V15                                                               r  LED[12] (OUT)
  -------------------------------------------------------------------    -------------------

Slack:                    inf
  Source:                 Mbooth/u_po/a_reg_reg[5]/C
                            (rising edge-triggered cell FDRE clocked by sys_clk_pin  {rise@0.000ns fall@5.000ns period=10.000ns})
  Destination:            LED[13]
                            (output port)
  Path Group:             (none)
  Path Type:              Max at Slow Process Corner
  Data Path Delay:        5.963ns  (logic 4.010ns (67.245%)  route 1.953ns (32.755%))
  Logic Levels:           1  (OBUF=1)
  Clock Uncertainty:      0.025ns  ((TSJ^2 + TIJ^2)^1/2 + DJ) / 2 + PE
    Total System Jitter     (TSJ):    0.050ns
    Total Input Jitter      (TIJ):    0.000ns
    Discrete Jitter          (DJ):    0.000ns
    Phase Error              (PE):    0.000ns

    Location             Delay type                Incr(ns)  Path(ns)    Netlist Resource(s)
  -------------------------------------------------------------------    -------------------
                         (clock sys_clk_pin rise edge)
                                                      0.000     0.000 r  
    E3                                                0.000     0.000 r  CLK100MHZ (IN)
                         net (fo=0)                   0.000     0.000    CLK100MHZ
    E3                   IBUF (Prop_ibuf_I_O)         1.482     1.482 r  CLK100MHZ_IBUF_inst/O
                         net (fo=1, routed)           2.025     3.506    CLK100MHZ_IBUF
    BUFGCTRL_X0Y16       BUFG (Prop_bufg_I_O)         0.096     3.602 r  CLK100MHZ_IBUF_BUFG_inst/O
                         net (fo=39, routed)          1.717     5.320    Mbooth/u_po/CLK100MHZ_IBUF_BUFG
    SLICE_X0Y66          FDRE                                         r  Mbooth/u_po/a_reg_reg[5]/C
  -------------------------------------------------------------------    -------------------
    SLICE_X0Y66          FDRE (Prop_fdre_C_Q)         0.456     5.776 r  Mbooth/u_po/a_reg_reg[5]/Q
                         net (fo=5, routed)           1.953     7.729    LED_OBUF[13]
    V14                  OBUF (Prop_obuf_I_O)         3.554    11.283 r  LED_OBUF[13]_inst/O
                         net (fo=0)                   0.000    11.283    LED[13]
    V14                                                               r  LED[13] (OUT)
  -------------------------------------------------------------------    -------------------

Slack:                    inf
  Source:                 Mbooth/u_cu/FSM_sequential_stato_corrente_reg[2]/C
                            (rising edge-triggered cell FDRE clocked by sys_clk_pin  {rise@0.000ns fall@5.000ns period=10.000ns})
  Destination:            LED16_G
                            (output port)
  Path Group:             (none)
  Path Type:              Max at Slow Process Corner
  Data Path Delay:        5.948ns  (logic 3.977ns (66.867%)  route 1.971ns (33.133%))
  Logic Levels:           1  (OBUF=1)
  Clock Uncertainty:      0.025ns  ((TSJ^2 + TIJ^2)^1/2 + DJ) / 2 + PE
    Total System Jitter     (TSJ):    0.050ns
    Total Input Jitter      (TIJ):    0.000ns
    Discrete Jitter          (DJ):    0.000ns
    Phase Error              (PE):    0.000ns

    Location             Delay type                Incr(ns)  Path(ns)    Netlist Resource(s)
  -------------------------------------------------------------------    -------------------
                         (clock sys_clk_pin rise edge)
                                                      0.000     0.000 r  
    E3                                                0.000     0.000 r  CLK100MHZ (IN)
                         net (fo=0)                   0.000     0.000    CLK100MHZ
    E3                   IBUF (Prop_ibuf_I_O)         1.482     1.482 r  CLK100MHZ_IBUF_inst/O
                         net (fo=1, routed)           2.025     3.506    CLK100MHZ_IBUF
    BUFGCTRL_X0Y16       BUFG (Prop_bufg_I_O)         0.096     3.602 r  CLK100MHZ_IBUF_BUFG_inst/O
                         net (fo=39, routed)          1.712     5.315    Mbooth/u_cu/CLK100MHZ_IBUF_BUFG
    SLICE_X1Y70          FDRE                                         r  Mbooth/u_cu/FSM_sequential_stato_corrente_reg[2]/C
  -------------------------------------------------------------------    -------------------
    SLICE_X1Y70          FDRE (Prop_fdre_C_Q)         0.456     5.771 r  Mbooth/u_cu/FSM_sequential_stato_corrente_reg[2]/Q
                         net (fo=4, routed)           1.971     7.741    LED16_G_OBUF
    M16                  OBUF (Prop_obuf_I_O)         3.521    11.262 r  LED16_G_OBUF_inst/O
                         net (fo=0)                   0.000    11.262    LED16_G
    M16                                                               r  LED16_G (OUT)
  -------------------------------------------------------------------    -------------------





Min Delay Paths
--------------------------------------------------------------------------------------
Slack:                    inf
  Source:                 Mbooth/u_po/q_reg_reg[6]_lopt_replica/C
                            (rising edge-triggered cell FDRE clocked by sys_clk_pin  {rise@0.000ns fall@5.000ns period=10.000ns})
  Destination:            LED[6]
                            (output port)
  Path Group:             (none)
  Path Type:              Min at Fast Process Corner
  Data Path Delay:        1.729ns  (logic 1.397ns (80.780%)  route 0.332ns (19.220%))
  Logic Levels:           1  (OBUF=1)
  Clock Uncertainty:      0.025ns  ((TSJ^2 + TIJ^2)^1/2 + DJ) / 2 + PE
    Total System Jitter     (TSJ):    0.050ns
    Total Input Jitter      (TIJ):    0.000ns
    Discrete Jitter          (DJ):    0.000ns
    Phase Error              (PE):    0.000ns

    Location             Delay type                Incr(ns)  Path(ns)    Netlist Resource(s)
  -------------------------------------------------------------------    -------------------
                         (clock sys_clk_pin rise edge)
                                                      0.000     0.000 r  
    E3                                                0.000     0.000 r  CLK100MHZ (IN)
                         net (fo=0)                   0.000     0.000    CLK100MHZ
    E3                   IBUF (Prop_ibuf_I_O)         0.250     0.250 r  CLK100MHZ_IBUF_inst/O
                         net (fo=1, routed)           0.644     0.894    CLK100MHZ_IBUF
    BUFGCTRL_X0Y16       BUFG (Prop_bufg_I_O)         0.026     0.920 r  CLK100MHZ_IBUF_BUFG_inst/O
                         net (fo=39, routed)          0.599     1.518    Mbooth/u_po/CLK100MHZ_IBUF_BUFG
    SLICE_X1Y66          FDRE                                         r  Mbooth/u_po/q_reg_reg[6]_lopt_replica/C
  -------------------------------------------------------------------    -------------------
    SLICE_X1Y66          FDRE (Prop_fdre_C_Q)         0.141     1.659 r  Mbooth/u_po/q_reg_reg[6]_lopt_replica/Q
                         net (fo=1, routed)           0.332     1.992    lopt_6
    U17                  OBUF (Prop_obuf_I_O)         1.256     3.247 r  LED_OBUF[6]_inst/O
                         net (fo=0)                   0.000     3.247    LED[6]
    U17                                                               r  LED[6] (OUT)
  -------------------------------------------------------------------    -------------------

Slack:                    inf
  Source:                 Mbooth/u_po/a_reg_reg[3]/C
                            (rising edge-triggered cell FDRE clocked by sys_clk_pin  {rise@0.000ns fall@5.000ns period=10.000ns})
  Destination:            LED[11]
                            (output port)
  Path Group:             (none)
  Path Type:              Min at Fast Process Corner
  Data Path Delay:        1.762ns  (logic 1.373ns (77.948%)  route 0.388ns (22.052%))
  Logic Levels:           1  (OBUF=1)
  Clock Uncertainty:      0.025ns  ((TSJ^2 + TIJ^2)^1/2 + DJ) / 2 + PE
    Total System Jitter     (TSJ):    0.050ns
    Total Input Jitter      (TIJ):    0.000ns
    Discrete Jitter          (DJ):    0.000ns
    Phase Error              (PE):    0.000ns

    Location             Delay type                Incr(ns)  Path(ns)    Netlist Resource(s)
  -------------------------------------------------------------------    -------------------
                         (clock sys_clk_pin rise edge)
                                                      0.000     0.000 r  
    E3                                                0.000     0.000 r  CLK100MHZ (IN)
                         net (fo=0)                   0.000     0.000    CLK100MHZ
    E3                   IBUF (Prop_ibuf_I_O)         0.250     0.250 r  CLK100MHZ_IBUF_inst/O
                         net (fo=1, routed)           0.644     0.894    CLK100MHZ_IBUF
    BUFGCTRL_X0Y16       BUFG (Prop_bufg_I_O)         0.026     0.920 r  CLK100MHZ_IBUF_BUFG_inst/O
                         net (fo=39, routed)          0.598     1.517    Mbooth/u_po/CLK100MHZ_IBUF_BUFG
    SLICE_X0Y67          FDRE                                         r  Mbooth/u_po/a_reg_reg[3]/C
  -------------------------------------------------------------------    -------------------
    SLICE_X0Y67          FDRE (Prop_fdre_C_Q)         0.141     1.658 r  Mbooth/u_po/a_reg_reg[3]/Q
                         net (fo=5, routed)           0.388     2.047    LED_OBUF[11]
    T16                  OBUF (Prop_obuf_I_O)         1.232     3.279 r  LED_OBUF[11]_inst/O
                         net (fo=0)                   0.000     3.279    LED[11]
    T16                                                               r  LED[11] (OUT)
  -------------------------------------------------------------------    -------------------

Slack:                    inf
  Source:                 Mbooth/u_po/a_reg_reg[0]/C
                            (rising edge-triggered cell FDRE clocked by sys_clk_pin  {rise@0.000ns fall@5.000ns period=10.000ns})
  Destination:            LED[8]
                            (output port)
  Path Group:             (none)
  Path Type:              Min at Fast Process Corner
  Data Path Delay:        1.782ns  (logic 1.389ns (77.966%)  route 0.393ns (22.034%))
  Logic Levels:           1  (OBUF=1)
  Clock Uncertainty:      0.025ns  ((TSJ^2 + TIJ^2)^1/2 + DJ) / 2 + PE
    Total System Jitter     (TSJ):    0.050ns
    Total Input Jitter      (TIJ):    0.000ns
    Discrete Jitter          (DJ):    0.000ns
    Phase Error              (PE):    0.000ns

    Location             Delay type                Incr(ns)  Path(ns)    Netlist Resource(s)
  -------------------------------------------------------------------    -------------------
                         (clock sys_clk_pin rise edge)
                                                      0.000     0.000 r  
    E3                                                0.000     0.000 r  CLK100MHZ (IN)
                         net (fo=0)                   0.000     0.000    CLK100MHZ
    E3                   IBUF (Prop_ibuf_I_O)         0.250     0.250 r  CLK100MHZ_IBUF_inst/O
                         net (fo=1, routed)           0.644     0.894    CLK100MHZ_IBUF
    BUFGCTRL_X0Y16       BUFG (Prop_bufg_I_O)         0.026     0.920 r  CLK100MHZ_IBUF_BUFG_inst/O
                         net (fo=39, routed)          0.597     1.516    Mbooth/u_po/CLK100MHZ_IBUF_BUFG
    SLICE_X0Y68          FDRE                                         r  Mbooth/u_po/a_reg_reg[0]/C
  -------------------------------------------------------------------    -------------------
    SLICE_X0Y68          FDRE (Prop_fdre_C_Q)         0.141     1.657 r  Mbooth/u_po/a_reg_reg[0]/Q
                         net (fo=6, routed)           0.393     2.050    LED_OBUF[8]
    V16                  OBUF (Prop_obuf_I_O)         1.248     3.298 r  LED_OBUF[8]_inst/O
                         net (fo=0)                   0.000     3.298    LED[8]
    V16                                                               r  LED[8] (OUT)
  -------------------------------------------------------------------    -------------------

Slack:                    inf
  Source:                 Mbooth/u_po/q_reg_reg[7]_lopt_replica/C
                            (rising edge-triggered cell FDRE clocked by sys_clk_pin  {rise@0.000ns fall@5.000ns period=10.000ns})
  Destination:            LED[7]
                            (output port)
  Path Group:             (none)
  Path Type:              Min at Fast Process Corner
  Data Path Delay:        1.783ns  (logic 1.437ns (80.590%)  route 0.346ns (19.410%))
  Logic Levels:           1  (OBUF=1)
  Clock Uncertainty:      0.025ns  ((TSJ^2 + TIJ^2)^1/2 + DJ) / 2 + PE
    Total System Jitter     (TSJ):    0.050ns
    Total Input Jitter      (TIJ):    0.000ns
    Discrete Jitter          (DJ):    0.000ns
    Phase Error              (PE):    0.000ns

    Location             Delay type                Incr(ns)  Path(ns)    Netlist Resource(s)
  -------------------------------------------------------------------    -------------------
                         (clock sys_clk_pin rise edge)
                                                      0.000     0.000 r  
    E3                                                0.000     0.000 r  CLK100MHZ (IN)
                         net (fo=0)                   0.000     0.000    CLK100MHZ
    E3                   IBUF (Prop_ibuf_I_O)         0.250     0.250 r  CLK100MHZ_IBUF_inst/O
                         net (fo=1, routed)           0.644     0.894    CLK100MHZ_IBUF
    BUFGCTRL_X0Y16       BUFG (Prop_bufg_I_O)         0.026     0.920 r  CLK100MHZ_IBUF_BUFG_inst/O
                         net (fo=39, routed)          0.599     1.518    Mbooth/u_po/CLK100MHZ_IBUF_BUFG
    SLICE_X1Y66          FDRE                                         r  Mbooth/u_po/q_reg_reg[7]_lopt_replica/C
  -------------------------------------------------------------------    -------------------
    SLICE_X1Y66          FDRE (Prop_fdre_C_Q)         0.128     1.646 r  Mbooth/u_po/q_reg_reg[7]_lopt_replica/Q
                         net (fo=1, routed)           0.346     1.992    lopt_7
    U16                  OBUF (Prop_obuf_I_O)         1.309     3.301 r  LED_OBUF[7]_inst/O
                         net (fo=0)                   0.000     3.301    LED[7]
    U16                                                               r  LED[7] (OUT)
  -------------------------------------------------------------------    -------------------

Slack:                    inf
  Source:                 Mbooth/u_po/a_reg_reg[1]/C
                            (rising edge-triggered cell FDRE clocked by sys_clk_pin  {rise@0.000ns fall@5.000ns period=10.000ns})
  Destination:            LED[9]
                            (output port)
  Path Group:             (none)
  Path Type:              Min at Fast Process Corner
  Data Path Delay:        1.787ns  (logic 1.396ns (78.136%)  route 0.391ns (21.864%))
  Logic Levels:           1  (OBUF=1)
  Clock Uncertainty:      0.025ns  ((TSJ^2 + TIJ^2)^1/2 + DJ) / 2 + PE
    Total System Jitter     (TSJ):    0.050ns
    Total Input Jitter      (TIJ):    0.000ns
    Discrete Jitter          (DJ):    0.000ns
    Phase Error              (PE):    0.000ns

    Location             Delay type                Incr(ns)  Path(ns)    Netlist Resource(s)
  -------------------------------------------------------------------    -------------------
                         (clock sys_clk_pin rise edge)
                                                      0.000     0.000 r  
    E3                                                0.000     0.000 r  CLK100MHZ (IN)
                         net (fo=0)                   0.000     0.000    CLK100MHZ
    E3                   IBUF (Prop_ibuf_I_O)         0.250     0.250 r  CLK100MHZ_IBUF_inst/O
                         net (fo=1, routed)           0.644     0.894    CLK100MHZ_IBUF
    BUFGCTRL_X0Y16       BUFG (Prop_bufg_I_O)         0.026     0.920 r  CLK100MHZ_IBUF_BUFG_inst/O
                         net (fo=39, routed)          0.597     1.516    Mbooth/u_po/CLK100MHZ_IBUF_BUFG
    SLICE_X0Y68          FDRE                                         r  Mbooth/u_po/a_reg_reg[1]/C
  -------------------------------------------------------------------    -------------------
    SLICE_X0Y68          FDRE (Prop_fdre_C_Q)         0.141     1.657 r  Mbooth/u_po/a_reg_reg[1]/Q
                         net (fo=5, routed)           0.391     2.048    LED_OBUF[9]
    T15                  OBUF (Prop_obuf_I_O)         1.255     3.303 r  LED_OBUF[9]_inst/O
                         net (fo=0)                   0.000     3.303    LED[9]
    T15                                                               r  LED[9] (OUT)
  -------------------------------------------------------------------    -------------------

Slack:                    inf
  Source:                 Mbooth/u_po/q_reg_reg[5]_lopt_replica/C
                            (rising edge-triggered cell FDRE clocked by sys_clk_pin  {rise@0.000ns fall@5.000ns period=10.000ns})
  Destination:            LED[5]
                            (output port)
  Path Group:             (none)
  Path Type:              Min at Fast Process Corner
  Data Path Delay:        1.800ns  (logic 1.393ns (77.418%)  route 0.406ns (22.582%))
  Logic Levels:           1  (OBUF=1)
  Clock Uncertainty:      0.025ns  ((TSJ^2 + TIJ^2)^1/2 + DJ) / 2 + PE
    Total System Jitter     (TSJ):    0.050ns
    Total Input Jitter      (TIJ):    0.000ns
    Discrete Jitter          (DJ):    0.000ns
    Phase Error              (PE):    0.000ns

    Location             Delay type                Incr(ns)  Path(ns)    Netlist Resource(s)
  -------------------------------------------------------------------    -------------------
                         (clock sys_clk_pin rise edge)
                                                      0.000     0.000 r  
    E3                                                0.000     0.000 r  CLK100MHZ (IN)
                         net (fo=0)                   0.000     0.000    CLK100MHZ
    E3                   IBUF (Prop_ibuf_I_O)         0.250     0.250 r  CLK100MHZ_IBUF_inst/O
                         net (fo=1, routed)           0.644     0.894    CLK100MHZ_IBUF
    BUFGCTRL_X0Y16       BUFG (Prop_bufg_I_O)         0.026     0.920 r  CLK100MHZ_IBUF_BUFG_inst/O
                         net (fo=39, routed)          0.598     1.517    Mbooth/u_po/CLK100MHZ_IBUF_BUFG
    SLICE_X1Y67          FDRE                                         r  Mbooth/u_po/q_reg_reg[5]_lopt_replica/C
  -------------------------------------------------------------------    -------------------
    SLICE_X1Y67          FDRE (Prop_fdre_C_Q)         0.141     1.658 r  Mbooth/u_po/q_reg_reg[5]_lopt_replica/Q
                         net (fo=1, routed)           0.406     2.065    lopt_5
    V17                  OBUF (Prop_obuf_I_O)         1.252     3.317 r  LED_OBUF[5]_inst/O
                         net (fo=0)                   0.000     3.317    LED[5]
    V17                                                               r  LED[5] (OUT)
  -------------------------------------------------------------------    -------------------

Slack:                    inf
  Source:                 Mbooth/u_cu/FSM_sequential_stato_corrente_reg[2]/C
                            (rising edge-triggered cell FDRE clocked by sys_clk_pin  {rise@0.000ns fall@5.000ns period=10.000ns})
  Destination:            LED16_G
                            (output port)
  Path Group:             (none)
  Path Type:              Min at Fast Process Corner
  Data Path Delay:        1.863ns  (logic 1.363ns (73.175%)  route 0.500ns (26.825%))
  Logic Levels:           1  (OBUF=1)
  Clock Uncertainty:      0.025ns  ((TSJ^2 + TIJ^2)^1/2 + DJ) / 2 + PE
    Total System Jitter     (TSJ):    0.050ns
    Total Input Jitter      (TIJ):    0.000ns
    Discrete Jitter          (DJ):    0.000ns
    Phase Error              (PE):    0.000ns

    Location             Delay type                Incr(ns)  Path(ns)    Netlist Resource(s)
  -------------------------------------------------------------------    -------------------
                         (clock sys_clk_pin rise edge)
                                                      0.000     0.000 r  
    E3                                                0.000     0.000 r  CLK100MHZ (IN)
                         net (fo=0)                   0.000     0.000    CLK100MHZ
    E3                   IBUF (Prop_ibuf_I_O)         0.250     0.250 r  CLK100MHZ_IBUF_inst/O
                         net (fo=1, routed)           0.644     0.894    CLK100MHZ_IBUF
    BUFGCTRL_X0Y16       BUFG (Prop_bufg_I_O)         0.026     0.920 r  CLK100MHZ_IBUF_BUFG_inst/O
                         net (fo=39, routed)          0.595     1.514    Mbooth/u_cu/CLK100MHZ_IBUF_BUFG
    SLICE_X1Y70          FDRE                                         r  Mbooth/u_cu/FSM_sequential_stato_corrente_reg[2]/C
  -------------------------------------------------------------------    -------------------
    SLICE_X1Y70          FDRE (Prop_fdre_C_Q)         0.141     1.655 r  Mbooth/u_cu/FSM_sequential_stato_corrente_reg[2]/Q
                         net (fo=4, routed)           0.500     2.155    LED16_G_OBUF
    M16                  OBUF (Prop_obuf_I_O)         1.222     3.377 r  LED16_G_OBUF_inst/O
                         net (fo=0)                   0.000     3.377    LED16_G
    M16                                                               r  LED16_G (OUT)
  -------------------------------------------------------------------    -------------------

Slack:                    inf
  Source:                 Mbooth/u_po/a_reg_reg[6]/C
                            (rising edge-triggered cell FDRE clocked by sys_clk_pin  {rise@0.000ns fall@5.000ns period=10.000ns})
  Destination:            LED[14]
                            (output port)
  Path Group:             (none)
  Path Type:              Min at Fast Process Corner
  Data Path Delay:        1.859ns  (logic 1.412ns (75.926%)  route 0.448ns (24.074%))
  Logic Levels:           1  (OBUF=1)
  Clock Uncertainty:      0.025ns  ((TSJ^2 + TIJ^2)^1/2 + DJ) / 2 + PE
    Total System Jitter     (TSJ):    0.050ns
    Total Input Jitter      (TIJ):    0.000ns
    Discrete Jitter          (DJ):    0.000ns
    Phase Error              (PE):    0.000ns

    Location             Delay type                Incr(ns)  Path(ns)    Netlist Resource(s)
  -------------------------------------------------------------------    -------------------
                         (clock sys_clk_pin rise edge)
                                                      0.000     0.000 r  
    E3                                                0.000     0.000 r  CLK100MHZ (IN)
                         net (fo=0)                   0.000     0.000    CLK100MHZ
    E3                   IBUF (Prop_ibuf_I_O)         0.250     0.250 r  CLK100MHZ_IBUF_inst/O
                         net (fo=1, routed)           0.644     0.894    CLK100MHZ_IBUF
    BUFGCTRL_X0Y16       BUFG (Prop_bufg_I_O)         0.026     0.920 r  CLK100MHZ_IBUF_BUFG_inst/O
                         net (fo=39, routed)          0.599     1.518    Mbooth/u_po/CLK100MHZ_IBUF_BUFG
    SLICE_X0Y66          FDRE                                         r  Mbooth/u_po/a_reg_reg[6]/C
  -------------------------------------------------------------------    -------------------
    SLICE_X0Y66          FDRE (Prop_fdre_C_Q)         0.141     1.659 r  Mbooth/u_po/a_reg_reg[6]/Q
                         net (fo=4, routed)           0.448     2.107    LED_OBUF[14]
    V12                  OBUF (Prop_obuf_I_O)         1.271     3.378 r  LED_OBUF[14]_inst/O
                         net (fo=0)                   0.000     3.378    LED[14]
    V12                                                               r  LED[14] (OUT)
  -------------------------------------------------------------------    -------------------

Slack:                    inf
  Source:                 Mbooth/u_po/a_reg_reg[4]/C
                            (rising edge-triggered cell FDRE clocked by sys_clk_pin  {rise@0.000ns fall@5.000ns period=10.000ns})
  Destination:            LED[12]
                            (output port)
  Path Group:             (none)
  Path Type:              Min at Fast Process Corner
  Data Path Delay:        1.874ns  (logic 1.393ns (74.367%)  route 0.480ns (25.633%))
  Logic Levels:           1  (OBUF=1)
  Clock Uncertainty:      0.025ns  ((TSJ^2 + TIJ^2)^1/2 + DJ) / 2 + PE
    Total System Jitter     (TSJ):    0.050ns
    Total Input Jitter      (TIJ):    0.000ns
    Discrete Jitter          (DJ):    0.000ns
    Phase Error              (PE):    0.000ns

    Location             Delay type                Incr(ns)  Path(ns)    Netlist Resource(s)
  -------------------------------------------------------------------    -------------------
                         (clock sys_clk_pin rise edge)
                                                      0.000     0.000 r  
    E3                                                0.000     0.000 r  CLK100MHZ (IN)
                         net (fo=0)                   0.000     0.000    CLK100MHZ
    E3                   IBUF (Prop_ibuf_I_O)         0.250     0.250 r  CLK100MHZ_IBUF_inst/O
                         net (fo=1, routed)           0.644     0.894    CLK100MHZ_IBUF
    BUFGCTRL_X0Y16       BUFG (Prop_bufg_I_O)         0.026     0.920 r  CLK100MHZ_IBUF_BUFG_inst/O
                         net (fo=39, routed)          0.599     1.518    Mbooth/u_po/CLK100MHZ_IBUF_BUFG
    SLICE_X0Y66          FDRE                                         r  Mbooth/u_po/a_reg_reg[4]/C
  -------------------------------------------------------------------    -------------------
    SLICE_X0Y66          FDRE (Prop_fdre_C_Q)         0.141     1.659 r  Mbooth/u_po/a_reg_reg[4]/Q
                         net (fo=5, routed)           0.480     2.140    LED_OBUF[12]
    V15                  OBUF (Prop_obuf_I_O)         1.252     3.392 r  LED_OBUF[12]_inst/O
                         net (fo=0)                   0.000     3.392    LED[12]
    V15                                                               r  LED[12] (OUT)
  -------------------------------------------------------------------    -------------------

Slack:                    inf
  Source:                 Mbooth/u_po/a_reg_reg[5]/C
                            (rising edge-triggered cell FDRE clocked by sys_clk_pin  {rise@0.000ns fall@5.000ns period=10.000ns})
  Destination:            LED[13]
                            (output port)
  Path Group:             (none)
  Path Type:              Min at Fast Process Corner
  Data Path Delay:        1.874ns  (logic 1.396ns (74.479%)  route 0.478ns (25.521%))
  Logic Levels:           1  (OBUF=1)
  Clock Uncertainty:      0.025ns  ((TSJ^2 + TIJ^2)^1/2 + DJ) / 2 + PE
    Total System Jitter     (TSJ):    0.050ns
    Total Input Jitter      (TIJ):    0.000ns
    Discrete Jitter          (DJ):    0.000ns
    Phase Error              (PE):    0.000ns

    Location             Delay type                Incr(ns)  Path(ns)    Netlist Resource(s)
  -------------------------------------------------------------------    -------------------
                         (clock sys_clk_pin rise edge)
                                                      0.000     0.000 r  
    E3                                                0.000     0.000 r  CLK100MHZ (IN)
                         net (fo=0)                   0.000     0.000    CLK100MHZ
    E3                   IBUF (Prop_ibuf_I_O)         0.250     0.250 r  CLK100MHZ_IBUF_inst/O
                         net (fo=1, routed)           0.644     0.894    CLK100MHZ_IBUF
    BUFGCTRL_X0Y16       BUFG (Prop_bufg_I_O)         0.026     0.920 r  CLK100MHZ_IBUF_BUFG_inst/O
                         net (fo=39, routed)          0.599     1.518    Mbooth/u_po/CLK100MHZ_IBUF_BUFG
    SLICE_X0Y66          FDRE                                         r  Mbooth/u_po/a_reg_reg[5]/C
  -------------------------------------------------------------------    -------------------
    SLICE_X0Y66          FDRE (Prop_fdre_C_Q)         0.141     1.659 r  Mbooth/u_po/a_reg_reg[5]/Q
                         net (fo=5, routed)           0.478     2.138    LED_OBUF[13]
    V14                  OBUF (Prop_obuf_I_O)         1.255     3.392 r  LED_OBUF[13]_inst/O
                         net (fo=0)                   0.000     3.392    LED[13]
    V14                                                               r  LED[13] (OUT)
  -------------------------------------------------------------------    -------------------





--------------------------------------------------------------------------------------
Path Group:  (none)
From Clock:  
  To Clock:  sys_clk_pin

Max Delay            60 Endpoints
Min Delay            60 Endpoints
--------------------------------------------------------------------------------------


Max Delay Paths
--------------------------------------------------------------------------------------
Slack:                    inf
  Source:                 SW[12]
                            (input port)
  Destination:            Mbooth/u_po/q_reg_reg[4]/D
                            (rising edge-triggered cell FDRE clocked by sys_clk_pin  {rise@0.000ns fall@5.000ns period=10.000ns})
  Path Group:             (none)
  Path Type:              Setup (Max at Slow Process Corner)
  Data Path Delay:        6.723ns  (logic 1.591ns (23.660%)  route 5.132ns (76.340%))
  Logic Levels:           2  (IBUF=1 LUT3=1)
  Clock Path Skew:        5.018ns (DCD - SCD + CPR)
    Destination Clock Delay (DCD):    5.018ns
    Source Clock Delay      (SCD):    0.000ns
    Clock Pessimism Removal (CPR):    0.000ns
  Clock Uncertainty:      0.025ns  ((TSJ^2 + TIJ^2)^1/2 + DJ) / 2 + PE
    Total System Jitter     (TSJ):    0.050ns
    Total Input Jitter      (TIJ):    0.000ns
    Discrete Jitter          (DJ):    0.000ns
    Phase Error              (PE):    0.000ns

    Location             Delay type                Incr(ns)  Path(ns)    Netlist Resource(s)
  -------------------------------------------------------------------    -------------------
    H6                                                0.000     0.000 r  SW[12] (IN)
                         net (fo=0)                   0.000     0.000    SW[12]
    H6                   IBUF (Prop_ibuf_I_O)         1.467     1.467 r  SW_IBUF[12]_inst/O
                         net (fo=1, routed)           4.499     5.966    Mbooth/u_cu/SW_IBUF[4]
    SLICE_X1Y69          LUT3 (Prop_lut3_I0_O)        0.124     6.090 r  Mbooth/u_cu/q_reg[4]_i_1/O
                         net (fo=2, routed)           0.633     6.723    Mbooth/u_po/D[4]
    SLICE_X1Y68          FDRE                                         r  Mbooth/u_po/q_reg_reg[4]/D
  -------------------------------------------------------------------    -------------------

                         (clock sys_clk_pin rise edge)
                                                      0.000     0.000 r  
    E3                                                0.000     0.000 r  CLK100MHZ (IN)
                         net (fo=0)                   0.000     0.000    CLK100MHZ
    E3                   IBUF (Prop_ibuf_I_O)         1.411     1.411 r  CLK100MHZ_IBUF_inst/O
                         net (fo=1, routed)           1.920     3.331    CLK100MHZ_IBUF
    BUFGCTRL_X0Y16       BUFG (Prop_bufg_I_O)         0.091     3.422 r  CLK100MHZ_IBUF_BUFG_inst/O
                         net (fo=39, routed)          1.595     5.018    Mbooth/u_po/CLK100MHZ_IBUF_BUFG
    SLICE_X1Y68          FDRE                                         r  Mbooth/u_po/q_reg_reg[4]/C

Slack:                    inf
  Source:                 SW[12]
                            (input port)
  Destination:            Mbooth/u_po/q_reg_reg[4]_lopt_replica/D
                            (rising edge-triggered cell FDRE clocked by sys_clk_pin  {rise@0.000ns fall@5.000ns period=10.000ns})
  Path Group:             (none)
  Path Type:              Setup (Max at Slow Process Corner)
  Data Path Delay:        6.090ns  (logic 1.591ns (26.119%)  route 4.499ns (73.881%))
  Logic Levels:           2  (IBUF=1 LUT3=1)
  Clock Path Skew:        5.017ns (DCD - SCD + CPR)
    Destination Clock Delay (DCD):    5.017ns
    Source Clock Delay      (SCD):    0.000ns
    Clock Pessimism Removal (CPR):    0.000ns
  Clock Uncertainty:      0.025ns  ((TSJ^2 + TIJ^2)^1/2 + DJ) / 2 + PE
    Total System Jitter     (TSJ):    0.050ns
    Total Input Jitter      (TIJ):    0.000ns
    Discrete Jitter          (DJ):    0.000ns
    Phase Error              (PE):    0.000ns

    Location             Delay type                Incr(ns)  Path(ns)    Netlist Resource(s)
  -------------------------------------------------------------------    -------------------
    H6                                                0.000     0.000 r  SW[12] (IN)
                         net (fo=0)                   0.000     0.000    SW[12]
    H6                   IBUF (Prop_ibuf_I_O)         1.467     1.467 r  SW_IBUF[12]_inst/O
                         net (fo=1, routed)           4.499     5.966    Mbooth/u_cu/SW_IBUF[4]
    SLICE_X1Y69          LUT3 (Prop_lut3_I0_O)        0.124     6.090 r  Mbooth/u_cu/q_reg[4]_i_1/O
                         net (fo=2, routed)           0.000     6.090    Mbooth/u_po/D[4]
    SLICE_X1Y69          FDRE                                         r  Mbooth/u_po/q_reg_reg[4]_lopt_replica/D
  -------------------------------------------------------------------    -------------------

                         (clock sys_clk_pin rise edge)
                                                      0.000     0.000 r  
    E3                                                0.000     0.000 r  CLK100MHZ (IN)
                         net (fo=0)                   0.000     0.000    CLK100MHZ
    E3                   IBUF (Prop_ibuf_I_O)         1.411     1.411 r  CLK100MHZ_IBUF_inst/O
                         net (fo=1, routed)           1.920     3.331    CLK100MHZ_IBUF
    BUFGCTRL_X0Y16       BUFG (Prop_bufg_I_O)         0.091     3.422 r  CLK100MHZ_IBUF_BUFG_inst/O
                         net (fo=39, routed)          1.594     5.017    Mbooth/u_po/CLK100MHZ_IBUF_BUFG
    SLICE_X1Y69          FDRE                                         r  Mbooth/u_po/q_reg_reg[4]_lopt_replica/C

Slack:                    inf
  Source:                 SW[8]
                            (input port)
  Destination:            Mbooth/u_po/q_reg_reg[0]/D
                            (rising edge-triggered cell FDRE clocked by sys_clk_pin  {rise@0.000ns fall@5.000ns period=10.000ns})
  Path Group:             (none)
  Path Type:              Setup (Max at Slow Process Corner)
  Data Path Delay:        6.030ns  (logic 1.134ns (18.807%)  route 4.896ns (81.193%))
  Logic Levels:           2  (IBUF=1 LUT3=1)
  Clock Path Skew:        5.018ns (DCD - SCD + CPR)
    Destination Clock Delay (DCD):    5.018ns
    Source Clock Delay      (SCD):    0.000ns
    Clock Pessimism Removal (CPR):    0.000ns
  Clock Uncertainty:      0.025ns  ((TSJ^2 + TIJ^2)^1/2 + DJ) / 2 + PE
    Total System Jitter     (TSJ):    0.050ns
    Total Input Jitter      (TIJ):    0.000ns
    Discrete Jitter          (DJ):    0.000ns
    Phase Error              (PE):    0.000ns

    Location             Delay type                Incr(ns)  Path(ns)    Netlist Resource(s)
  -------------------------------------------------------------------    -------------------
    T8                                                0.000     0.000 r  SW[8] (IN)
                         net (fo=0)                   0.000     0.000    SW[8]
    T8                   IBUF (Prop_ibuf_I_O)         0.982     0.982 r  SW_IBUF[8]_inst/O
                         net (fo=1, routed)           4.407     5.389    Mbooth/u_cu/SW_IBUF[0]
    SLICE_X1Y66          LUT3 (Prop_lut3_I0_O)        0.152     5.541 r  Mbooth/u_cu/q_reg[0]_i_1/O
                         net (fo=2, routed)           0.489     6.030    Mbooth/u_po/D[0]
    SLICE_X1Y68          FDRE                                         r  Mbooth/u_po/q_reg_reg[0]/D
  -------------------------------------------------------------------    -------------------

                         (clock sys_clk_pin rise edge)
                                                      0.000     0.000 r  
    E3                                                0.000     0.000 r  CLK100MHZ (IN)
                         net (fo=0)                   0.000     0.000    CLK100MHZ
    E3                   IBUF (Prop_ibuf_I_O)         1.411     1.411 r  CLK100MHZ_IBUF_inst/O
                         net (fo=1, routed)           1.920     3.331    CLK100MHZ_IBUF
    BUFGCTRL_X0Y16       BUFG (Prop_bufg_I_O)         0.091     3.422 r  CLK100MHZ_IBUF_BUFG_inst/O
                         net (fo=39, routed)          1.595     5.018    Mbooth/u_po/CLK100MHZ_IBUF_BUFG
    SLICE_X1Y68          FDRE                                         r  Mbooth/u_po/q_reg_reg[0]/C

Slack:                    inf
  Source:                 SW[8]
                            (input port)
  Destination:            Mbooth/u_po/q_reg_reg[0]_lopt_replica/D
                            (rising edge-triggered cell FDRE clocked by sys_clk_pin  {rise@0.000ns fall@5.000ns period=10.000ns})
  Path Group:             (none)
  Path Type:              Setup (Max at Slow Process Corner)
  Data Path Delay:        5.855ns  (logic 1.134ns (19.371%)  route 4.721ns (80.629%))
  Logic Levels:           2  (IBUF=1 LUT3=1)
  Clock Path Skew:        5.018ns (DCD - SCD + CPR)
    Destination Clock Delay (DCD):    5.018ns
    Source Clock Delay      (SCD):    0.000ns
    Clock Pessimism Removal (CPR):    0.000ns
  Clock Uncertainty:      0.025ns  ((TSJ^2 + TIJ^2)^1/2 + DJ) / 2 + PE
    Total System Jitter     (TSJ):    0.050ns
    Total Input Jitter      (TIJ):    0.000ns
    Discrete Jitter          (DJ):    0.000ns
    Phase Error              (PE):    0.000ns

    Location             Delay type                Incr(ns)  Path(ns)    Netlist Resource(s)
  -------------------------------------------------------------------    -------------------
    T8                                                0.000     0.000 r  SW[8] (IN)
                         net (fo=0)                   0.000     0.000    SW[8]
    T8                   IBUF (Prop_ibuf_I_O)         0.982     0.982 r  SW_IBUF[8]_inst/O
                         net (fo=1, routed)           4.407     5.389    Mbooth/u_cu/SW_IBUF[0]
    SLICE_X1Y66          LUT3 (Prop_lut3_I0_O)        0.152     5.541 r  Mbooth/u_cu/q_reg[0]_i_1/O
                         net (fo=2, routed)           0.314     5.855    Mbooth/u_po/D[0]
    SLICE_X1Y68          FDRE                                         r  Mbooth/u_po/q_reg_reg[0]_lopt_replica/D
  -------------------------------------------------------------------    -------------------

                         (clock sys_clk_pin rise edge)
                                                      0.000     0.000 r  
    E3                                                0.000     0.000 r  CLK100MHZ (IN)
                         net (fo=0)                   0.000     0.000    CLK100MHZ
    E3                   IBUF (Prop_ibuf_I_O)         1.411     1.411 r  CLK100MHZ_IBUF_inst/O
                         net (fo=1, routed)           1.920     3.331    CLK100MHZ_IBUF
    BUFGCTRL_X0Y16       BUFG (Prop_bufg_I_O)         0.091     3.422 r  CLK100MHZ_IBUF_BUFG_inst/O
                         net (fo=39, routed)          1.595     5.018    Mbooth/u_po/CLK100MHZ_IBUF_BUFG
    SLICE_X1Y68          FDRE                                         r  Mbooth/u_po/q_reg_reg[0]_lopt_replica/C

Slack:                    inf
  Source:                 SW[9]
                            (input port)
  Destination:            Mbooth/u_po/q_reg_reg[1]_lopt_replica/D
                            (rising edge-triggered cell FDRE clocked by sys_clk_pin  {rise@0.000ns fall@5.000ns period=10.000ns})
  Path Group:             (none)
  Path Type:              Setup (Max at Slow Process Corner)
  Data Path Delay:        5.663ns  (logic 1.091ns (19.265%)  route 4.572ns (80.735%))
  Logic Levels:           2  (IBUF=1 LUT3=1)
  Clock Path Skew:        5.018ns (DCD - SCD + CPR)
    Destination Clock Delay (DCD):    5.018ns
    Source Clock Delay      (SCD):    0.000ns
    Clock Pessimism Removal (CPR):    0.000ns
  Clock Uncertainty:      0.025ns  ((TSJ^2 + TIJ^2)^1/2 + DJ) / 2 + PE
    Total System Jitter     (TSJ):    0.050ns
    Total Input Jitter      (TIJ):    0.000ns
    Discrete Jitter          (DJ):    0.000ns
    Phase Error              (PE):    0.000ns

    Location             Delay type                Incr(ns)  Path(ns)    Netlist Resource(s)
  -------------------------------------------------------------------    -------------------
    U8                                                0.000     0.000 r  SW[9] (IN)
                         net (fo=0)                   0.000     0.000    SW[9]
    U8                   IBUF (Prop_ibuf_I_O)         0.967     0.967 r  SW_IBUF[9]_inst/O
                         net (fo=1, routed)           4.004     4.971    Mbooth/u_cu/SW_IBUF[1]
    SLICE_X1Y66          LUT3 (Prop_lut3_I0_O)        0.124     5.095 r  Mbooth/u_cu/q_reg[1]_i_1/O
                         net (fo=2, routed)           0.568     5.663    Mbooth/u_po/D[1]
    SLICE_X1Y68          FDRE                                         r  Mbooth/u_po/q_reg_reg[1]_lopt_replica/D
  -------------------------------------------------------------------    -------------------

                         (clock sys_clk_pin rise edge)
                                                      0.000     0.000 r  
    E3                                                0.000     0.000 r  CLK100MHZ (IN)
                         net (fo=0)                   0.000     0.000    CLK100MHZ
    E3                   IBUF (Prop_ibuf_I_O)         1.411     1.411 r  CLK100MHZ_IBUF_inst/O
                         net (fo=1, routed)           1.920     3.331    CLK100MHZ_IBUF
    BUFGCTRL_X0Y16       BUFG (Prop_bufg_I_O)         0.091     3.422 r  CLK100MHZ_IBUF_BUFG_inst/O
                         net (fo=39, routed)          1.595     5.018    Mbooth/u_po/CLK100MHZ_IBUF_BUFG
    SLICE_X1Y68          FDRE                                         r  Mbooth/u_po/q_reg_reg[1]_lopt_replica/C

Slack:                    inf
  Source:                 SW[9]
                            (input port)
  Destination:            Mbooth/u_po/q_reg_reg[1]/D
                            (rising edge-triggered cell FDRE clocked by sys_clk_pin  {rise@0.000ns fall@5.000ns period=10.000ns})
  Path Group:             (none)
  Path Type:              Setup (Max at Slow Process Corner)
  Data Path Delay:        5.095ns  (logic 1.091ns (21.414%)  route 4.004ns (78.586%))
  Logic Levels:           2  (IBUF=1 LUT3=1)
  Clock Path Skew:        5.021ns (DCD - SCD + CPR)
    Destination Clock Delay (DCD):    5.021ns
    Source Clock Delay      (SCD):    0.000ns
    Clock Pessimism Removal (CPR):    0.000ns
  Clock Uncertainty:      0.025ns  ((TSJ^2 + TIJ^2)^1/2 + DJ) / 2 + PE
    Total System Jitter     (TSJ):    0.050ns
    Total Input Jitter      (TIJ):    0.000ns
    Discrete Jitter          (DJ):    0.000ns
    Phase Error              (PE):    0.000ns

    Location             Delay type                Incr(ns)  Path(ns)    Netlist Resource(s)
  -------------------------------------------------------------------    -------------------
    U8                                                0.000     0.000 r  SW[9] (IN)
                         net (fo=0)                   0.000     0.000    SW[9]
    U8                   IBUF (Prop_ibuf_I_O)         0.967     0.967 r  SW_IBUF[9]_inst/O
                         net (fo=1, routed)           4.004     4.971    Mbooth/u_cu/SW_IBUF[1]
    SLICE_X1Y66          LUT3 (Prop_lut3_I0_O)        0.124     5.095 r  Mbooth/u_cu/q_reg[1]_i_1/O
                         net (fo=2, routed)           0.000     5.095    Mbooth/u_po/D[1]
    SLICE_X1Y66          FDRE                                         r  Mbooth/u_po/q_reg_reg[1]/D
  -------------------------------------------------------------------    -------------------

                         (clock sys_clk_pin rise edge)
                                                      0.000     0.000 r  
    E3                                                0.000     0.000 r  CLK100MHZ (IN)
                         net (fo=0)                   0.000     0.000    CLK100MHZ
    E3                   IBUF (Prop_ibuf_I_O)         1.411     1.411 r  CLK100MHZ_IBUF_inst/O
                         net (fo=1, routed)           1.920     3.331    CLK100MHZ_IBUF
    BUFGCTRL_X0Y16       BUFG (Prop_bufg_I_O)         0.091     3.422 r  CLK100MHZ_IBUF_BUFG_inst/O
                         net (fo=39, routed)          1.598     5.021    Mbooth/u_po/CLK100MHZ_IBUF_BUFG
    SLICE_X1Y66          FDRE                                         r  Mbooth/u_po/q_reg_reg[1]/C

Slack:                    inf
  Source:                 BTND
                            (input port)
  Destination:            Mbooth/u_po/a_reg_reg[7]/D
                            (rising edge-triggered cell FDRE clocked by sys_clk_pin  {rise@0.000ns fall@5.000ns period=10.000ns})
  Path Group:             (none)
  Path Type:              Setup (Max at Slow Process Corner)
  Data Path Delay:        4.514ns  (logic 1.728ns (38.283%)  route 2.786ns (61.717%))
  Logic Levels:           3  (IBUF=1 LUT3=1 LUT6=1)
  Clock Path Skew:        5.021ns (DCD - SCD + CPR)
    Destination Clock Delay (DCD):    5.021ns
    Source Clock Delay      (SCD):    0.000ns
    Clock Pessimism Removal (CPR):    0.000ns
  Clock Uncertainty:      0.025ns  ((TSJ^2 + TIJ^2)^1/2 + DJ) / 2 + PE
    Total System Jitter     (TSJ):    0.050ns
    Total Input Jitter      (TIJ):    0.000ns
    Discrete Jitter          (DJ):    0.000ns
    Phase Error              (PE):    0.000ns

    Location             Delay type                Incr(ns)  Path(ns)    Netlist Resource(s)
  -------------------------------------------------------------------    -------------------
    P18                                               0.000     0.000 f  BTND (IN)
                         net (fo=0)                   0.000     0.000    BTND
    P18                  IBUF (Prop_ibuf_I_O)         1.480     1.480 f  BTND_IBUF_inst/O
                         net (fo=29, routed)          1.524     3.004    Mbooth/u_cu/BTND_IBUF
    SLICE_X0Y70          LUT3 (Prop_lut3_I0_O)        0.124     3.128 f  Mbooth/u_cu/a_reg[6]_i_1/O
                         net (fo=8, routed)           1.262     4.390    Mbooth/u_po/SR[0]
    SLICE_X2Y66          LUT6 (Prop_lut6_I5_O)        0.124     4.514 r  Mbooth/u_po/a_reg[7]_i_1/O
                         net (fo=1, routed)           0.000     4.514    Mbooth/u_po/a_reg[7]_i_1_n_0
    SLICE_X2Y66          FDRE                                         r  Mbooth/u_po/a_reg_reg[7]/D
  -------------------------------------------------------------------    -------------------

                         (clock sys_clk_pin rise edge)
                                                      0.000     0.000 r  
    E3                                                0.000     0.000 r  CLK100MHZ (IN)
                         net (fo=0)                   0.000     0.000    CLK100MHZ
    E3                   IBUF (Prop_ibuf_I_O)         1.411     1.411 r  CLK100MHZ_IBUF_inst/O
                         net (fo=1, routed)           1.920     3.331    CLK100MHZ_IBUF
    BUFGCTRL_X0Y16       BUFG (Prop_bufg_I_O)         0.091     3.422 r  CLK100MHZ_IBUF_BUFG_inst/O
                         net (fo=39, routed)          1.598     5.021    Mbooth/u_po/CLK100MHZ_IBUF_BUFG
    SLICE_X2Y66          FDRE                                         r  Mbooth/u_po/a_reg_reg[7]/C

Slack:                    inf
  Source:                 SW[11]
                            (input port)
  Destination:            Mbooth/u_po/q_reg_reg[3]_lopt_replica/D
                            (rising edge-triggered cell FDRE clocked by sys_clk_pin  {rise@0.000ns fall@5.000ns period=10.000ns})
  Path Group:             (none)
  Path Type:              Setup (Max at Slow Process Corner)
  Data Path Delay:        4.335ns  (logic 1.654ns (38.156%)  route 2.681ns (61.844%))
  Logic Levels:           2  (IBUF=1 LUT3=1)
  Clock Path Skew:        5.017ns (DCD - SCD + CPR)
    Destination Clock Delay (DCD):    5.017ns
    Source Clock Delay      (SCD):    0.000ns
    Clock Pessimism Removal (CPR):    0.000ns
  Clock Uncertainty:      0.025ns  ((TSJ^2 + TIJ^2)^1/2 + DJ) / 2 + PE
    Total System Jitter     (TSJ):    0.050ns
    Total Input Jitter      (TIJ):    0.000ns
    Discrete Jitter          (DJ):    0.000ns
    Phase Error              (PE):    0.000ns

    Location             Delay type                Incr(ns)  Path(ns)    Netlist Resource(s)
  -------------------------------------------------------------------    -------------------
    T13                                               0.000     0.000 r  SW[11] (IN)
                         net (fo=0)                   0.000     0.000    SW[11]
    T13                  IBUF (Prop_ibuf_I_O)         1.502     1.502 r  SW_IBUF[11]_inst/O
                         net (fo=1, routed)           1.893     3.395    Mbooth/u_cu/SW_IBUF[3]
    SLICE_X1Y68          LUT3 (Prop_lut3_I0_O)        0.152     3.547 r  Mbooth/u_cu/q_reg[3]_i_1/O
                         net (fo=2, routed)           0.788     4.335    Mbooth/u_po/D[3]
    SLICE_X1Y69          FDRE                                         r  Mbooth/u_po/q_reg_reg[3]_lopt_replica/D
  -------------------------------------------------------------------    -------------------

                         (clock sys_clk_pin rise edge)
                                                      0.000     0.000 r  
    E3                                                0.000     0.000 r  CLK100MHZ (IN)
                         net (fo=0)                   0.000     0.000    CLK100MHZ
    E3                   IBUF (Prop_ibuf_I_O)         1.411     1.411 r  CLK100MHZ_IBUF_inst/O
                         net (fo=1, routed)           1.920     3.331    CLK100MHZ_IBUF
    BUFGCTRL_X0Y16       BUFG (Prop_bufg_I_O)         0.091     3.422 r  CLK100MHZ_IBUF_BUFG_inst/O
                         net (fo=39, routed)          1.594     5.017    Mbooth/u_po/CLK100MHZ_IBUF_BUFG
    SLICE_X1Y69          FDRE                                         r  Mbooth/u_po/q_reg_reg[3]_lopt_replica/C

Slack:                    inf
  Source:                 SW[15]
                            (input port)
  Destination:            Mbooth/u_po/q_reg_reg[7]_lopt_replica/D
                            (rising edge-triggered cell FDRE clocked by sys_clk_pin  {rise@0.000ns fall@5.000ns period=10.000ns})
  Path Group:             (none)
  Path Type:              Setup (Max at Slow Process Corner)
  Data Path Delay:        4.062ns  (logic 1.676ns (41.259%)  route 2.386ns (58.741%))
  Logic Levels:           2  (IBUF=1 LUT3=1)
  Clock Path Skew:        5.021ns (DCD - SCD + CPR)
    Destination Clock Delay (DCD):    5.021ns
    Source Clock Delay      (SCD):    0.000ns
    Clock Pessimism Removal (CPR):    0.000ns
  Clock Uncertainty:      0.025ns  ((TSJ^2 + TIJ^2)^1/2 + DJ) / 2 + PE
    Total System Jitter     (TSJ):    0.050ns
    Total Input Jitter      (TIJ):    0.000ns
    Discrete Jitter          (DJ):    0.000ns
    Phase Error              (PE):    0.000ns

    Location             Delay type                Incr(ns)  Path(ns)    Netlist Resource(s)
  -------------------------------------------------------------------    -------------------
    V10                                               0.000     0.000 r  SW[15] (IN)
                         net (fo=0)                   0.000     0.000    SW[15]
    V10                  IBUF (Prop_ibuf_I_O)         1.524     1.524 r  SW_IBUF[15]_inst/O
                         net (fo=1, routed)           1.711     3.235    Mbooth/u_cu/SW_IBUF[7]
    SLICE_X1Y66          LUT3 (Prop_lut3_I0_O)        0.152     3.387 r  Mbooth/u_cu/q_reg[7]_i_1/O
                         net (fo=2, routed)           0.675     4.062    Mbooth/u_po/D[7]
    SLICE_X1Y66          FDRE                                         r  Mbooth/u_po/q_reg_reg[7]_lopt_replica/D
  -------------------------------------------------------------------    -------------------

                         (clock sys_clk_pin rise edge)
                                                      0.000     0.000 r  
    E3                                                0.000     0.000 r  CLK100MHZ (IN)
                         net (fo=0)                   0.000     0.000    CLK100MHZ
    E3                   IBUF (Prop_ibuf_I_O)         1.411     1.411 r  CLK100MHZ_IBUF_inst/O
                         net (fo=1, routed)           1.920     3.331    CLK100MHZ_IBUF
    BUFGCTRL_X0Y16       BUFG (Prop_bufg_I_O)         0.091     3.422 r  CLK100MHZ_IBUF_BUFG_inst/O
                         net (fo=39, routed)          1.598     5.021    Mbooth/u_po/CLK100MHZ_IBUF_BUFG
    SLICE_X1Y66          FDRE                                         r  Mbooth/u_po/q_reg_reg[7]_lopt_replica/C

Slack:                    inf
  Source:                 BTND
                            (input port)
  Destination:            Mbooth/u_cu/FSM_sequential_stato_corrente_reg[2]/D
                            (rising edge-triggered cell FDRE clocked by sys_clk_pin  {rise@0.000ns fall@5.000ns period=10.000ns})
  Path Group:             (none)
  Path Type:              Setup (Max at Slow Process Corner)
  Data Path Delay:        4.047ns  (logic 1.604ns (39.633%)  route 2.443ns (60.367%))
  Logic Levels:           2  (IBUF=1 LUT6=1)
  Clock Path Skew:        5.017ns (DCD - SCD + CPR)
    Destination Clock Delay (DCD):    5.017ns
    Source Clock Delay      (SCD):    0.000ns
    Clock Pessimism Removal (CPR):    0.000ns
  Clock Uncertainty:      0.025ns  ((TSJ^2 + TIJ^2)^1/2 + DJ) / 2 + PE
    Total System Jitter     (TSJ):    0.050ns
    Total Input Jitter      (TIJ):    0.000ns
    Discrete Jitter          (DJ):    0.000ns
    Phase Error              (PE):    0.000ns

    Location             Delay type                Incr(ns)  Path(ns)    Netlist Resource(s)
  -------------------------------------------------------------------    -------------------
    P18                                               0.000     0.000 f  BTND (IN)
                         net (fo=0)                   0.000     0.000    BTND
    P18                  IBUF (Prop_ibuf_I_O)         1.480     1.480 f  BTND_IBUF_inst/O
                         net (fo=29, routed)          2.443     3.923    Mbooth/u_cu/BTND_IBUF
    SLICE_X1Y70          LUT6 (Prop_lut6_I5_O)        0.124     4.047 r  Mbooth/u_cu/FSM_sequential_stato_corrente[2]_i_1/O
                         net (fo=1, routed)           0.000     4.047    Mbooth/u_cu/FSM_sequential_stato_corrente[2]_i_1_n_0
    SLICE_X1Y70          FDRE                                         r  Mbooth/u_cu/FSM_sequential_stato_corrente_reg[2]/D
  -------------------------------------------------------------------    -------------------

                         (clock sys_clk_pin rise edge)
                                                      0.000     0.000 r  
    E3                                                0.000     0.000 r  CLK100MHZ (IN)
                         net (fo=0)                   0.000     0.000    CLK100MHZ
    E3                   IBUF (Prop_ibuf_I_O)         1.411     1.411 r  CLK100MHZ_IBUF_inst/O
                         net (fo=1, routed)           1.920     3.331    CLK100MHZ_IBUF
    BUFGCTRL_X0Y16       BUFG (Prop_bufg_I_O)         0.091     3.422 r  CLK100MHZ_IBUF_BUFG_inst/O
                         net (fo=39, routed)          1.594     5.017    Mbooth/u_cu/CLK100MHZ_IBUF_BUFG
    SLICE_X1Y70          FDRE                                         r  Mbooth/u_cu/FSM_sequential_stato_corrente_reg[2]/C





Min Delay Paths
--------------------------------------------------------------------------------------
Slack:                    inf
  Source:                 SW[6]
                            (input port)
  Destination:            Mbooth/u_po/m_reg_reg[6]/D
                            (rising edge-triggered cell FDRE clocked by sys_clk_pin  {rise@0.000ns fall@5.000ns period=10.000ns})
  Path Group:             (none)
  Path Type:              Hold (Min at Fast Process Corner)
  Data Path Delay:        0.561ns  (logic 0.262ns (46.637%)  route 0.300ns (53.363%))
  Logic Levels:           1  (IBUF=1)
  Clock Path Skew:        2.036ns (DCD - SCD - CPR)
    Destination Clock Delay (DCD):    2.036ns
    Source Clock Delay      (SCD):    0.000ns
    Clock Pessimism Removal (CPR):    -0.000ns

    Location             Delay type                Incr(ns)  Path(ns)    Netlist Resource(s)
  -------------------------------------------------------------------    -------------------
    U18                                               0.000     0.000 r  SW[6] (IN)
                         net (fo=0)                   0.000     0.000    SW[6]
    U18                  IBUF (Prop_ibuf_I_O)         0.262     0.262 r  SW_IBUF[6]_inst/O
                         net (fo=1, routed)           0.300     0.561    Mbooth/u_po/SW_IBUF[6]
    SLICE_X0Y65          FDRE                                         r  Mbooth/u_po/m_reg_reg[6]/D
  -------------------------------------------------------------------    -------------------

                         (clock sys_clk_pin rise edge)
                                                      0.000     0.000 r  
    E3                                                0.000     0.000 r  CLK100MHZ (IN)
                         net (fo=0)                   0.000     0.000    CLK100MHZ
    E3                   IBUF (Prop_ibuf_I_O)         0.438     0.438 r  CLK100MHZ_IBUF_inst/O
                         net (fo=1, routed)           0.699     1.136    CLK100MHZ_IBUF
    BUFGCTRL_X0Y16       BUFG (Prop_bufg_I_O)         0.029     1.165 r  CLK100MHZ_IBUF_BUFG_inst/O
                         net (fo=39, routed)          0.871     2.036    Mbooth/u_po/CLK100MHZ_IBUF_BUFG
    SLICE_X0Y65          FDRE                                         r  Mbooth/u_po/m_reg_reg[6]/C

Slack:                    inf
  Source:                 SW[3]
                            (input port)
  Destination:            Mbooth/u_po/m_reg_reg[3]/D
                            (rising edge-triggered cell FDRE clocked by sys_clk_pin  {rise@0.000ns fall@5.000ns period=10.000ns})
  Path Group:             (none)
  Path Type:              Hold (Min at Fast Process Corner)
  Data Path Delay:        0.629ns  (logic 0.245ns (38.965%)  route 0.384ns (61.035%))
  Logic Levels:           1  (IBUF=1)
  Clock Path Skew:        2.032ns (DCD - SCD - CPR)
    Destination Clock Delay (DCD):    2.032ns
    Source Clock Delay      (SCD):    0.000ns
    Clock Pessimism Removal (CPR):    -0.000ns

    Location             Delay type                Incr(ns)  Path(ns)    Netlist Resource(s)
  -------------------------------------------------------------------    -------------------
    R15                                               0.000     0.000 r  SW[3] (IN)
                         net (fo=0)                   0.000     0.000    SW[3]
    R15                  IBUF (Prop_ibuf_I_O)         0.245     0.245 r  SW_IBUF[3]_inst/O
                         net (fo=1, routed)           0.384     0.629    Mbooth/u_po/SW_IBUF[3]
    SLICE_X0Y69          FDRE                                         r  Mbooth/u_po/m_reg_reg[3]/D
  -------------------------------------------------------------------    -------------------

                         (clock sys_clk_pin rise edge)
                                                      0.000     0.000 r  
    E3                                                0.000     0.000 r  CLK100MHZ (IN)
                         net (fo=0)                   0.000     0.000    CLK100MHZ
    E3                   IBUF (Prop_ibuf_I_O)         0.438     0.438 r  CLK100MHZ_IBUF_inst/O
                         net (fo=1, routed)           0.699     1.136    CLK100MHZ_IBUF
    BUFGCTRL_X0Y16       BUFG (Prop_bufg_I_O)         0.029     1.165 r  CLK100MHZ_IBUF_BUFG_inst/O
                         net (fo=39, routed)          0.867     2.032    Mbooth/u_po/CLK100MHZ_IBUF_BUFG
    SLICE_X0Y69          FDRE                                         r  Mbooth/u_po/m_reg_reg[3]/C

Slack:                    inf
  Source:                 SW[4]
                            (input port)
  Destination:            Mbooth/u_po/m_reg_reg[4]/D
                            (rising edge-triggered cell FDRE clocked by sys_clk_pin  {rise@0.000ns fall@5.000ns period=10.000ns})
  Path Group:             (none)
  Path Type:              Hold (Min at Fast Process Corner)
  Data Path Delay:        0.717ns  (logic 0.260ns (36.291%)  route 0.457ns (63.709%))
  Logic Levels:           1  (IBUF=1)
  Clock Path Skew:        2.032ns (DCD - SCD - CPR)
    Destination Clock Delay (DCD):    2.032ns
    Source Clock Delay      (SCD):    0.000ns
    Clock Pessimism Removal (CPR):    -0.000ns

    Location             Delay type                Incr(ns)  Path(ns)    Netlist Resource(s)
  -------------------------------------------------------------------    -------------------
    R17                                               0.000     0.000 r  SW[4] (IN)
                         net (fo=0)                   0.000     0.000    SW[4]
    R17                  IBUF (Prop_ibuf_I_O)         0.260     0.260 r  SW_IBUF[4]_inst/O
                         net (fo=1, routed)           0.457     0.717    Mbooth/u_po/SW_IBUF[4]
    SLICE_X0Y69          FDRE                                         r  Mbooth/u_po/m_reg_reg[4]/D
  -------------------------------------------------------------------    -------------------

                         (clock sys_clk_pin rise edge)
                                                      0.000     0.000 r  
    E3                                                0.000     0.000 r  CLK100MHZ (IN)
                         net (fo=0)                   0.000     0.000    CLK100MHZ
    E3                   IBUF (Prop_ibuf_I_O)         0.438     0.438 r  CLK100MHZ_IBUF_inst/O
                         net (fo=1, routed)           0.699     1.136    CLK100MHZ_IBUF
    BUFGCTRL_X0Y16       BUFG (Prop_bufg_I_O)         0.029     1.165 r  CLK100MHZ_IBUF_BUFG_inst/O
                         net (fo=39, routed)          0.867     2.032    Mbooth/u_po/CLK100MHZ_IBUF_BUFG
    SLICE_X0Y69          FDRE                                         r  Mbooth/u_po/m_reg_reg[4]/C

Slack:                    inf
  Source:                 BTNC
                            (input port)
  Destination:            Mbooth/u_cu/FSM_sequential_stato_corrente_reg[2]/D
                            (rising edge-triggered cell FDRE clocked by sys_clk_pin  {rise@0.000ns fall@5.000ns period=10.000ns})
  Path Group:             (none)
  Path Type:              Hold (Min at Fast Process Corner)
  Data Path Delay:        0.824ns  (logic 0.289ns (35.130%)  route 0.535ns (64.870%))
  Logic Levels:           2  (IBUF=1 LUT6=1)
  Clock Path Skew:        2.031ns (DCD - SCD - CPR)
    Destination Clock Delay (DCD):    2.031ns
    Source Clock Delay      (SCD):    0.000ns
    Clock Pessimism Removal (CPR):    -0.000ns

    Location             Delay type                Incr(ns)  Path(ns)    Netlist Resource(s)
  -------------------------------------------------------------------    -------------------
    N17                                               0.000     0.000 r  BTNC (IN)
                         net (fo=0)                   0.000     0.000    BTNC
    N17                  IBUF (Prop_ibuf_I_O)         0.244     0.244 r  BTNC_IBUF_inst/O
                         net (fo=2, routed)           0.535     0.779    Mbooth/u_cu/BTNC_IBUF
    SLICE_X1Y70          LUT6 (Prop_lut6_I1_O)        0.045     0.824 r  Mbooth/u_cu/FSM_sequential_stato_corrente[2]_i_1/O
                         net (fo=1, routed)           0.000     0.824    Mbooth/u_cu/FSM_sequential_stato_corrente[2]_i_1_n_0
    SLICE_X1Y70          FDRE                                         r  Mbooth/u_cu/FSM_sequential_stato_corrente_reg[2]/D
  -------------------------------------------------------------------    -------------------

                         (clock sys_clk_pin rise edge)
                                                      0.000     0.000 r  
    E3                                                0.000     0.000 r  CLK100MHZ (IN)
                         net (fo=0)                   0.000     0.000    CLK100MHZ
    E3                   IBUF (Prop_ibuf_I_O)         0.438     0.438 r  CLK100MHZ_IBUF_inst/O
                         net (fo=1, routed)           0.699     1.136    CLK100MHZ_IBUF
    BUFGCTRL_X0Y16       BUFG (Prop_bufg_I_O)         0.029     1.165 r  CLK100MHZ_IBUF_BUFG_inst/O
                         net (fo=39, routed)          0.866     2.031    Mbooth/u_cu/CLK100MHZ_IBUF_BUFG
    SLICE_X1Y70          FDRE                                         r  Mbooth/u_cu/FSM_sequential_stato_corrente_reg[2]/C

Slack:                    inf
  Source:                 BTND
                            (input port)
  Destination:            Mbooth/u_po/qm1_reg_reg/D
                            (rising edge-triggered cell FDRE clocked by sys_clk_pin  {rise@0.000ns fall@5.000ns period=10.000ns})
  Path Group:             (none)
  Path Type:              Hold (Min at Fast Process Corner)
  Data Path Delay:        0.837ns  (logic 0.293ns (34.991%)  route 0.544ns (65.009%))
  Logic Levels:           2  (IBUF=1 LUT5=1)
  Clock Path Skew:        2.031ns (DCD - SCD - CPR)
    Destination Clock Delay (DCD):    2.031ns
    Source Clock Delay      (SCD):    0.000ns
    Clock Pessimism Removal (CPR):    -0.000ns

    Location             Delay type                Incr(ns)  Path(ns)    Netlist Resource(s)
  -------------------------------------------------------------------    -------------------
    P18                                               0.000     0.000 f  BTND (IN)
                         net (fo=0)                   0.000     0.000    BTND
    P18                  IBUF (Prop_ibuf_I_O)         0.248     0.248 f  BTND_IBUF_inst/O
                         net (fo=29, routed)          0.544     0.792    Mbooth/u_po/BTND_IBUF
    SLICE_X1Y70          LUT5 (Prop_lut5_I4_O)        0.045     0.837 r  Mbooth/u_po/qm1_reg_i_1/O
                         net (fo=1, routed)           0.000     0.837    Mbooth/u_po/qm1_reg_i_1_n_0
    SLICE_X1Y70          FDRE                                         r  Mbooth/u_po/qm1_reg_reg/D
  -------------------------------------------------------------------    -------------------

                         (clock sys_clk_pin rise edge)
                                                      0.000     0.000 r  
    E3                                                0.000     0.000 r  CLK100MHZ (IN)
                         net (fo=0)                   0.000     0.000    CLK100MHZ
    E3                   IBUF (Prop_ibuf_I_O)         0.438     0.438 r  CLK100MHZ_IBUF_inst/O
                         net (fo=1, routed)           0.699     1.136    CLK100MHZ_IBUF
    BUFGCTRL_X0Y16       BUFG (Prop_bufg_I_O)         0.029     1.165 r  CLK100MHZ_IBUF_BUFG_inst/O
                         net (fo=39, routed)          0.866     2.031    Mbooth/u_po/CLK100MHZ_IBUF_BUFG
    SLICE_X1Y70          FDRE                                         r  Mbooth/u_po/qm1_reg_reg/C

Slack:                    inf
  Source:                 SW[14]
                            (input port)
  Destination:            Mbooth/u_po/q_reg_reg[6]_lopt_replica/D
                            (rising edge-triggered cell FDRE clocked by sys_clk_pin  {rise@0.000ns fall@5.000ns period=10.000ns})
  Path Group:             (none)
  Path Type:              Hold (Min at Fast Process Corner)
  Data Path Delay:        0.857ns  (logic 0.322ns (37.612%)  route 0.535ns (62.388%))
  Logic Levels:           2  (IBUF=1 LUT3=1)
  Clock Path Skew:        2.035ns (DCD - SCD - CPR)
    Destination Clock Delay (DCD):    2.035ns
    Source Clock Delay      (SCD):    0.000ns
    Clock Pessimism Removal (CPR):    -0.000ns

    Location             Delay type                Incr(ns)  Path(ns)    Netlist Resource(s)
  -------------------------------------------------------------------    -------------------
    U11                                               0.000     0.000 r  SW[14] (IN)
                         net (fo=0)                   0.000     0.000    SW[14]
    U11                  IBUF (Prop_ibuf_I_O)         0.277     0.277 r  SW_IBUF[14]_inst/O
                         net (fo=1, routed)           0.474     0.751    Mbooth/u_cu/SW_IBUF[6]
    SLICE_X1Y66          LUT3 (Prop_lut3_I0_O)        0.045     0.796 r  Mbooth/u_cu/q_reg[6]_i_1/O
                         net (fo=2, routed)           0.061     0.857    Mbooth/u_po/D[6]
    SLICE_X1Y66          FDRE                                         r  Mbooth/u_po/q_reg_reg[6]_lopt_replica/D
  -------------------------------------------------------------------    -------------------

                         (clock sys_clk_pin rise edge)
                                                      0.000     0.000 r  
    E3                                                0.000     0.000 r  CLK100MHZ (IN)
                         net (fo=0)                   0.000     0.000    CLK100MHZ
    E3                   IBUF (Prop_ibuf_I_O)         0.438     0.438 r  CLK100MHZ_IBUF_inst/O
                         net (fo=1, routed)           0.699     1.136    CLK100MHZ_IBUF
    BUFGCTRL_X0Y16       BUFG (Prop_bufg_I_O)         0.029     1.165 r  CLK100MHZ_IBUF_BUFG_inst/O
                         net (fo=39, routed)          0.870     2.035    Mbooth/u_po/CLK100MHZ_IBUF_BUFG
    SLICE_X1Y66          FDRE                                         r  Mbooth/u_po/q_reg_reg[6]_lopt_replica/C

Slack:                    inf
  Source:                 SW[5]
                            (input port)
  Destination:            Mbooth/u_po/m_reg_reg[5]/D
                            (rising edge-triggered cell FDRE clocked by sys_clk_pin  {rise@0.000ns fall@5.000ns period=10.000ns})
  Path Group:             (none)
  Path Type:              Hold (Min at Fast Process Corner)
  Data Path Delay:        0.887ns  (logic 0.265ns (29.877%)  route 0.622ns (70.123%))
  Logic Levels:           1  (IBUF=1)
  Clock Path Skew:        2.031ns (DCD - SCD - CPR)
    Destination Clock Delay (DCD):    2.031ns
    Source Clock Delay      (SCD):    0.000ns
    Clock Pessimism Removal (CPR):    -0.000ns

    Location             Delay type                Incr(ns)  Path(ns)    Netlist Resource(s)
  -------------------------------------------------------------------    -------------------
    T18                                               0.000     0.000 r  SW[5] (IN)
                         net (fo=0)                   0.000     0.000    SW[5]
    T18                  IBUF (Prop_ibuf_I_O)         0.265     0.265 r  SW_IBUF[5]_inst/O
                         net (fo=1, routed)           0.622     0.887    Mbooth/u_po/SW_IBUF[5]
    SLICE_X0Y70          FDRE                                         r  Mbooth/u_po/m_reg_reg[5]/D
  -------------------------------------------------------------------    -------------------

                         (clock sys_clk_pin rise edge)
                                                      0.000     0.000 r  
    E3                                                0.000     0.000 r  CLK100MHZ (IN)
                         net (fo=0)                   0.000     0.000    CLK100MHZ
    E3                   IBUF (Prop_ibuf_I_O)         0.438     0.438 r  CLK100MHZ_IBUF_inst/O
                         net (fo=1, routed)           0.699     1.136    CLK100MHZ_IBUF
    BUFGCTRL_X0Y16       BUFG (Prop_bufg_I_O)         0.029     1.165 r  CLK100MHZ_IBUF_BUFG_inst/O
                         net (fo=39, routed)          0.866     2.031    Mbooth/u_po/CLK100MHZ_IBUF_BUFG
    SLICE_X0Y70          FDRE                                         r  Mbooth/u_po/m_reg_reg[5]/C

Slack:                    inf
  Source:                 SW[2]
                            (input port)
  Destination:            Mbooth/u_po/m_reg_reg[2]/D
                            (rising edge-triggered cell FDRE clocked by sys_clk_pin  {rise@0.000ns fall@5.000ns period=10.000ns})
  Path Group:             (none)
  Path Type:              Hold (Min at Fast Process Corner)
  Data Path Delay:        0.892ns  (logic 0.253ns (28.367%)  route 0.639ns (71.633%))
  Logic Levels:           1  (IBUF=1)
  Clock Path Skew:        2.031ns (DCD - SCD - CPR)
    Destination Clock Delay (DCD):    2.031ns
    Source Clock Delay      (SCD):    0.000ns
    Clock Pessimism Removal (CPR):    -0.000ns

    Location             Delay type                Incr(ns)  Path(ns)    Netlist Resource(s)
  -------------------------------------------------------------------    -------------------
    M13                                               0.000     0.000 r  SW[2] (IN)
                         net (fo=0)                   0.000     0.000    SW[2]
    M13                  IBUF (Prop_ibuf_I_O)         0.253     0.253 r  SW_IBUF[2]_inst/O
                         net (fo=1, routed)           0.639     0.892    Mbooth/u_po/SW_IBUF[2]
    SLICE_X0Y70          FDRE                                         r  Mbooth/u_po/m_reg_reg[2]/D
  -------------------------------------------------------------------    -------------------

                         (clock sys_clk_pin rise edge)
                                                      0.000     0.000 r  
    E3                                                0.000     0.000 r  CLK100MHZ (IN)
                         net (fo=0)                   0.000     0.000    CLK100MHZ
    E3                   IBUF (Prop_ibuf_I_O)         0.438     0.438 r  CLK100MHZ_IBUF_inst/O
                         net (fo=1, routed)           0.699     1.136    CLK100MHZ_IBUF
    BUFGCTRL_X0Y16       BUFG (Prop_bufg_I_O)         0.029     1.165 r  CLK100MHZ_IBUF_BUFG_inst/O
                         net (fo=39, routed)          0.866     2.031    Mbooth/u_po/CLK100MHZ_IBUF_BUFG
    SLICE_X0Y70          FDRE                                         r  Mbooth/u_po/m_reg_reg[2]/C

Slack:                    inf
  Source:                 SW[7]
                            (input port)
  Destination:            Mbooth/u_po/m_reg_reg[7]/D
                            (rising edge-triggered cell FDRE clocked by sys_clk_pin  {rise@0.000ns fall@5.000ns period=10.000ns})
  Path Group:             (none)
  Path Type:              Hold (Min at Fast Process Corner)
  Data Path Delay:        0.902ns  (logic 0.275ns (30.555%)  route 0.626ns (69.445%))
  Logic Levels:           1  (IBUF=1)
  Clock Path Skew:        2.032ns (DCD - SCD - CPR)
    Destination Clock Delay (DCD):    2.032ns
    Source Clock Delay      (SCD):    0.000ns
    Clock Pessimism Removal (CPR):    -0.000ns

    Location             Delay type                Incr(ns)  Path(ns)    Netlist Resource(s)
  -------------------------------------------------------------------    -------------------
    R13                                               0.000     0.000 r  SW[7] (IN)
                         net (fo=0)                   0.000     0.000    SW[7]
    R13                  IBUF (Prop_ibuf_I_O)         0.275     0.275 r  SW_IBUF[7]_inst/O
                         net (fo=1, routed)           0.626     0.902    Mbooth/u_po/SW_IBUF[7]
    SLICE_X0Y69          FDRE                                         r  Mbooth/u_po/m_reg_reg[7]/D
  -------------------------------------------------------------------    -------------------

                         (clock sys_clk_pin rise edge)
                                                      0.000     0.000 r  
    E3                                                0.000     0.000 r  CLK100MHZ (IN)
                         net (fo=0)                   0.000     0.000    CLK100MHZ
    E3                   IBUF (Prop_ibuf_I_O)         0.438     0.438 r  CLK100MHZ_IBUF_inst/O
                         net (fo=1, routed)           0.699     1.136    CLK100MHZ_IBUF
    BUFGCTRL_X0Y16       BUFG (Prop_bufg_I_O)         0.029     1.165 r  CLK100MHZ_IBUF_BUFG_inst/O
                         net (fo=39, routed)          0.867     2.032    Mbooth/u_po/CLK100MHZ_IBUF_BUFG
    SLICE_X0Y69          FDRE                                         r  Mbooth/u_po/m_reg_reg[7]/C

Slack:                    inf
  Source:                 SW[1]
                            (input port)
  Destination:            Mbooth/u_po/m_reg_reg[1]/D
                            (rising edge-triggered cell FDRE clocked by sys_clk_pin  {rise@0.000ns fall@5.000ns period=10.000ns})
  Path Group:             (none)
  Path Type:              Hold (Min at Fast Process Corner)
  Data Path Delay:        0.941ns  (logic 0.247ns (26.286%)  route 0.694ns (73.714%))
  Logic Levels:           1  (IBUF=1)
  Clock Path Skew:        2.032ns (DCD - SCD - CPR)
    Destination Clock Delay (DCD):    2.032ns
    Source Clock Delay      (SCD):    0.000ns
    Clock Pessimism Removal (CPR):    -0.000ns

    Location             Delay type                Incr(ns)  Path(ns)    Netlist Resource(s)
  -------------------------------------------------------------------    -------------------
    L16                                               0.000     0.000 r  SW[1] (IN)
                         net (fo=0)                   0.000     0.000    SW[1]
    L16                  IBUF (Prop_ibuf_I_O)         0.247     0.247 r  SW_IBUF[1]_inst/O
                         net (fo=1, routed)           0.694     0.941    Mbooth/u_po/SW_IBUF[1]
    SLICE_X0Y69          FDRE                                         r  Mbooth/u_po/m_reg_reg[1]/D
  -------------------------------------------------------------------    -------------------

                         (clock sys_clk_pin rise edge)
                                                      0.000     0.000 r  
    E3                                                0.000     0.000 r  CLK100MHZ (IN)
                         net (fo=0)                   0.000     0.000    CLK100MHZ
    E3                   IBUF (Prop_ibuf_I_O)         0.438     0.438 r  CLK100MHZ_IBUF_inst/O
                         net (fo=1, routed)           0.699     1.136    CLK100MHZ_IBUF
    BUFGCTRL_X0Y16       BUFG (Prop_bufg_I_O)         0.029     1.165 r  CLK100MHZ_IBUF_BUFG_inst/O
                         net (fo=39, routed)          0.867     2.032    Mbooth/u_po/CLK100MHZ_IBUF_BUFG
    SLICE_X0Y69          FDRE                                         r  Mbooth/u_po/m_reg_reg[1]/C





